Mode	X(mm)	Y(mm)	Z(mm)	Pmod	Time(s)
1	0	0	0	0	1.00E-04
0	0	0	5	1	6.00E-02
0	96.0750	99.6150	5	1	1.06E+00
0	96.0750	99.6150	0.3500	1	3.58E-02
0	95.8730	99.5130	0.3500	1	2.26E-02
0	95.0950	99.5200	0.3500	1	7.78E-02
0	95.0970	98.9640	0.3500	1	5.56E-02
0	95.1480	98.9270	0.3500	1	6.30E-03
0	95.8530	98.8890	0.3500	1	7.06E-02
0	100.0700	98.6170	0.3500	1	4.23E-01
0	100.6990	98.7090	0.3500	1	6.36E-02
0	101.1920	98.8820	0.3500	1	5.22E-02
0	101.6980	99.1790	0.3500	1	5.87E-02
0	102.0690	99.5050	0.3500	1	4.94E-02
0	102.4400	99.9960	0.3500	1	6.15E-02
0	102.2990	100.2080	0.3500	1	2.55E-02
0	101.8860	100.6650	0.3500	1	6.16E-02
0	101.4770	100.9640	0.3500	1	5.07E-02
0	100.9940	101.2000	0.3500	1	5.38E-02
0	100.4860	101.3350	0.3500	1	5.26E-02
0	99.9810	101.3810	0.3500	1	5.07E-02
0	95.8520	101.1110	0.3500	1	4.14E-01
0	95.1460	101.0730	0.3500	1	7.07E-02
0	95.0950	101.0280	0.3500	1	6.80E-03
0	95.0940	100.4800	0.3500	1	5.48E-02
0	95.8730	100.4870	0.3500	1	7.79E-02
0	96.1250	100.3590	0.3500	1	2.83E-02
0	96.1850	100.1750	0.3500	1	1.94E-02
0	96.1850	99.8250	0.3500	1	3.50E-02
0	96.1260	99.6440	0.3500	1	1.90E-02
0	100.8430	98.9470	0.3500	1	3.67E-02
0	101.7470	99.8510	0.3500	1	1.28E-01
0	101.8720	100.0010	0.3500	1	1.95E-02
0	101.5240	100.3640	0.3500	1	5.03E-02
0	101.4240	100.4330	0.3500	1	1.21E-02
0	100.0880	99.0970	0.3500	1	1.89E-01
0	99.2360	99.1490	0.3500	1	8.54E-02
0	100.8430	100.7560	0.3500	1	2.27E-01
0	100.6150	100.8320	0.3500	1	2.40E-02
0	100.3110	100.8910	0.3500	1	3.10E-02
0	100.0870	100.9050	0.3500	1	2.24E-02
0	98.3840	99.2020	0.3500	1	2.41E-01
0	97.5310	99.2550	0.3500	1	8.55E-02
0	99.1320	100.8550	0.3500	1	2.26E-01
0	98.1630	100.7910	0.3500	1	9.71E-02
0	96.6790	99.3070	0.3500	1	2.10E-01
0	96.4970	99.3190	0.3500	1	1.82E-02
0	96.6540	99.8000	0.3500	1	5.06E-02
0	96.6540	100.1870	0.3500	1	3.87E-02
0	97.4950	101.0280	0.3500	1	1.19E-01
0	97.4950	101.0280	0.4000	1	3.85E-04
0	95.9830	99.6560	0.4000	1	1.57E-02
0	95.8410	99.5830	0.4000	1	1.25E-02
0	94.8830	99.5830	0.4000	1	7.49E-02
0	94.9040	98.7730	0.4000	1	6.34E-02
0	95.0260	98.7070	0.4000	1	1.09E-02
0	100.0630	98.3480	0.4000	1	3.95E-01
0	100.7610	98.4450	0.4000	1	5.51E-02
0	101.2750	98.6080	0.4000	1	4.22E-02
0	101.7430	98.8590	0.4000	1	4.15E-02
0	102.1560	99.1670	0.4000	1	4.03E-02
0	102.5570	99.5840	0.4000	1	4.53E-02
0	102.8260	100.0100	0.4000	1	3.94E-02
0	102.5560	100.4210	0.4000	1	3.85E-02
0	102.1660	100.8310	0.4000	1	4.43E-02
0	101.7120	101.1670	0.4000	1	4.42E-02
0	101.1940	101.4170	0.4000	1	4.50E-02
0	100.5380	101.5990	0.4000	1	5.33E-02
0	100.0030	101.6500	0.4000	1	4.20E-02
0	95.8070	101.3490	0.4000	1	3.29E-01
0	94.9430	101.2670	0.4000	1	6.79E-02
0	94.8830	101.1480	0.4000	1	1.04E-02
0	94.8830	100.4170	0.4000	1	5.72E-02
0	95.8400	100.4170	0.4000	1	7.49E-02
0	96.0180	100.3270	0.4000	1	1.56E-02
0	96.0600	100.1970	0.4000	1	1.07E-02
0	96.0600	99.8030	0.4000	1	3.08E-02
0	96.0250	99.6930	0.4000	1	9.03E-03
0	99.2790	98.7340	0.4000	1	2.61E-02
0	96.3020	98.9460	0.4000	1	2.33E-01
0	96.0520	98.9430	0.4000	1	1.96E-02
0	95.8020	98.9400	0.4000	1	1.96E-02
0	95.1640	98.9770	0.4000	1	5.00E-02
0	95.1630	99.3040	0.4000	1	2.56E-02
0	95.8140	99.2950	0.4000	1	5.09E-02
0	95.9030	99.2980	0.4000	1	6.97E-03
0	96.2050	99.4260	0.4000	1	2.57E-02
0	96.3140	99.5530	0.4000	1	1.31E-02
0	96.3900	99.8200	0.4000	1	2.17E-02
0	96.3790	100.2480	0.4000	1	3.35E-02
0	96.3130	100.4500	0.4000	1	1.66E-02
0	96.2140	100.5720	0.4000	1	1.23E-02
0	96.0440	100.6380	0.4000	1	1.43E-02
0	95.8740	100.7040	0.4000	1	1.43E-02
0	95.3310	100.6960	0.4000	1	4.25E-02
0	95.1620	100.6960	0.4000	1	1.32E-02
0	95.1620	101.0230	0.4000	1	2.56E-02
0	95.8440	101.0620	0.4000	1	5.34E-02
0	96.2930	101.0740	0.4000	1	3.51E-02
0	96.7410	101.0860	0.4000	1	3.51E-02
0	100.0040	101.3200	0.4000	1	2.56E-01
0	100.6920	101.2320	0.4000	1	5.43E-02
0	101.1770	101.0740	0.4000	1	3.99E-02
0	101.6020	100.8380	0.4000	1	3.80E-02
0	102.0730	100.4510	0.4000	1	4.77E-02
0	102.4440	99.9970	0.4000	1	4.59E-02
0	102.0880	99.5520	0.4000	1	4.46E-02
0	101.7430	99.2550	0.4000	1	3.56E-02
0	101.2290	98.9540	0.4000	1	4.66E-02
0	100.6940	98.7680	0.4000	1	4.43E-02
0	100.1210	98.6880	0.4000	1	4.53E-02
0	99.4980	98.7180	0.4000	1	4.88E-02
0	99.5290	99.1570	0.4000	1	3.44E-02
0	100.0890	99.1260	0.4000	1	4.39E-02
0	100.6060	99.1980	0.4000	1	4.08E-02
0	101.0340	99.3470	0.4000	1	3.55E-02
0	101.5240	99.6370	0.4000	1	4.45E-02
0	101.8970	99.9990	0.4000	1	4.07E-02
0	101.5180	100.3540	0.4000	1	4.06E-02
0	101.0470	100.6460	0.4000	1	4.34E-02
0	100.6040	100.8010	0.4000	1	3.67E-02
0	100.0050	100.8790	0.4000	1	4.73E-02
0	96.6860	100.6410	0.4000	1	2.60E-01
0	96.7310	100.5860	0.4000	1	5.56E-03
0	96.8290	100.1800	0.4000	1	3.27E-02
0	96.7970	99.6160	0.4000	1	4.42E-02
0	96.6830	99.3600	0.4000	1	2.19E-02
0	99.3100	99.1720	0.4000	1	2.06E-01
0	99.5600	99.5950	0.4000	1	3.84E-02
0	99.9750	99.5650	0.4000	1	3.25E-02
0	100.3130	99.5860	0.4000	1	2.65E-02
0	100.8250	99.7340	0.4000	1	4.17E-02
0	101.2660	99.9940	0.4000	1	4.00E-02
0	101.0800	100.1320	0.4000	1	1.81E-02
0	100.7920	100.2780	0.4000	1	2.53E-02
0	100.2410	100.4230	0.4000	1	4.46E-02
0	99.5600	100.4070	0.4000	1	5.33E-02
0	99.4620	100.3800	0.4000	1	7.95E-03
0	99.3640	100.3530	0.4000	1	7.95E-03
0	99.2660	100.3260	0.4000	1	7.95E-03
0	99.1680	100.2990	0.4000	1	7.95E-03
0	98.5390	100.2770	0.4000	1	4.92E-02
0	97.9100	100.2540	0.4000	1	4.92E-02
0	97.2810	100.2310	0.4000	1	4.92E-02
0	97.2820	99.7780	0.4000	1	3.54E-02
0	97.5110	99.7610	0.4000	1	1.80E-02
0	98.0630	99.7420	0.4000	1	4.32E-02
0	98.6160	99.7220	0.4000	1	4.33E-02
0	99.1680	99.7020	0.4000	1	4.32E-02
0	99.2580	99.6780	0.4000	1	7.29E-03
0	99.3480	99.6530	0.4000	1	7.31E-03
0	99.4090	99.7400	0.4000	1	8.31E-03
0	99.4690	99.8270	0.4000	1	8.27E-03
0	99.5290	99.9140	0.4000	1	8.27E-03
0	99.5890	100.0010	0.4000	1	8.27E-03
0	100.2130	100	0.4000	1	4.88E-02
0	100.2130	100	0.4500	1	3.85E-04
0	95.9820	99.6770	0.4500	1	3.26E-02
0	95.8410	99.6050	0.4500	1	1.21E-02
0	94.8600	99.6050	0.4500	1	7.53E-02
0	94.8830	98.7440	0.4500	1	6.61E-02
0	95.0020	98.6820	0.4500	1	1.03E-02
0	100.0440	98.3120	0.4500	1	3.88E-01
0	100.7820	98.4140	0.4500	1	5.72E-02
0	101.2960	98.5760	0.4500	1	4.13E-02
0	101.7920	98.8420	0.4500	1	4.32E-02
0	102.1980	99.1470	0.4500	1	3.90E-02
0	102.6130	99.5760	0.4500	1	4.58E-02
0	102.8880	100.0140	0.4500	1	3.97E-02
0	102.6080	100.4340	0.4500	1	3.87E-02
0	102.2080	100.8540	0.4500	1	4.45E-02
0	101.7650	101.1820	0.4500	1	4.23E-02
0	101.2200	101.4470	0.4500	1	4.65E-02
0	100.5720	101.6300	0.4500	1	5.17E-02
0	99.9930	101.6850	0.4500	1	4.46E-02
0	95.8050	101.3770	0.4500	1	3.22E-01
0	94.9410	101.3010	0.4500	1	6.65E-02
0	94.8600	101.1840	0.4500	1	1.09E-02
0	94.8590	100.3950	0.4500	1	6.05E-02
0	95.8410	100.3950	0.4500	1	7.53E-02
0	96.0180	100.3040	0.4500	1	1.53E-02
0	96.0600	100	0.4500	1	2.35E-02
0	96.0210	99.7150	0.4500	1	2.21E-02
0	95.1510	100.6870	0.4500	1	1.00E-02
0	95.3330	100.6860	0.4500	1	1.40E-02
0	95.8740	100.6950	0.4500	1	4.15E-02
0	96.0440	100.6220	0.4500	1	1.42E-02
0	96.2140	100.5500	0.4500	1	1.42E-02
0	96.3130	100.4270	0.4500	1	1.21E-02
0	96.3790	100.2260	0.4500	1	1.62E-02
0	96.3900	99.8420	0.4500	1	2.95E-02
0	96.3140	99.5760	0.4500	1	2.12E-02
0	96.2050	99.4480	0.4500	1	1.29E-02
0	96.0100	99.3760	0.4500	1	1.59E-02
0	95.8140	99.3050	0.4500	1	1.60E-02
0	95.1520	99.3130	0.4500	1	5.08E-02
0	95.1530	98.9630	0.4500	1	2.69E-02
0	95.8000	98.9240	0.4500	1	4.97E-02
0	96.0560	98.9200	0.4500	1	1.96E-02
0	96.3120	98.9160	0.4500	1	1.96E-02
0	100.1010	98.6510	0.4500	1	2.91E-01
0	100.7170	98.7370	0.4500	1	4.77E-02
0	101.2680	98.9300	0.4500	1	4.48E-02
0	101.7760	99.2270	0.4500	1	4.51E-02
0	102.1470	99.5470	0.4500	1	3.76E-02
0	102.5050	99.9950	0.4500	1	4.40E-02
0	102.3920	100.1640	0.4500	1	1.56E-02
0	102.0360	100.5560	0.4500	1	4.06E-02
0	101.5890	100.9020	0.4500	1	4.34E-02
0	101.1090	101.1370	0.4500	1	4.10E-02
0	100.5050	101.3070	0.4500	1	4.81E-02
0	99.9940	101.3550	0.4500	1	3.94E-02
0	96.3100	101.0980	0.4500	1	2.83E-01
0	95.8420	101.0780	0.4500	1	3.59E-02
0	95.1520	101.0370	0.4500	1	5.30E-02
0	95.1510	100.9060	0.4500	1	1.01E-02
0	96.7500	99.5160	0.4500	1	1.63E-02
0	96.8290	99.8420	0.4500	1	2.57E-02
0	96.7970	100.3620	0.4500	1	4.00E-02
0	96.7310	100.5630	0.4500	1	1.62E-02
0	96.6450	100.6680	0.4500	1	1.04E-02
0	99.9950	100.9150	0.4500	1	2.58E-01
0	100.6350	100.8310	0.4500	1	4.95E-02
0	101.0900	100.6690	0.4500	1	3.71E-02
0	101.5530	100.3820	0.4500	1	4.18E-02
0	101.9610	99.9990	0.4500	1	4.29E-02
0	101.8190	99.8380	0.4500	1	1.65E-02
0	101.3660	99.4820	0.4500	1	4.42E-02
0	100.9520	99.2710	0.4500	1	3.57E-02
0	100.4090	99.1220	0.4500	1	4.32E-02
0	99.9300	99.0910	0.4500	1	3.68E-02
0	96.6400	99.3320	0.4500	1	2.53E-01
0	97.2930	99.7620	0.4500	1	6.00E-02
0	97.5440	99.7440	0.4500	1	1.93E-02
0	98.1160	99.7230	0.4500	1	4.39E-02
0	98.6880	99.7020	0.4500	1	4.39E-02
0	98.7860	99.6750	0.4500	1	7.80E-03
0	98.8840	99.6480	0.4500	1	7.80E-03
0	98.9820	99.6210	0.4500	1	7.80E-03
0	99.0800	99.5940	0.4500	1	7.80E-03
0	100.0420	99.5280	0.4500	1	7.40E-02
0	100.5420	99.5980	0.4500	1	3.87E-02
0	100.8770	99.7170	0.4500	1	2.73E-02
0	101.3350	99.9970	0.4500	1	4.12E-02
0	101.0620	100.1870	0.4500	1	2.55E-02
0	100.5450	100.4010	0.4500	1	4.29E-02
0	99.9950	100.4740	0.4500	1	4.26E-02
0	99.0800	100.4070	0.4500	1	7.04E-02
0	98.9820	100.3800	0.4500	1	7.80E-03
0	98.8840	100.3530	0.4500	1	7.80E-03
0	98.7860	100.3260	0.4500	1	7.80E-03
0	98.6870	100.2990	0.4500	1	7.87E-03
0	97.9900	100.2730	0.4500	1	5.35E-02
0	97.2930	100.2470	0.4500	1	5.35E-02
0	97.2930	99.9820	0.4500	1	2.03E-02
0	99.1090	100	0.4500	1	1.40E-02
0	99.4050	100	0.4500	1	2.27E-02
0	99.7010	100	0.4500	1	2.27E-02
0	100.2170	99.9990	0.4500	1	3.96E-02
0	100.2170	99.9990	0.5000	1	3.85E-04
0	95.9830	99.7210	0.5000	1	3.26E-02
0	95.8400	99.6490	0.5000	1	1.20E-02
0	94.8370	99.6490	0.5000	1	7.50E-02
0	94.8600	98.7260	0.5000	1	6.91E-02
0	94.9790	98.6560	0.5000	1	1.03E-02
0	100.0550	98.2760	0.5000	1	3.81E-01
0	100.8020	98.3810	0.5000	1	5.64E-02
0	101.3410	98.5540	0.5000	1	4.24E-02
0	101.8430	98.8260	0.5000	1	4.27E-02
0	102.2420	99.1290	0.5000	1	3.75E-02
0	102.6680	99.5660	0.5000	1	4.57E-02
0	102.9470	100.0100	0.5000	1	3.92E-02
0	102.6200	100.4880	0.5000	1	4.33E-02
0	102.1720	100.9330	0.5000	1	4.72E-02
0	101.6710	101.2750	0.5000	1	4.54E-02
0	101.0500	101.5480	0.5000	1	5.07E-02
0	100.4900	101.6850	0.5000	1	4.31E-02
0	99.9830	101.7210	0.5000	1	3.80E-02
0	95.8010	101.4060	0.5000	1	3.14E-01
0	94.9090	101.3220	0.5000	1	6.70E-02
0	94.8370	101.2100	0.5000	1	9.96E-03
0	94.8360	100.3510	0.5000	1	6.43E-02
0	95.8410	100.3510	0.5000	1	7.52E-02
0	96.0180	100.2610	0.5000	1	1.49E-02
0	96.0600	100.0010	0.5000	1	1.97E-02
0	96.0210	99.7600	0.5000	1	1.83E-02
0	99.7960	98.6260	0.5000	1	3.03E-02
0	95.7990	98.9140	0.5000	1	3.00E-01
0	95.1480	98.9540	0.5000	1	4.88E-02
0	95.1470	99.3390	0.5000	1	2.88E-02
0	95.8140	99.3300	0.5000	1	4.99E-02
0	96.2050	99.4920	0.5000	1	3.17E-02
0	96.3140	99.6200	0.5000	1	1.26E-02
0	96.3900	99.8860	0.5000	1	2.07E-02
0	96.3790	100.1820	0.5000	1	2.22E-02
0	96.3130	100.3830	0.5000	1	1.58E-02
0	96.2140	100.5060	0.5000	1	1.18E-02
0	95.8550	100.6690	0.5000	1	2.95E-02
0	95.3460	100.6600	0.5000	1	3.81E-02
0	95.1460	100.6610	0.5000	1	1.50E-02
0	95.1470	101.0460	0.5000	1	2.88E-02
0	95.8400	101.0880	0.5000	1	5.19E-02
0	99.9840	101.3910	0.5000	1	3.11E-01
0	100.5380	101.3380	0.5000	1	4.16E-02
0	101.1110	101.1750	0.5000	1	4.46E-02
0	101.5720	100.9540	0.5000	1	3.82E-02
0	102.0310	100.6270	0.5000	1	4.22E-02
0	102.3820	100.2600	0.5000	1	3.80E-02
0	102.5660	99.9960	0.5000	1	2.41E-02
0	102.2160	99.5510	0.5000	1	4.24E-02
0	101.7900	99.1940	0.5000	1	4.16E-02
0	101.2060	98.8560	0.5000	1	5.05E-02
0	100.5250	98.6610	0.5000	1	5.30E-02
0	100.0150	98.6100	0.5000	1	3.83E-02
0	98.6010	99.1560	0.5000	1	1.17E-02
0	100.0400	99.0480	0.5000	1	1.08E-01
0	100.7060	99.1460	0.5000	1	5.04E-02
0	101.1560	99.3340	0.5000	1	3.65E-02
0	101.6460	99.6290	0.5000	1	4.28E-02
0	102.0240	99.9990	0.5000	1	3.96E-02
0	101.6170	100.3880	0.5000	1	4.21E-02
0	101.1320	100.6920	0.5000	1	4.28E-02
0	100.6560	100.8630	0.5000	1	3.78E-02
0	99.9850	100.9500	0.5000	1	5.06E-02
0	96.5890	100.6950	0.5000	1	2.55E-01
0	96.7310	100.5190	0.5000	1	1.69E-02
0	96.7970	100.3180	0.5000	1	1.58E-02
0	96.8290	99.8860	0.5000	1	3.24E-02
0	96.7320	99.4840	0.5000	1	3.09E-02
0	96.5810	99.3070	0.5000	1	1.74E-02
0	98.3820	99.1720	0.5000	1	1.35E-01
0	98.6340	99.5940	0.5000	1	3.68E-02
0	100.0290	99.4900	0.5000	1	1.05E-01
0	100.5600	99.5650	0.5000	1	4.01E-02
0	100.9350	99.7140	0.5000	1	3.02E-02
0	101.4030	100	0.5000	1	4.10E-02
0	100.9250	100.3040	0.5000	1	4.24E-02
0	100.5640	100.4330	0.5000	1	2.87E-02
0	99.9850	100.5100	0.5000	1	4.37E-02
0	98.6340	100.4080	0.5000	1	1.01E-01
0	98.5360	100.3810	0.5000	1	7.60E-03
0	98.4380	100.3530	0.5000	1	7.63E-03
0	98.3400	100.3260	0.5000	1	7.60E-03
0	98.2420	100.2990	0.5000	1	7.60E-03
0	97.3000	100.2530	0.5000	1	7.06E-02
0	97.3220	100.1140	0.5000	1	1.05E-02
0	97.3010	99.7480	0.5000	1	2.74E-02
0	97.5760	99.7270	0.5000	1	2.06E-02
0	98.2420	99.7030	0.5000	1	4.99E-02
0	98.3320	99.6780	0.5000	1	6.99E-03
0	98.4220	99.6530	0.5000	1	6.99E-03
0	98.5030	99.7690	0.5000	1	1.06E-02
0	98.5830	99.8850	0.5000	1	1.05E-02
0	98.6640	100.0010	0.5000	1	1.06E-02
0	98.9950	100.0010	0.5000	1	2.48E-02
0	99.3250	100.0010	0.5000	1	2.47E-02
0	99.6560	100.0010	0.5000	1	2.48E-02
0	100.2260	99.9990	0.5000	1	4.26E-02
0	100.2260	99.9990	0.5500	1	3.85E-04
0	94.8700	101.3280	0.5500	1	4.24E-02
0	94.8130	101.1980	0.5500	1	1.10E-02
0	94.8130	98.7060	0.5500	1	1.94E-01
0	94.9560	98.6300	0.5500	1	1.26E-02
0	100.0450	98.2410	0.5500	1	3.97E-01
0	100.7750	98.3370	0.5500	1	5.72E-02
0	101.3010	98.4960	0.5500	1	4.27E-02
0	101.7960	98.7470	0.5500	1	4.31E-02
0	102.3670	99.1760	0.5500	1	5.55E-02
0	102.7310	99.5650	0.5500	1	4.14E-02
0	103.0080	100.0050	0.5500	1	4.04E-02
0	102.5910	100.6000	0.5500	1	5.65E-02
0	102.1330	101.0260	0.5500	1	4.86E-02
0	101.4700	101.4300	0.5500	1	6.03E-02
0	100.8950	101.6310	0.5500	1	4.73E-02
0	100.3640	101.7290	0.5500	1	4.20E-02
0	99.7400	101.7470	0.5500	1	4.85E-02
0	94.9060	101.3660	0.5500	1	3.77E-01
0	95.0220	101.1650	0.5500	1	1.79E-03
0	95.8900	101.1990	0.5500	1	6.75E-02
0	96.3520	101.1500	0.5500	1	3.61E-02
0	96.6580	100.9370	0.5500	1	2.90E-02
0	96.9170	100.5070	0.5500	1	3.90E-02
0	96.9910	100.0860	0.5500	1	3.32E-02
0	96.9410	99.5640	0.5500	1	4.08E-02
0	96.6930	99.1030	0.5500	1	4.07E-02
0	96.3600	98.8530	0.5500	1	3.24E-02
0	100.0420	98.5720	0.5500	1	2.87E-01
0	100.7960	98.6770	0.5500	1	5.92E-02
0	101.3130	98.8680	0.5500	1	4.28E-02
0	101.8230	99.1580	0.5500	1	4.56E-02
0	102.3320	99.6150	0.5500	1	5.32E-02
0	102.6130	99.9960	0.5500	1	3.68E-02
0	102.3410	100.3830	0.5500	1	3.68E-02
0	101.9340	100.7620	0.5500	1	4.32E-02
0	101.4220	101.0730	0.5500	1	4.66E-02
0	101.0050	101.2550	0.5500	1	3.54E-02
0	100.4750	101.3890	0.5500	1	4.25E-02
0	99.7500	101.4180	0.5500	1	5.64E-02
0	96.5710	101.1670	0.5500	1	2.48E-01
0	97.3370	99.4320	0.5500	1	1.46E-02
0	97.4010	99.6190	0.5500	1	1.54E-02
0	97.4210	100.2750	0.5500	1	5.10E-02
0	97.3020	100.7180	0.5500	1	3.57E-02
0	97.2680	100.7810	0.5500	1	5.56E-03
0	99.7590	100.9780	0.5500	1	1.94E-01
0	100.4170	100.9520	0.5500	1	5.12E-02
0	100.9980	100.7880	0.5500	1	4.69E-02
0	101.5710	100.4690	0.5500	1	5.10E-02
0	101.9970	100.1030	0.5500	1	4.37E-02
0	102.0790	99.9910	0.5500	1	1.08E-02
0	101.8990	99.7910	0.5500	1	2.09E-02
0	101.3770	99.3920	0.5500	1	5.11E-02
0	100.8090	99.1440	0.5500	1	4.82E-02
0	100.2850	99.0330	0.5500	1	4.16E-02
0	99.7040	99.0380	0.5500	1	4.52E-02
0	97.2650	99.2250	0.5500	1	1.90E-01
0	97.8420	99.6210	0.5500	1	5.44E-02
0	100.0260	99.4540	0.5500	1	1.70E-01
0	100.6030	99.5380	0.5500	1	4.53E-02
0	101.1080	99.7440	0.5500	1	4.24E-02
0	101.4660	99.9970	0.5500	1	3.41E-02
0	101.3420	100.0940	0.5500	1	1.22E-02
0	100.8410	100.3770	0.5500	1	4.47E-02
0	100.3590	100.5140	0.5500	1	3.89E-02
0	99.7680	100.5380	0.5500	1	4.60E-02
0	97.8720	100.3880	0.5500	1	1.48E-01
0	97.8520	100.3610	0.5500	1	2.61E-03
0	97.8450	99.8410	0.5500	1	4.04E-02
0	98.2820	100.0040	0.5500	1	3.62E-02
0	98.5810	100.0040	0.5500	1	2.32E-02
0	98.8800	100.0050	0.5500	1	2.32E-02
0	99.1800	100.0050	0.5500	1	2.33E-02
0	99.4790	100.0050	0.5500	1	2.32E-02
0	100.2220	99.9950	0.5500	1	5.78E-02
0	95.9220	98.8030	0.5500	1	3.43E-02
0	95.0220	98.8350	0.5500	1	7.00E-02
0	95.1540	101.0430	0.5500	1	1.70E-02
0	95.1540	99.1590	0.5500	1	3.14E-02
0	95.6170	99.1590	0.5500	1	7.72E-03
0	95.6170	100.8410	0.5500	1	2.80E-02
0	95.8930	100.8370	0.5500	1	4.60E-03
0	96.0800	100.7840	0.5500	1	3.24E-03
0	96.0800	99.2160	0.5500	1	2.61E-02
0	96.2250	99.2820	0.5500	1	2.66E-03
0	96.3510	99.3790	0.5500	1	2.65E-03
0	96.4330	99.4930	0.5500	1	2.34E-03
0	96.5170	99.6890	0.5500	1	3.55E-03
0	96.5430	99.7990	0.5500	1	1.88E-03
0	96.5430	100.7060	0.5500	1	1.51E-02
0	96.5430	100.7060	0.6000	1	3.85E-04
0	94.8440	101.3400	0.6000	1	1.39E-02
0	94.7900	101.2240	0.6000	1	8.93E-03
0	94.7910	98.6820	0.6000	1	1.77E-01
0	94.9340	98.6050	0.6000	1	1.13E-02
0	99.7190	98.2190	0.6000	1	3.35E-01
0	100.3100	98.2350	0.6000	1	4.12E-02
0	100.9060	98.3270	0.6000	1	4.21E-02
0	101.4230	98.5130	0.6000	1	3.83E-02
0	101.9240	98.7830	0.6000	1	3.97E-02
0	102.4200	99.1650	0.6000	1	4.37E-02
0	102.7800	99.5500	0.6000	1	3.68E-02
0	103.0690	100	0.6000	1	3.73E-02
0	102.8410	100.3710	0.6000	1	3.04E-02
0	102.4240	100.8360	0.6000	1	4.36E-02
0	101.9310	101.2210	0.6000	1	4.36E-02
0	101.3870	101.5020	0.6000	1	4.27E-02
0	100.9020	101.6670	0.6000	1	3.57E-02
0	100.3960	101.7620	0.6000	1	3.59E-02
0	99.7280	101.7820	0.6000	1	4.66E-02
0	94.8720	101.3900	0.6000	1	3.40E-01
0	99.7350	98.5570	0.6000	1	4.33E-02
0	100.3010	98.5650	0.6000	1	3.95E-02
0	100.8230	98.6470	0.6000	1	3.69E-02
0	101.3720	98.8540	0.6000	1	4.09E-02
0	101.8820	99.1500	0.6000	1	4.11E-02
0	102.2770	99.4840	0.6000	1	3.61E-02
0	102.6880	99.9960	0.6000	1	4.58E-02
0	102.5050	100.2520	0.6000	1	2.20E-02
0	102.1410	100.6390	0.6000	1	3.71E-02
0	101.5780	101.0390	0.6000	1	4.82E-02
0	101.0180	101.2890	0.6000	1	4.28E-02
0	100.4750	101.4250	0.6000	1	3.91E-02
0	99.7390	101.4520	0.6000	1	5.14E-02
0	95.1200	101.0800	0.6000	1	3.23E-01
0	95.1200	98.9200	0.6000	1	1.51E-01
0	99.5170	98.5740	0.6000	1	3.08E-01
0	99.5510	99.0120	0.6000	1	3.07E-02
0	95.5590	99.3260	0.6000	1	2.79E-01
0	95.5590	100.6750	0.6000	1	9.41E-02
0	99.7490	101.0120	0.6000	1	2.93E-01
0	100.4190	100.9870	0.6000	1	4.68E-02
0	101.0200	100.8190	0.6000	1	4.35E-02
0	101.5060	100.5770	0.6000	1	3.79E-02
0	101.9190	100.2480	0.6000	1	3.68E-02
0	102.1460	99.9940	0.6000	1	2.38E-02
0	101.7000	99.5610	0.6000	1	4.34E-02
0	101.1820	99.2500	0.6000	1	4.22E-02
0	100.7110	99.0720	0.6000	1	3.51E-02
0	100.2890	99.0040	0.6000	1	2.98E-02
0	99.7700	98.9950	0.6000	1	3.62E-02
0	99.5570	99.9250	0.6000	1	7.34E-03
0	99.4980	99.9520	0.6000	1	4.53E-03
0	99.4390	99.9780	0.6000	1	4.50E-03
0	99.3810	100.0040	0.6000	1	4.43E-03
0	99.4480	100.0330	0.6000	1	5.09E-03
0	99.5160	100.0620	0.6000	1	5.16E-03
0	99.5840	100.0910	0.6000	1	5.16E-03
0	99.6520	100.1200	0.6000	1	5.16E-03
0	99.7190	100.1490	0.6000	1	5.09E-03
0	99.7870	100.1770	0.6000	1	5.13E-03
0	100.2970	100.1640	0.6000	1	3.56E-02
0	100.8230	100.0100	0.6000	1	3.82E-02
0	100.4930	99.8720	0.6000	1	2.50E-02
0	100.2670	99.8300	0.6000	1	1.60E-02
0	99.7570	99.8360	0.6000	1	3.56E-02
0	99.6940	99.8640	0.6000	1	4.81E-03
0	99.6320	99.8920	0.6000	1	4.75E-03
0	99.5690	99.9200	0.6000	1	4.81E-03
0	99.5060	99.9480	0.6000	1	4.81E-03
0	99.4430	99.9760	0.6000	1	4.81E-03
0	99.3810	100.0040	0.6000	1	4.75E-03
0	99.1150	100.0040	0.6000	1	1.86E-02
0	98.8490	100.0040	0.6000	1	1.86E-02
0	98.5840	100.0030	0.6000	1	1.85E-02
0	98.3180	100.0030	0.6000	1	1.86E-02
0	98.0530	100.0030	0.6000	1	1.85E-02
0	97.7870	100.0030	0.6000	1	1.86E-02
0	97.7060	99.8860	0.6000	1	9.93E-03
0	97.6250	99.7700	0.6000	1	9.87E-03
0	97.5440	99.6540	0.6000	1	9.87E-03
0	97.4540	99.6790	0.6000	1	6.52E-03
0	97.3640	99.7040	0.6000	1	6.52E-03
0	96.8160	99.7260	0.6000	1	3.83E-02
0	96.2690	99.7470	0.6000	1	3.82E-02
0	96.0340	99.7650	0.6000	1	1.64E-02
0	96.0340	100.2460	0.6000	1	3.36E-02
0	96.6990	100.2730	0.6000	1	4.64E-02
0	97.3630	100.3000	0.6000	1	4.64E-02
0	97.4610	100.3280	0.6000	1	7.11E-03
0	97.5590	100.3550	0.6000	1	7.09E-03
0	97.6570	100.3830	0.6000	1	7.11E-03
0	97.7540	100.4110	0.6000	1	7.04E-03
0	99.7580	100.5720	0.6000	1	1.40E-01
0	100.3620	100.5500	0.6000	1	4.22E-02
0	100.8640	100.4080	0.6000	1	3.64E-02
0	101.2790	100.1970	0.6000	1	3.25E-02
0	101.5350	99.9980	0.6000	1	2.26E-02
0	101.1390	99.7160	0.6000	1	3.39E-02
0	100.6300	99.5080	0.6000	1	3.84E-02
0	100.2770	99.4430	0.6000	1	2.50E-02
0	99.7360	99.4380	0.6000	1	3.77E-02
0	97.7550	99.5940	0.6000	1	1.39E-01
0	97.7550	99.5940	0.6500	1	3.85E-04
0	94.8200	101.3620	0.6500	1	2.64E-02
0	94.7670	101.2480	0.6500	1	8.61E-03
0	94.7670	98.7990	0.6500	1	1.68E-01
0	94.8130	98.6330	0.6500	1	1.18E-02
0	94.9260	98.5780	0.6500	1	8.61E-03
0	99.7070	98.1850	0.6500	1	3.29E-01
0	100.3050	98.2030	0.6500	1	4.10E-02
0	100.8260	98.2760	0.6500	1	3.60E-02
0	101.3630	98.4410	0.6500	1	3.85E-02
0	101.8490	98.6870	0.6500	1	3.73E-02
0	102.2850	98.9950	0.6500	1	3.66E-02
0	102.7880	99.4900	0.6500	1	4.83E-02
0	103.0970	99.9490	0.6500	1	3.79E-02
0	103.1100	100.0530	0.6500	1	7.18E-03
0	102.7540	100.5560	0.6500	1	4.22E-02
0	102.2500	101.0420	0.6500	1	4.80E-02
0	101.5390	101.4820	0.6500	1	5.73E-02
0	100.9380	101.6940	0.6500	1	4.37E-02
0	100.3900	101.7980	0.6500	1	3.82E-02
0	99.7170	101.8160	0.6500	1	4.61E-02
0	94.8460	101.4160	0.6500	1	3.35E-01
0	95.0970	101.1060	0.6500	1	3.07E-03
0	95.0980	98.8940	0.6500	1	1.52E-01
0	99.8050	98.5170	0.6500	1	3.23E-01
0	100.3280	98.5330	0.6500	1	3.58E-02
0	100.8490	98.6160	0.6500	1	3.61E-02
0	101.3720	98.8100	0.6500	1	3.82E-02
0	101.8910	99.1050	0.6500	1	4.09E-02
0	102.4910	99.6530	0.6500	1	5.57E-02
0	102.7400	100.0040	0.6500	1	2.95E-02
0	102.5030	100.3400	0.6500	1	2.82E-02
0	102.0470	100.7800	0.6500	1	4.34E-02
0	101.4970	101.1210	0.6500	1	4.43E-02
0	100.9670	101.3500	0.6500	1	3.95E-02
0	100.4750	101.4600	0.6500	1	3.45E-02
0	99.7280	101.4860	0.6500	1	5.12E-02
0	95.3160	101.1240	0.6500	1	3.03E-01
0	95.5360	100.7010	0.6500	1	3.27E-02
0	95.5370	99.3000	0.6500	1	9.60E-02
0	99.7590	98.9620	0.6500	1	2.90E-01
0	100.3150	98.9720	0.6500	1	3.81E-02
0	100.6750	99.0290	0.6500	1	2.50E-02
0	101.1820	99.2060	0.6500	1	3.68E-02
0	101.6530	99.4740	0.6500	1	3.71E-02
0	101.9910	99.7560	0.6500	1	3.02E-02
0	102.2090	99.9950	0.6500	1	2.22E-02
0	101.7760	100.4320	0.6500	1	4.21E-02
0	101.2650	100.7480	0.6500	1	4.12E-02
0	100.9050	100.9030	0.6500	1	2.68E-02
0	100.4190	101.0230	0.6500	1	3.43E-02
0	99.7390	101.0460	0.6500	1	4.66E-02
0	95.7550	100.7190	0.6500	1	2.74E-01
0	96.0260	100.2500	0.6500	1	3.71E-02
0	96.0270	99.7520	0.6500	1	3.41E-02
0	96.2750	99.7320	0.6500	1	1.70E-02
0	96.6280	99.7180	0.6500	1	2.42E-02
0	96.9800	99.7040	0.6500	1	2.41E-02
0	97.0780	99.6770	0.6500	1	6.96E-03
0	97.1760	99.6490	0.6500	1	6.98E-03
0	97.2740	99.6210	0.6500	1	6.98E-03
0	97.3710	99.5940	0.6500	1	6.90E-03
0	99.7940	99.4000	0.6500	1	1.66E-01
0	100.3020	99.4110	0.6500	1	3.48E-02
0	100.6550	99.4780	0.6500	1	2.46E-02
0	101.1790	99.6920	0.6500	1	3.88E-02
0	101.5970	99.9940	0.6500	1	3.53E-02
0	101.4140	100.1390	0.6500	1	1.60E-02
0	100.9020	100.4330	0.6500	1	4.04E-02
0	100.3630	100.5850	0.6500	1	3.84E-02
0	99.7490	100.6070	0.6500	1	4.21E-02
0	97.3710	100.4110	0.6500	1	1.63E-01
0	97.2730	100.3830	0.6500	1	6.98E-03
0	97.1750	100.3550	0.6500	1	6.98E-03
0	97.0770	100.3270	0.6500	1	6.98E-03
0	96.9800	100.3000	0.6500	1	6.90E-03
0	96.2460	100.2610	0.6500	1	5.03E-02
0	97.4040	100.0020	0.6500	1	9.13E-03
0	97.6630	100.0030	0.6500	1	1.77E-02
0	97.9220	100.0030	0.6500	1	1.77E-02
0	98.1810	100.0030	0.6500	1	1.77E-02
0	98.4400	100.0030	0.6500	1	1.77E-02
0	98.6990	100.0040	0.6500	1	1.77E-02
0	98.9570	100.0040	0.6500	1	1.77E-02
0	99.0240	100.0340	0.6500	1	5.03E-03
0	99.0910	100.0640	0.6500	1	5.03E-03
0	99.1580	100.0940	0.6500	1	5.03E-03
0	99.2200	100.1220	0.6500	1	4.66E-03
0	99.2810	100.1500	0.6500	1	4.60E-03
0	99.3430	100.1780	0.6500	1	4.66E-03
0	99.8490	100.1920	0.6500	1	3.47E-02
0	100.3270	100.1790	0.6500	1	3.28E-02
0	100.8150	100.0340	0.6500	1	3.49E-02
0	100.8780	99.9960	0.6500	1	5.04E-03
0	100.5100	99.8560	0.6500	1	2.70E-02
0	100.2900	99.8150	0.6500	1	1.53E-02
0	99.3440	99.8310	0.6500	1	6.48E-02
0	99.2790	99.8600	0.6500	1	4.88E-03
0	99.2150	99.8880	0.6500	1	4.78E-03
0	99.1510	99.9170	0.6500	1	4.81E-03
0	99.0860	99.9460	0.6500	1	4.88E-03
0	99.0220	99.9750	0.6500	1	4.81E-03
0	98.9570	100.0040	0.6500	1	4.88E-03
0	98.9570	100.0040	0.7000	1	3.85E-04
0	94.8050	101.3870	0.7000	1	3.37E-02
0	94.7450	101.2870	0.7000	1	7.77E-03
0	94.7450	98.6410	0.7000	1	1.76E-01
0	94.8910	98.5540	0.7000	1	1.13E-02
0	99.6960	98.1510	0.7000	1	3.21E-01
0	100.4760	98.1710	0.7000	1	5.20E-02
0	101.0380	98.2950	0.7000	1	3.84E-02
0	101.5700	98.4980	0.7000	1	3.80E-02
0	102.1020	98.8020	0.7000	1	4.08E-02
0	102.5540	99.1650	0.7000	1	3.86E-02
0	102.8950	99.5490	0.7000	1	3.42E-02
0	103.1870	99.9870	0.7000	1	3.51E-02
0	103.0620	100.2220	0.7000	1	1.77E-02
0	102.8470	100.4930	0.7000	1	2.31E-02
0	102.4870	100.8810	0.7000	1	3.53E-02
0	101.9330	101.3050	0.7000	1	4.65E-02
0	101.4500	101.5560	0.7000	1	3.63E-02
0	100.9490	101.7280	0.7000	1	3.53E-02
0	100.4260	101.8290	0.7000	1	3.55E-02
0	99.7050	101.8500	0.7000	1	4.81E-02
0	94.8390	101.4420	0.7000	1	3.26E-01
0	94.8360	101.4380	0.7000	1	3.33E-04
0	99.5760	98.5010	0.7000	1	4.29E-02
0	95.0740	98.8690	0.7000	1	2.99E-01
0	95.0740	101.1310	0.7000	1	1.50E-01
0	99.7170	101.5200	0.7000	1	3.08E-01
0	100.5080	101.4910	0.7000	1	5.24E-02
0	101.0730	101.3480	0.7000	1	3.86E-02
0	101.6390	101.0920	0.7000	1	4.11E-02
0	102.0270	100.8320	0.7000	1	3.09E-02
0	102.4180	100.4930	0.7000	1	3.42E-02
0	102.8050	100.0050	0.7000	1	4.12E-02
0	102.5780	99.6780	0.7000	1	2.63E-02
0	102.0370	99.1620	0.7000	1	4.95E-02
0	101.5630	98.8600	0.7000	1	3.72E-02
0	101.0090	98.6320	0.7000	1	3.96E-02
0	100.4410	98.5000	0.7000	1	3.86E-02
0	99.7940	98.4830	0.7000	1	4.28E-02
0	99.7490	98.9280	0.7000	1	2.96E-02
0	100.3040	98.9360	0.7000	1	3.67E-02
0	100.6720	98.9920	0.7000	1	2.46E-02
0	101.1480	99.1480	0.7000	1	3.31E-02
0	101.5920	99.3880	0.7000	1	3.34E-02
0	102.0040	99.7070	0.7000	1	3.45E-02
0	102.2650	99.9900	0.7000	1	2.55E-02
0	102	100.2860	0.7000	1	2.63E-02
0	101.5570	100.6350	0.7000	1	3.73E-02
0	101.0790	100.8750	0.7000	1	3.54E-02
0	100.4510	101.0530	0.7000	1	4.32E-02
0	99.7270	101.0800	0.7000	1	4.79E-02
0	95.5130	100.7270	0.7000	1	2.80E-01
0	95.5130	99.2740	0.7000	1	9.61E-02
0	99.5300	98.9460	0.7000	1	2.67E-01
0	99.5660	99.3830	0.7000	1	2.90E-02
0	97.0040	99.5930	0.7000	1	1.70E-01
0	96.9060	99.6210	0.7000	1	6.74E-03
0	96.8090	99.6480	0.7000	1	6.66E-03
0	96.7110	99.6760	0.7000	1	6.74E-03
0	96.6130	99.7040	0.7000	1	6.74E-03
0	96.0180	99.7390	0.7000	1	3.94E-02
0	96.0180	100.2630	0.7000	1	3.47E-02
0	96.6130	100.2990	0.7000	1	3.94E-02
0	96.7100	100.3270	0.7000	1	6.68E-03
0	96.8080	100.3550	0.7000	1	6.74E-03
0	96.9060	100.3830	0.7000	1	6.74E-03
0	97.0030	100.4110	0.7000	1	6.68E-03
0	99.7370	100.6400	0.7000	1	1.81E-01
0	100.3940	100.6160	0.7000	1	4.35E-02
0	100.9220	100.4650	0.7000	1	3.63E-02
0	101.3830	100.2240	0.7000	1	3.44E-02
0	101.6630	99.9940	0.7000	1	2.40E-02
0	101.2270	99.6760	0.7000	1	3.57E-02
0	100.7340	99.4670	0.7000	1	3.54E-02
0	100.2930	99.3750	0.7000	1	2.98E-02
0	99.7850	99.3650	0.7000	1	3.36E-02
0	98.9370	99.8300	0.7000	1	7.44E-03
0	99.3360	99.8140	0.7000	1	2.64E-02
0	100.2820	99.7960	0.7000	1	6.26E-02
0	100.5080	99.8370	0.7000	1	1.52E-02
0	100.9330	99.9990	0.7000	1	3.01E-02
0	100.6090	100.1340	0.7000	1	2.32E-02
0	100.2850	100.1980	0.7000	1	2.18E-02
0	99.7340	100.2110	0.7000	1	3.65E-02
0	99.3360	100.1940	0.7000	1	2.64E-02
0	98.9370	100.1780	0.7000	1	2.64E-02
0	98.8730	100.1490	0.7000	1	4.65E-03
0	98.8080	100.1200	0.7000	1	4.71E-03
0	98.7440	100.0910	0.7000	1	4.65E-03
0	98.6800	100.0620	0.7000	1	4.65E-03
0	98.6160	100.0330	0.7000	1	4.65E-03
0	98.5510	100.0030	0.7000	1	4.74E-03
0	98.6130	99.9760	0.7000	1	4.47E-03
0	98.6750	99.9480	0.7000	1	4.50E-03
0	98.7370	99.9200	0.7000	1	4.50E-03
0	98.6750	99.9480	0.7000	1	4.50E-03
0	98.6130	99.9760	0.7000	1	4.50E-03
0	98.5510	100.0030	0.7000	1	4.47E-03
0	98.2490	100.0030	0.7000	1	2.00E-02
0	97.9460	100.0030	0.7000	1	2.00E-02
0	97.6430	100.0030	0.7000	1	2.00E-02
0	97.3400	100.0020	0.7000	1	2.00E-02
0	97.0380	100.0020	0.7000	1	2.00E-02
0	97.0380	100.0020	0.7500	1	3.85E-04
0	94.7760	101.4040	0.7500	1	2.05E-02
0	94.7220	101.3130	0.7500	1	7.05E-03
0	94.7230	98.6080	0.7500	1	1.80E-01
0	94.8660	98.5290	0.7500	1	1.09E-02
0	99.6850	98.1180	0.7500	1	3.22E-01
0	100.4890	98.1380	0.7500	1	5.36E-02
0	101.0680	98.2660	0.7500	1	3.95E-02
0	101.6100	98.4750	0.7500	1	3.87E-02
0	102.1430	98.7810	0.7500	1	4.10E-02
0	102.5400	99.0980	0.7500	1	3.39E-02
0	102.9120	99.4870	0.7500	1	3.59E-02
0	103.2090	99.9280	0.7500	1	3.54E-02
0	103.2290	100.0490	0.7500	1	8.18E-03
0	102.8960	100.5320	0.7500	1	3.91E-02
0	102.4670	100.9630	0.7500	1	4.05E-02
0	102.0300	101.2930	0.7500	1	3.65E-02
0	101.4990	101.5750	0.7500	1	4.01E-02
0	100.9900	101.7540	0.7500	1	3.60E-02
0	100.4430	101.8600	0.7500	1	3.71E-02
0	99.6940	101.8830	0.7500	1	5.00E-02
0	94.8130	101.4670	0.7500	1	3.27E-01
0	94.8070	101.4560	0.7500	1	8.35E-04
0	95.0520	101.1560	0.7500	1	2.98E-03
0	95.0520	98.8440	0.7500	1	1.51E-01
0	96.6500	98.7110	0.7500	1	1.04E-01
0	96.6500	98.8270	0.7500	1	7.56E-03
0	99.3450	101.5230	0.7500	1	2.48E-01
0	95.2710	101.1750	0.7500	1	2.66E-01
0	95.4910	100.7530	0.7500	1	3.10E-02
0	95.4920	99.2480	0.7500	1	9.80E-02
0	96.3760	99.1740	0.7500	1	5.78E-02
0	98.1840	100.9830	0.7500	1	1.67E-01
0	95.7100	100.7720	0.7500	1	1.62E-01
0	95.9710	99.9090	0.7500	1	6.94E-03
0	95.9710	100.3130	0.7500	1	2.63E-02
0	96.9170	100.3940	0.7500	1	6.19E-02
0	96.1940	99.6710	0.7500	1	6.66E-02
0	95.9710	99.6890	0.7500	1	1.46E-02
0	97.1160	98.6720	0.7500	1	1.18E-02
0	100.0080	101.5640	0.7500	1	2.66E-01
0	100.5770	101.5120	0.7500	1	3.72E-02
0	97.6890	98.6240	0.7500	1	2.66E-01
0	99.7860	98.4500	0.7500	1	1.37E-01
0	100.3760	98.4650	0.7500	1	3.84E-02
0	100.9350	98.5690	0.7500	1	3.70E-02
0	101.5970	98.8340	0.7500	1	4.65E-02
0	102.0260	99.0970	0.7500	1	3.28E-02
0	102.6240	99.6600	0.7500	1	5.35E-02
0	102.8620	100.0020	0.7500	1	2.71E-02
0	102.6700	100.2790	0.7500	1	2.20E-02
0	102.3840	100.5790	0.7500	1	2.70E-02
0	101.9870	100.9280	0.7500	1	3.44E-02
0	101.5110	101.2100	0.7500	1	3.60E-02
0	101.0630	101.3920	0.7500	1	3.15E-02
0	98.4180	98.7320	0.7500	1	2.44E-01
0	99.2430	98.9360	0.7500	1	5.54E-02
0	99.7990	98.8890	0.7500	1	3.64E-02
0	100.3650	98.9040	0.7500	1	3.69E-02
0	100.7290	98.9680	0.7500	1	2.41E-02
0	101.1550	99.1100	0.7500	1	2.93E-02
0	101.6910	99.4050	0.7500	1	3.99E-02
0	102.0840	99.7230	0.7500	1	3.29E-02
0	102.3300	99.9990	0.7500	1	2.41E-02
0	102.0730	100.2690	0.7500	1	2.43E-02
0	101.6510	100.6250	0.7500	1	3.60E-02
0	101.1820	100.8740	0.7500	1	3.46E-02
0	99.3990	99.0910	0.7500	1	1.64E-01
0	100.3460	99.3830	0.7500	1	7.62E-03
0	100.6510	99.4270	0.7500	1	2.01E-02
0	101.2340	99.6630	0.7500	1	4.10E-02
0	101.6910	99.9950	0.7500	1	3.68E-02
0	101.5940	100.0920	0.7500	1	8.94E-03
0	101.2710	100.3070	0.7500	1	2.53E-02
0	100.5020	99.5380	0.7500	1	7.08E-02
0	100.5020	99.5380	0.8000	1	3.85E-04
0	94.7520	101.4300	0.8000	1	4.66E-02
0	94.7000	101.3390	0.8000	1	6.99E-03
0	94.7010	98.5830	0.8000	1	1.84E-01
0	94.8450	98.5040	0.8000	1	1.09E-02
0	99.6740	98.0840	0.8000	1	3.23E-01
0	100.3260	98.0990	0.8000	1	4.35E-02
0	100.8710	98.1780	0.8000	1	3.67E-02
0	101.4460	98.3550	0.8000	1	4.01E-02
0	101.9630	98.6180	0.8000	1	3.87E-02
0	102.3970	98.9220	0.8000	1	3.53E-02
0	102.9300	99.4390	0.8000	1	4.95E-02
0	103.2370	99.8590	0.8000	1	3.47E-02
0	103.2860	100.0550	0.8000	1	1.35E-02
0	102.9470	100.5440	0.8000	1	3.97E-02
0	102.4830	101.0040	0.8000	1	4.36E-02
0	102.0670	101.3170	0.8000	1	3.47E-02
0	101.5510	101.5920	0.8000	1	3.90E-02
0	100.9950	101.7890	0.8000	1	3.93E-02
0	100.4390	101.8950	0.8000	1	3.77E-02
0	99.6830	101.9160	0.8000	1	5.04E-02
0	94.7880	101.4910	0.8000	1	3.28E-01
0	94.7820	101.4820	0.8000	1	7.21E-04
0	95.1580	98.8560	0.8000	1	2.04E-02
0	95.1080	98.8060	0.8000	1	4.44E-03
0	95.0410	98.8240	0.8000	1	4.36E-03
0	95.0230	98.8920	0.8000	1	4.42E-03
0	95.0720	98.9410	0.8000	1	4.35E-03
0	95.1400	98.9230	0.8000	1	4.42E-03
0	95.9270	98.7430	0.8000	1	5.07E-02
0	94.9570	99.7190	0.8000	1	8.65E-02
0	94.8840	99.7980	0.8000	1	6.76E-03
0	94.8120	99.7790	0.8000	1	4.68E-03
0	94.8320	99.8500	0.8000	1	4.63E-03
0	94.8730	99.8390	0.8000	1	2.67E-03
0	95.0300	100.2610	0.8000	1	2.83E-02
0	96.6060	98.6850	0.8000	1	1.40E-01
0	97.2850	98.6280	0.8000	1	4.28E-02
0	95.0300	100.8830	0.8000	1	2.00E-01
0	95	101.0730	0.8000	1	1.21E-02
0	94.9700	101.2630	0.8000	1	1.21E-02
0	94.8990	101.2440	0.8000	1	4.62E-03
0	94.9180	101.3150	0.8000	1	4.62E-03
0	94.9590	101.3040	0.8000	1	2.67E-03
0	95.3260	101.2070	0.8000	1	2.38E-02
0	97.9640	98.5700	0.8000	1	2.34E-01
0	98.6420	98.5120	0.8000	1	4.28E-02
0	95.8980	101.2570	0.8000	1	2.44E-01
0	96.4700	101.3070	0.8000	1	3.61E-02
0	99.3210	98.4550	0.8000	1	2.53E-01
0	99.9770	98.4210	0.8000	1	4.13E-02
0	97.0410	101.3560	0.8000	1	2.61E-01
0	97.6130	101.4060	0.8000	1	3.61E-02
0	100.5650	98.4540	0.8000	1	2.62E-01
0	101.0650	98.5750	0.8000	1	3.23E-02
0	98.1840	101.4560	0.8000	1	2.56E-01
0	98.7560	101.5050	0.8000	1	3.61E-02
0	101.5100	98.7510	0.8000	1	2.45E-01
0	101.9080	98.9750	0.8000	1	2.87E-02
0	99.3270	101.5550	0.8000	1	2.29E-01
0	99.2640	101.6390	0.8000	1	6.60E-03
0	99.2020	101.7240	0.8000	1	6.61E-03
0	99.1300	101.7050	0.8000	1	4.68E-03
0	99.1490	101.7760	0.8000	1	4.62E-03
0	99.1910	101.7650	0.8000	1	2.73E-03
0	102.1050	99.3980	0.8000	1	2.89E-02
0	99.9120	101.5920	0.8000	1	1.95E-01
0	100.5230	101.5570	0.8000	1	3.85E-02
0	101.0290	101.4430	0.8000	1	3.26E-02
0	101.5210	101.2500	0.8000	1	3.32E-02
0	102.2010	100.8200	0.8000	1	5.05E-02
0	102.6600	100.3640	0.8000	1	4.06E-02
0	102.9270	99.9930	0.8000	1	2.87E-02
0	102.6600	99.6330	0.8000	1	2.82E-02
0	102.2600	99.2430	0.8000	1	3.51E-02
0	102.2650	99.9980	0.8000	1	4.74E-02
0	101.8640	100.3980	0.8000	1	3.56E-02
0	101.8640	100.3980	0.8500	1	3.85E-04
0	94.7250	101.4470	0.8500	1	5.55E-02
0	94.6780	101.3460	0.8500	1	7.43E-03
0	94.6780	98.5830	0.8500	1	1.84E-01
0	94.8120	98.4800	0.8500	1	1.13E-02
0	99.5550	98.0610	0.8500	1	3.17E-01
0	100.0540	98.0610	0.8500	1	3.33E-02
0	100.6890	98.1070	0.8500	1	4.24E-02
0	101.1960	98.2340	0.8500	1	3.48E-02
0	101.7080	98.4400	0.8500	1	3.68E-02
0	102.2330	98.7460	0.8500	1	4.05E-02
0	102.6260	99.0600	0.8500	1	3.35E-02
0	102.9790	99.4270	0.8500	1	3.39E-02
0	103.2920	99.8540	0.8500	1	3.53E-02
0	103.3460	100.0510	0.8500	1	1.36E-02
0	103.0600	100.4680	0.8500	1	3.37E-02
0	102.7110	100.8410	0.8500	1	3.41E-02
0	102.2780	101.2240	0.8500	1	3.85E-02
0	101.8330	101.4970	0.8500	1	3.48E-02
0	101.2990	101.7310	0.8500	1	3.89E-02
0	100.7620	101.8790	0.8500	1	3.71E-02
0	100.1820	101.9510	0.8500	1	3.90E-02
0	99.6730	101.9490	0.8500	1	3.39E-02
0	94.7570	101.5150	0.8500	1	3.29E-01
0	94.7510	101.5020	0.8500	1	9.55E-04
0	95.0500	101.0830	0.8500	1	3.96E-03
0	95	101.1330	0.8500	1	4.21E-03
0	95.0180	101.2010	0.8500	1	4.19E-03
0	95.0860	101.2190	0.8500	1	4.19E-03
0	95.1350	101.1690	0.8500	1	4.17E-03
0	95.1170	101.1020	0.8500	1	4.13E-03
0	95.0070	100.3840	0.8500	1	4.33E-02
0	95.9090	101.2860	0.8500	1	7.60E-02
0	96.5900	101.3460	0.8500	1	4.07E-02
0	95.0070	99.7630	0.8500	1	1.33E-01
0	95.0070	99.1420	0.8500	1	3.70E-02
0	97.2720	101.4060	0.8500	1	1.91E-01
0	97.9530	101.4670	0.8500	1	4.07E-02
0	95.2590	98.7720	0.8500	1	2.27E-01
0	95.0970	98.7210	0.8500	1	1.01E-02
0	94.9350	98.6700	0.8500	1	1.01E-02
0	94.9460	98.7110	0.8500	1	2.53E-03
0	94.8750	98.7300	0.8500	1	4.38E-03
0	94.8940	98.6590	0.8500	1	4.38E-03
0	95.8310	98.7230	0.8500	1	7.22E-03
0	98.6350	101.5270	0.8500	1	2.36E-01
0	99.3160	101.5870	0.8500	1	4.07E-02
0	96.4030	98.6740	0.8500	1	2.45E-01
0	96.9750	98.6240	0.8500	1	3.42E-02
0	99.9800	101.6300	0.8500	1	2.53E-01
0	100.5580	101.5870	0.8500	1	3.45E-02
0	97.5470	98.5750	0.8500	1	2.54E-01
0	98.1190	98.5260	0.8500	1	3.42E-02
0	101.0620	101.4690	0.8500	1	2.48E-01
0	101.5070	101.2930	0.8500	1	2.85E-02
0	98.6910	98.4770	0.8500	1	2.37E-01
0	99.2630	98.4270	0.8500	1	3.42E-02
0	101.9070	101.0720	0.8500	1	2.23E-01
0	99.9970	98.5400	0.8500	1	2.44E-02
0	102.2710	100.8150	0.8500	1	1.92E-01
0	102.6820	100.4010	0.8500	1	3.48E-02
0	102.9860	99.9940	0.8500	1	3.03E-02
0	102.6940	99.6040	0.8500	1	2.90E-02
0	102.0860	99.0430	0.8500	1	4.93E-02
0	101.7120	98.8070	0.8500	1	2.63E-02
0	101.3130	98.6200	0.8500	1	2.63E-02
0	100.8940	98.4830	0.8500	1	2.63E-02
0	100.4520	98.4000	0.8500	1	2.68E-02
0	99.8420	98.3850	0.8500	1	3.64E-02
0	100.9150	98.9020	0.8500	1	9.16E-03
0	101.1960	98.9960	0.8500	1	1.77E-02
0	101.8730	99.3740	0.8500	1	4.62E-02
0	102.1870	99.6480	0.8500	1	2.48E-02
0	102.5000	99.9980	0.8500	1	2.80E-02
0	102.2710	100.2510	0.8500	1	2.03E-02
0	101.6560	99.6430	0.8500	1	5.15E-02
0	101.0700	99.0570	0.8500	1	4.94E-02
0	101.0700	99.0570	0.9000	1	3.85E-04
0	94.7070	101.4670	0.9000	1	5.23E-02
0	94.6560	101.3840	0.9000	1	6.49E-03
0	94.6560	98.5590	0.9000	1	1.88E-01
0	94.7900	98.4560	0.9000	1	1.13E-02
0	99.5420	98.0290	0.9000	1	3.18E-01
0	100.0520	98.0280	0.9000	1	3.40E-02
0	100.6920	98.0720	0.9000	1	4.28E-02
0	101.2370	98.2100	0.9000	1	3.75E-02
0	101.8340	98.4590	0.9000	1	4.31E-02
0	102.2670	98.7210	0.9000	1	3.37E-02
0	102.7280	99.0910	0.9000	1	3.94E-02
0	103.1000	99.5060	0.9000	1	3.72E-02
0	103.4070	100.0440	0.9000	1	4.13E-02
0	103.1140	100.4840	0.9000	1	3.52E-02
0	102.7670	100.8460	0.9000	1	3.34E-02
0	102.3440	101.2250	0.9000	1	3.79E-02
0	101.8580	101.5250	0.9000	1	3.81E-02
0	101.3480	101.7520	0.9000	1	3.72E-02
0	100.7710	101.9110	0.9000	1	3.99E-02
0	100.1780	101.9850	0.9000	1	3.98E-02
0	99.6630	101.9820	0.9000	1	3.43E-02
0	94.7520	101.5410	0.9000	1	3.29E-01
0	94.7380	101.5180	0.9000	1	1.80E-03
0	95.1140	98.8060	0.9000	1	2.11E-02
0	95.0640	98.7570	0.9000	1	4.10E-03
0	94.9970	98.7750	0.9000	1	4.06E-03
0	94.9780	98.8430	0.9000	1	4.13E-03
0	95.0280	98.8920	0.9000	1	4.10E-03
0	95.0950	98.8740	0.9000	1	4.06E-03
0	95.8860	98.6910	0.9000	1	4.75E-02
0	94.9130	99.6700	0.9000	1	8.08E-02
0	94.8390	99.7490	0.9000	1	6.34E-03
0	94.7680	99.7300	0.9000	1	4.30E-03
0	94.7870	99.8010	0.9000	1	4.30E-03
0	94.8280	99.7900	0.9000	1	2.48E-03
0	94.9860	100.2120	0.9000	1	2.64E-02
0	96.5670	98.6310	0.9000	1	1.31E-01
0	97.2480	98.5710	0.9000	1	4.00E-02
0	94.9860	100.8330	0.9000	1	1.87E-01
0	94.9070	101.3610	0.9000	1	3.13E-02
0	94.8650	101.3720	0.9000	1	2.54E-03
0	94.8460	101.3010	0.9000	1	4.30E-03
0	94.9180	101.3200	0.9000	1	4.36E-03
0	95.0540	101.2850	0.9000	1	8.22E-03
0	95.1910	101.2490	0.9000	1	8.29E-03
0	97.9290	98.5120	0.9000	1	2.27E-01
0	98.6100	98.4520	0.9000	1	4.00E-02
0	95.7610	101.3010	0.9000	1	2.36E-01
0	96.3310	101.3520	0.9000	1	3.35E-02
0	99.2900	98.3930	0.9000	1	2.45E-01
0	99.9490	98.3550	0.9000	1	3.86E-02
0	96.9010	101.4030	0.9000	1	2.52E-01
0	97.4710	101.4540	0.9000	1	3.35E-02
0	100.5460	98.3790	0.9000	1	2.55E-01
0	101.0510	98.4960	0.9000	1	3.03E-02
0	98.0410	101.5060	0.9000	1	2.49E-01
0	98.6110	101.5570	0.9000	1	3.35E-02
0	101.5020	98.6660	0.9000	1	2.39E-01
0	101.9070	98.8820	0.9000	1	2.69E-02
0	99.1810	101.6080	0.9000	1	2.26E-01
0	99.7550	101.6560	0.9000	1	3.37E-02
0	102.2720	99.1390	0.9000	1	2.08E-01
0	102.7900	99.6430	0.9000	1	4.23E-02
0	103.0390	100.0020	0.9000	1	2.56E-02
0	102.8320	100.3020	0.9000	1	2.13E-02
0	102.4570	100.6920	0.9000	1	3.17E-02
0	102.3520	100.7560	0.9000	1	7.20E-03
0	102.2470	100.8190	0.9000	1	7.17E-03
0	102.1420	100.8820	0.9000	1	7.17E-03
0	101.5780	101.2150	0.9000	1	3.83E-02
0	101.1030	101.4090	0.9000	1	3.00E-02
0	100.6160	101.5280	0.9000	1	2.93E-02
0	101.6580	100.4860	0.9000	1	8.63E-02
0	101.7170	100.3990	0.9000	1	6.15E-03
0	101.7750	100.3120	0.9000	1	6.12E-03
0	101.8340	100.2260	0.9000	1	6.10E-03
0	101.8920	100.1390	0.9000	1	6.12E-03
0	102.4380	99.5930	0.9000	1	4.52E-02
0	102.5510	100.0320	0.9000	1	2.65E-02
0	102.1720	100.4190	0.9000	1	3.17E-02
0	102.1720	100.4190	0.9500	1	3.85E-04
0	94.6800	101.5000	0.9500	1	5.82E-02
0	94.6350	101.3930	0.9500	1	7.74E-03
0	94.6350	98.5360	0.9500	1	1.90E-01
0	94.7690	98.4320	0.9500	1	1.13E-02
0	99.6510	97.9860	0.9500	1	3.27E-01
0	100.1560	97.9800	0.9500	1	3.37E-02
0	100.7350	98.0470	0.9500	1	3.89E-02
0	101.2590	98.1810	0.9500	1	3.61E-02
0	101.7580	98.3820	0.9500	1	3.59E-02
0	102.2810	98.6850	0.9500	1	4.03E-02
0	102.7100	99.0220	0.9500	1	3.64E-02
0	103.0770	99.4030	0.9500	1	3.53E-02
0	103.3990	99.8390	0.9500	1	3.61E-02
0	103.4640	100.0060	0.9500	1	1.19E-02
0	103.1830	100.4620	0.9500	1	3.57E-02
0	102.8000	100.8710	0.9500	1	3.74E-02
0	102.3770	101.2510	0.9500	1	3.79E-02
0	101.8830	101.5540	0.9500	1	3.86E-02
0	101.3590	101.7850	0.9500	1	3.82E-02
0	100.8110	101.9380	0.9500	1	3.79E-02
0	100.1940	102.0160	0.9500	1	4.15E-02
0	99.6530	102.0140	0.9500	1	3.61E-02
0	94.7060	101.5630	0.9500	1	3.31E-01
0	94.7030	101.5550	0.9500	1	5.70E-04
0	94.9200	101.2960	0.9500	1	2.60E-03
0	95.0780	101.2930	0.9500	1	8.72E-03
0	95.2360	101.2900	0.9500	1	8.72E-03
0	95.3120	101.2760	0.9500	1	4.27E-03
0	95.3870	101.2620	0.9500	1	4.21E-03
0	95.4630	101.2470	0.9500	1	4.28E-03
0	95.5380	101.2330	0.9500	1	4.21E-03
0	95.6140	101.2180	0.9500	1	4.28E-03
0	95.9150	100.7630	0.9500	1	3.01E-02
0	96.5530	101.4000	0.9500	1	4.98E-02
0	97.2370	101.4630	0.9500	1	3.79E-02
0	96.0650	100.2920	0.9500	1	9.14E-02
0	94.9190	98.7030	0.9500	1	1.51E-02
0	95.2010	98.7220	0.9500	1	1.56E-02
0	95.5770	99.0100	0.9500	1	2.61E-02
0	95.8660	99.3540	0.9500	1	2.48E-02
0	95.9630	99.5100	0.9500	1	1.01E-02
0	96.0600	99.6650	0.9500	1	1.01E-02
0	97.9200	101.5250	0.9500	1	1.45E-01
0	98.6040	101.5880	0.9500	1	3.79E-02
0	95.6940	98.6780	0.9500	1	2.27E-01
0	96.2640	98.6260	0.9500	1	3.16E-02
0	99.2870	101.6500	0.9500	1	2.36E-01
0	99.9530	101.6950	0.9500	1	3.68E-02
0	96.8330	98.5740	0.9500	1	2.44E-01
0	97.4020	98.5220	0.9500	1	3.15E-02
0	100.5340	101.6540	0.9500	1	2.44E-01
0	101.0440	101.5430	0.9500	1	2.88E-02
0	97.9710	98.4700	0.9500	1	2.40E-01
0	98.5410	98.4180	0.9500	1	3.16E-02
0	101.4970	101.3750	0.9500	1	2.31E-01
0	101.9040	101.1600	0.9500	1	2.54E-02
0	99.1100	98.3660	0.9500	1	2.18E-01
0	99.6800	98.3150	0.9500	1	3.16E-02
0	102.2780	100.9130	0.9500	1	2.03E-01
0	100.4720	98.4860	0.9500	1	2.33E-02
0	102.5960	100.6100	0.9500	1	1.66E-01
0	102.9360	100.2390	0.9500	1	2.78E-02
0	103.1020	99.9950	0.9500	1	1.63E-02
0	102.8390	99.6310	0.9500	1	2.48E-02
0	102.5610	99.3310	0.9500	1	2.26E-02
0	102.1880	99.0180	0.9500	1	2.69E-02
0	101.7980	98.7680	0.9500	1	2.56E-02
0	101.3900	98.5730	0.9500	1	2.50E-02
0	100.9490	98.4260	0.9500	1	2.57E-02
0	100.3170	98.3310	0.9500	1	3.53E-02
0	101.9570	99.3730	0.9500	1	1.49E-02
0	102.5860	100	0.9500	1	4.90E-02
0	95.0520	98.8960	0.9500	1	5.86E-02
0	95.4860	99.3300	0.9500	1	4.09E-02
0	95.5540	99.4400	0.9500	1	8.62E-03
0	95.6500	99.7280	0.9500	1	2.02E-02
0	95.6560	100.0660	0.9500	1	2.25E-02
0	94.9390	99.3490	0.9500	1	6.76E-02
0	94.9400	99.9150	0.9500	1	3.77E-02
0	95.5630	100.5390	0.9500	1	5.88E-02
0	95.4550	100.7080	0.9500	1	1.34E-02
0	95.2900	100.8310	0.9500	1	1.37E-02
0	94.7640	100.3050	0.9500	1	4.96E-02
0	94.7640	100.3050	1	1	3.85E-04
0	94.6650	101.5150	1	1	9.34E-03
0	94.6140	101.4300	1	1	6.61E-03
0	94.6140	100.6470	1	1	5.22E-02
0	94.5740	100.2890	1	1	2.40E-02
0	94.7040	100.3920	1	1	1.11E-02
0	95.0030	100.4060	1	1	2.00E-02
0	95.1120	100.3050	1	1	9.91E-03
0	95.1360	100.2040	1	1	6.92E-03
0	95.1120	99.6950	1	1	3.40E-02
0	95.0030	99.5940	1	1	9.91E-03
0	94.8290	99.5760	1	1	1.17E-02
0	94.6140	99.6620	1	1	1.54E-02
0	94.6310	98.4990	1	1	7.75E-02
0	94.7490	98.4080	1	1	9.93E-03
0	99.6350	97.9550	1	1	3.27E-01
0	100.3560	97.9690	1	1	4.81E-02
0	100.7470	98.0150	1	1	2.62E-02
0	101.3850	98.1850	1	1	4.40E-02
0	101.8820	98.4010	1	1	3.61E-02
0	102.4010	98.7140	1	1	4.04E-02
0	102.8410	99.0870	1	1	3.85E-02
0	103.2450	99.5480	1	1	4.09E-02
0	103.5350	100.0080	1	1	3.63E-02
0	103.2360	100.4760	1	1	3.70E-02
0	102.8460	100.8890	1	1	3.79E-02
0	102.4400	101.2530	1	1	3.64E-02
0	101.9720	101.5480	1	1	3.69E-02
0	101.4120	101.8020	1	1	4.10E-02
0	100.8550	101.9630	1	1	3.87E-02
0	100.2180	102.0470	1	1	4.28E-02
0	99.6440	102.0460	1	1	3.83E-02
0	94.7020	101.5770	1	1	3.31E-01
0	94.6960	101.5670	1	1	7.77E-04
0	95.8470	98.6390	1	1	2.42E-02
0	95.1690	99.3170	1	1	5.33E-02
0	94.9880	99.3490	1	1	1.02E-02
0	94.8060	99.3810	1	1	1.03E-02
0	94.8030	99.2610	1	1	6.67E-03
0	94.8430	99.1640	1	1	5.83E-03
0	94.8830	99.0670	1	1	5.83E-03
0	94.9230	98.9700	1	1	5.83E-03
0	94.9630	98.8730	1	1	5.83E-03
0	95.0040	98.7760	1	1	5.86E-03
0	95.4380	99.6690	1	1	7.64E-03
0	96.5300	98.5770	1	1	8.59E-02
0	97.2130	98.5160	1	1	3.81E-02
0	95.4510	100.2770	1	1	1.39E-01
0	95.3280	100.4330	1	1	1.10E-02
0	95.2050	100.5880	1	1	1.10E-02
0	95.1230	100.6410	1	1	5.43E-03
0	95.0410	100.6950	1	1	5.46E-03
0	94.9590	100.7480	1	1	5.43E-03
0	94.8180	101.4510	1	1	3.99E-02
0	94.7770	101.4620	1	1	2.36E-03
0	94.7580	101.3910	1	1	4.09E-03
0	94.8290	101.4100	1	1	4.09E-03
0	94.9440	101.3500	1	1	7.21E-03
0	95.0600	101.2900	1	1	7.26E-03
0	97.8960	98.4540	1	1	2.23E-01
0	98.5790	98.3920	1	1	3.81E-02
0	95.6280	101.3430	1	1	2.32E-01
0	96.1970	101.3960	1	1	3.18E-02
0	99.2620	98.3310	1	1	2.41E-01
0	99.9230	98.2900	1	1	3.68E-02
0	96.7650	101.4480	1	1	2.48E-01
0	97.3340	101.5010	1	1	3.18E-02
0	100.5270	98.3080	1	1	2.51E-01
0	101.0370	98.4180	1	1	2.90E-02
0	97.9020	101.5540	1	1	2.47E-01
0	98.4710	101.6060	1	1	3.18E-02
0	101.4940	98.5830	1	1	2.38E-01
0	101.9080	98.7910	1	1	2.58E-02
0	99.0390	101.6590	1	1	2.26E-01
0	99.6080	101.7120	1	1	3.18E-02
0	102.2790	99.0400	1	1	2.10E-01
0	102.6140	99.3270	1	1	2.45E-02
0	100.2250	101.7160	1	1	1.88E-01
0	102.7470	99.8330	1	1	2.42E-02
0	101.5160	101.0550	1	1	9.65E-02
0	100.9890	101.5830	1	1	4.15E-02
0	101.6940	101.3210	1	1	4.18E-02
0	102.1600	101.0430	1	1	3.02E-02
0	102.4540	100.7990	1	1	2.12E-02
0	102.9520	100.2800	1	1	4.00E-02
0	103.1340	99.9700	1	1	2.00E-02
0	102.9010	99.6770	1	1	2.08E-02
0	102.9010	99.6770	1.0500	1	3.85E-04
0	94.6420	101.5350	1.0500	1	6.51E-02
0	94.5930	101.4530	1.0500	1	6.37E-03
0	94.5930	100.5950	1.0500	1	5.72E-02
0	94.5550	100.2590	1.0500	1	2.25E-02
0	94.6590	100.3780	1.0500	1	1.05E-02
0	94.8190	100.4170	1.0500	1	1.10E-02
0	94.9670	100.4010	1.0500	1	9.92E-03
0	95.1240	100.3080	1.0500	1	1.22E-02
0	95.2230	100.1790	1.0500	1	1.08E-02
0	95.2700	99.9840	1.0500	1	1.34E-02
0	95.1650	99.7350	1.0500	1	1.80E-02
0	95.0440	99.6330	1.0500	1	1.06E-02
0	94.8740	99.5840	1.0500	1	1.18E-02
0	94.7100	99.6020	1.0500	1	1.10E-02
0	94.5740	99.6960	1.0500	1	1.10E-02
0	94.5930	99.5320	1.0500	1	1.10E-02
0	94.6100	98.4760	1.0500	1	7.04E-02
0	94.7280	98.3840	1.0500	1	9.98E-03
0	99.6270	97.9230	1.0500	1	3.28E-01
0	100.3570	97.9370	1.0500	1	4.87E-02
0	100.7710	97.9860	1.0500	1	2.78E-02
0	101.3920	98.1500	1.0500	1	4.28E-02
0	101.8720	98.3550	1.0500	1	3.48E-02
0	102.3380	98.6280	1.0500	1	3.60E-02
0	102.8000	98.9860	1.0500	1	3.90E-02
0	103.2000	99.4110	1.0500	1	3.89E-02
0	103.5610	99.9340	1.0500	1	4.24E-02
0	103.5780	100.0220	1.0500	1	5.98E-03
0	103.4450	100.2330	1.0500	1	1.66E-02
0	103.0260	100.7860	1.0500	1	4.63E-02
0	102.5060	101.2520	1.0500	1	4.66E-02
0	102.0310	101.5580	1.0500	1	3.77E-02
0	101.4630	101.8200	1.0500	1	4.17E-02
0	100.8980	101.9880	1.0500	1	3.93E-02
0	100.2590	102.0770	1.0500	1	4.30E-02
0	99.6350	102.0780	1.0500	1	4.16E-02
0	94.6820	101.6010	1.0500	1	3.32E-01
0	94.6730	101.5860	1.0500	1	1.17E-03
0	94.9830	101.2480	1.0500	1	3.53E-03
0	94.9400	101.1450	1.0500	1	5.97E-03
0	94.8980	101.0430	1.0500	1	5.90E-03
0	94.8550	100.9400	1.0500	1	5.97E-03
0	94.8130	100.8370	1.0500	1	5.95E-03
0	94.7700	100.7350	1.0500	1	5.92E-03
0	94.7840	100.6050	1.0500	1	7.00E-03
0	94.9560	100.6460	1.0500	1	9.46E-03
0	95.1290	100.6870	1.0500	1	9.52E-03
0	95.8310	101.3890	1.0500	1	5.31E-02
0	96.5160	101.4530	1.0500	1	3.68E-02
0	95.4550	100.3920	1.0500	1	8.03E-02
0	94.9290	99.2520	1.0500	1	9.66E-03
0	94.9890	99.2880	1.0500	1	3.75E-03
0	95.0490	99.3230	1.0500	1	3.72E-03
0	95.1100	99.3590	1.0500	1	3.79E-03
0	95.3690	99.5860	1.0500	1	1.84E-02
0	95.4750	99.7410	1.0500	1	1.01E-02
0	95.5810	99.8970	1.0500	1	1.01E-02
0	97.2020	101.5180	1.0500	1	1.23E-01
0	97.8880	101.5820	1.0500	1	3.69E-02
0	94.8900	98.6020	1.0500	1	2.26E-01
0	94.7850	98.5150	1.0500	1	7.30E-03
0	94.7960	98.5560	1.0500	1	2.27E-03
0	94.7250	98.5750	1.0500	1	3.93E-03
0	94.7440	98.5040	1.0500	1	3.93E-03
0	95.5650	98.6380	1.0500	1	4.45E-02
0	98.5730	101.6470	1.0500	1	2.28E-01
0	99.2590	101.7110	1.0500	1	3.69E-02
0	96.1340	98.5860	1.0500	1	2.37E-01
0	96.7030	98.5340	1.0500	1	3.06E-02
0	99.9260	101.7560	1.0500	1	2.44E-01
0	100.5100	101.7200	1.0500	1	3.13E-02
0	97.2720	98.4820	1.0500	1	2.45E-01
0	97.8410	98.4290	1.0500	1	3.06E-02
0	101.0260	101.6150	1.0500	1	2.41E-01
0	101.4860	101.4530	1.0500	1	2.61E-02
0	98.4100	98.3770	1.0500	1	2.33E-01
0	98.9790	98.3250	1.0500	1	3.06E-02
0	101.9040	101.2500	1.0500	1	2.21E-01
0	102.2840	101.0080	1.0500	1	2.41E-02
0	99.5480	98.2730	1.0500	1	2.07E-01
0	100.1590	98.2630	1.0500	1	3.27E-02
0	102.6210	100.7250	1.0500	1	1.86E-01
0	102.8690	99.5820	1.0500	1	9.00E-03
0	103.1630	100.0010	1.0500	1	2.74E-02
0	102.9130	100.3450	1.0500	1	2.28E-02
0	101.8990	99.3450	1.0500	1	7.62E-02
0	100.9460	98.3920	1.0500	1	7.21E-02
0	101.3690	98.5160	1.0500	1	2.36E-02
0	101.7970	98.7110	1.0500	1	2.52E-02
0	102.2030	98.9630	1.0500	1	2.56E-02
0	102.7080	99.4320	1.0500	1	3.69E-02
0	102.7080	99.4320	1.1000	1	3.85E-04
0	94.5990	101.5620	1.1000	1	6.45E-02
0	94.5500	101.3610	1.1000	1	1.38E-02
0	94.5500	100.6170	1.1000	1	4.96E-02
0	94.5160	100.2670	1.1000	1	2.34E-02
0	94.6440	100.3780	1.1000	1	1.13E-02
0	94.9460	100.4030	1.1000	1	2.02E-02
0	95.1090	100.3080	1.1000	1	1.26E-02
0	95.2080	100.1790	1.1000	1	1.08E-02
0	95.2560	99.9840	1.1000	1	1.34E-02
0	95.1510	99.7350	1.1000	1	1.80E-02
0	95.0240	99.6310	1.1000	1	1.09E-02
0	94.8590	99.5840	1.1000	1	1.14E-02
0	94.6960	99.6020	1.1000	1	1.09E-02
0	94.5350	99.7220	1.1000	1	1.34E-02
0	94.5500	98.7000	1.1000	1	6.81E-02
0	94.6180	98.4080	1.1000	1	2.00E-02
0	94.7080	98.3610	1.1000	1	6.77E-03
0	99.6190	97.8920	1.1000	1	3.29E-01
0	100.5340	97.9080	1.1000	1	6.10E-02
0	101.0490	98.0050	1.1000	1	3.49E-02
0	101.5450	98.1650	1.1000	1	3.47E-02
0	102.0020	98.3760	1.1000	1	3.36E-02
0	102.4470	98.6510	1.1000	1	3.49E-02
0	102.8410	98.9680	1.1000	1	3.37E-02
0	103.2420	99.3920	1.1000	1	3.89E-02
0	103.6170	99.9340	1.1000	1	4.39E-02
0	103.6290	100.0560	1.1000	1	8.17E-03
0	103.1400	100.7300	1.1000	1	5.55E-02
0	102.4880	101.3190	1.1000	1	5.86E-02
0	101.9390	101.6580	1.1000	1	4.30E-02
0	101.3800	101.8960	1.1000	1	4.05E-02
0	100.7570	102.0580	1.1000	1	4.29E-02
0	100.2580	102.1090	1.1000	1	3.34E-02
0	99.6270	102.1090	1.1000	1	4.21E-02
0	94.7330	101.6420	1.1000	1	3.28E-01
0	94.6370	101.6000	1.1000	1	6.99E-03
0	95.8420	98.5860	1.1000	1	2.50E-02
0	95.1130	99.3140	1.1000	1	5.34E-02
0	94.9350	99.3620	1.1000	1	9.55E-03
0	94.7580	99.4110	1.1000	1	9.52E-03
0	94.7440	99.2550	1.1000	1	8.12E-03
0	94.7790	99.1700	1.1000	1	4.76E-03
0	94.8140	99.0850	1.1000	1	4.76E-03
0	94.8500	99	1.1000	1	4.78E-03
0	94.8850	98.9140	1.1000	1	4.81E-03
0	94.9200	98.8290	1.1000	1	4.76E-03
0	94.9550	98.7440	1.1000	1	4.76E-03
0	95.4510	99.5970	1.1000	1	7.59E-03
0	96.5260	98.5220	1.1000	1	7.88E-02
0	97.2110	98.4590	1.1000	1	3.56E-02
0	95.5610	100.1090	1.1000	1	1.21E-01
0	95.4500	100.2640	1.1000	1	9.88E-03
0	95.3400	100.4200	1.1000	1	9.89E-03
0	95.2520	100.5180	1.1000	1	6.82E-03
0	95.1350	100.5940	1.1000	1	7.23E-03
0	95.0170	100.6690	1.1000	1	7.24E-03
0	94.9000	100.7450	1.1000	1	7.23E-03
0	94.7550	101.5100	1.1000	1	4.03E-02
0	94.7140	101.5210	1.1000	1	2.20E-03
0	94.6940	101.4500	1.1000	1	3.82E-03
0	94.7660	101.4690	1.1000	1	3.86E-03
0	94.8620	101.4010	1.1000	1	6.10E-03
0	94.9590	101.3320	1.1000	1	6.17E-03
0	97.8960	98.3950	1.1000	1	2.15E-01
0	98.5810	98.3310	1.1000	1	3.56E-02
0	95.5260	101.3870	1.1000	1	2.24E-01
0	96.0930	101.4410	1.1000	1	2.95E-02
0	99.2660	98.2680	1.1000	1	2.33E-01
0	99.9280	98.2270	1.1000	1	3.44E-02
0	96.6600	101.4950	1.1000	1	2.39E-01
0	97.2270	101.5490	1.1000	1	2.95E-02
0	100.5330	98.2430	1.1000	1	2.42E-01
0	101.0460	98.3510	1.1000	1	2.72E-02
0	97.7940	101.6030	1.1000	1	2.38E-01
0	98.3610	101.6570	1.1000	1	2.95E-02
0	101.5080	98.5100	1.1000	1	2.31E-01
0	101.9250	98.7150	1.1000	1	2.41E-02
0	98.9290	101.7110	1.1000	1	2.20E-01
0	99.4960	101.7650	1.1000	1	2.95E-02
0	102.3030	98.9580	1.1000	1	2.06E-01
0	102.6440	99.2380	1.1000	1	2.29E-02
0	100.0890	101.7930	1.1000	1	1.87E-01
0	102.7830	99.7750	1.1000	1	2.59E-02
0	101.9270	100.6320	1.1000	1	6.28E-02
0	100.9260	101.6330	1.1000	1	7.33E-02
0	101.2670	101.5430	1.1000	1	1.83E-02
0	101.7690	101.3290	1.1000	1	2.83E-02
0	102.2650	101.0230	1.1000	1	3.02E-02
0	102.8360	100.4950	1.1000	1	4.03E-02
0	103.2020	100.0270	1.1000	1	3.08E-02
0	103.2300	99.9890	1.1000	1	2.45E-03
0	102.9340	99.6160	1.1000	1	2.47E-02
0	102.9340	99.6160	1.1500	1	3.85E-04
0	94.5870	101.5840	1.1500	1	6.60E-02
0	94.5530	101.5270	1.1500	1	4.42E-03
0	94.4970	100.2220	1.1500	1	8.71E-02
0	94.6290	100.3780	1.1500	1	1.36E-02
0	94.7900	100.4170	1.1500	1	1.10E-02
0	94.9320	100.4030	1.1500	1	9.51E-03
0	95.0940	100.3080	1.1500	1	1.25E-02
0	95.1940	100.1790	1.1500	1	1.09E-02
0	95.2410	99.9840	1.1500	1	1.34E-02
0	95.1360	99.7350	1.1500	1	1.80E-02
0	95.0100	99.6310	1.1500	1	1.09E-02
0	94.8450	99.5840	1.1500	1	1.14E-02
0	94.6810	99.6020	1.1500	1	1.10E-02
0	94.5160	99.7260	1.1500	1	1.38E-02
0	94.5300	98.6840	1.1500	1	6.95E-02
0	94.5980	98.3850	1.1500	1	2.04E-02
0	94.6880	98.3370	1.1500	1	6.80E-03
0	99.8040	97.8430	1.1500	1	3.43E-01
0	100.5320	97.8760	1.1500	1	4.86E-02
0	101.0590	97.9740	1.1500	1	3.57E-02
0	101.5630	98.1350	1.1500	1	3.53E-02
0	102.0280	98.3490	1.1500	1	3.41E-02
0	102.4900	98.6350	1.1500	1	3.62E-02
0	102.9410	99.0120	1.1500	1	3.92E-02
0	103.2960	99.3890	1.1500	1	3.45E-02
0	103.6720	99.9330	1.1500	1	4.41E-02
0	103.6840	100.0570	1.1500	1	8.31E-03
0	103.1860	100.7430	1.1500	1	5.65E-02
0	102.5220	101.3420	1.1500	1	5.96E-02
0	101.9990	101.6670	1.1500	1	4.11E-02
0	101.3950	101.9260	1.1500	1	4.38E-02
0	100.7630	102.0890	1.1500	1	4.35E-02
0	100.2580	102.1410	1.1500	1	3.38E-02
0	99.6200	102.1390	1.1500	1	4.25E-02
0	95.1490	101.7070	1.1500	1	2.99E-01
0	94.6220	101.6410	1.1500	1	3.54E-02
0	94.6180	101.6350	1.1500	1	4.81E-04
0	94.9330	101.2930	1.1500	1	3.58E-03
0	94.8870	101.1850	1.1500	1	5.87E-03
0	94.8410	101.0770	1.1500	1	5.87E-03
0	94.7950	100.9690	1.1500	1	5.87E-03
0	94.7500	100.8610	1.1500	1	5.85E-03
0	94.7040	100.7530	1.1500	1	5.87E-03
0	94.7250	100.6120	1.1500	1	7.13E-03
0	94.8920	100.6610	1.1500	1	8.70E-03
0	95.0580	100.7100	1.1500	1	8.65E-03
0	95.7860	101.4380	1.1500	1	5.15E-02
0	96.4740	101.5040	1.1500	1	3.46E-02
0	95.3980	100.4280	1.1500	1	7.61E-02
0	94.8590	99.2680	1.1500	1	9.84E-03
0	94.9620	99.3220	1.1500	1	5.81E-03
0	95.0660	99.3770	1.1500	1	5.88E-03
0	95.3790	99.6720	1.1500	1	2.15E-02
0	95.4760	99.8270	1.1500	1	9.14E-03
0	95.5730	99.9820	1.1500	1	9.14E-03
0	97.1620	101.5710	1.1500	1	1.12E-01
0	97.8490	101.6370	1.1500	1	3.45E-02
0	94.8660	98.6540	1.1500	1	2.11E-01
0	95.4300	98.5970	1.1500	1	2.83E-02
0	98.5370	101.7030	1.1500	1	2.20E-01
0	99.2240	101.7700	1.1500	1	3.45E-02
0	95.9960	98.5420	1.1500	1	2.28E-01
0	96.5630	98.4870	1.1500	1	2.85E-02
0	99.8940	101.8180	1.1500	1	2.36E-01
0	100.4840	101.7870	1.1500	1	2.95E-02
0	97.1290	98.4320	1.1500	1	2.37E-01
0	97.6960	98.3780	1.1500	1	2.85E-02
0	101.0050	101.6870	1.1500	1	2.34E-01
0	101.4730	101.5340	1.1500	1	2.46E-02
0	98.2620	98.3230	1.1500	1	2.27E-01
0	98.8290	98.2680	1.1500	1	2.85E-02
0	101.9000	101.3400	1.1500	1	2.17E-01
0	102.2840	101.1020	1.1500	1	2.26E-02
0	99.3950	98.2140	1.1500	1	2.04E-01
0	99.9860	98.1830	1.1500	1	2.96E-02
0	102.6160	100.8130	1.1500	1	1.86E-01
0	102.9420	100.5180	1.1500	1	2.20E-02
0	100.6590	98.2350	1.1500	1	1.61E-01
0	102.8740	99.3780	1.1500	1	1.92E-02
0	102.3180	98.8600	1.1500	1	3.80E-02
0	101.8880	98.5950	1.1500	1	2.53E-02
0	101.3490	98.3710	1.1500	1	2.92E-02
0	102.1050	99.1270	1.1500	1	5.35E-02
0	103.2080	100.2160	1.1500	1	7.75E-02
0	103.3630	100.0020	1.1500	1	1.32E-02
0	103.0340	99.5270	1.1500	1	2.89E-02
0	103.0340	99.5270	1.2000	1	3.85E-04
0	94.5610	101.6110	1.2000	1	6.71E-02
0	94.5100	101.3790	1.2000	1	1.58E-02
0	94.5100	100.5790	1.2000	1	5.33E-02
0	94.4750	100.2380	1.2000	1	2.29E-02
0	94.5830	100.3620	1.2000	1	1.10E-02
0	94.7390	100.4140	1.2000	1	1.10E-02
0	94.9030	100.4030	1.2000	1	1.10E-02
0	95.0520	100.3320	1.2000	1	1.10E-02
0	95.1650	100.2030	1.2000	1	1.14E-02
0	95.2270	99.9840	1.2000	1	1.52E-02
0	95.1220	99.7350	1.2000	1	1.80E-02
0	94.9970	99.6320	1.2000	1	1.08E-02
0	94.8540	99.5860	1.2000	1	1.00E-02
0	94.6980	99.5930	1.2000	1	1.04E-02
0	94.5090	99.7030	1.2000	1	1.46E-02
0	94.5100	98.6820	1.2000	1	6.81E-02
0	94.5800	98.3620	1.2000	1	2.18E-02
0	94.6690	98.3140	1.2000	1	6.74E-03
0	99.8920	97.8030	1.2000	1	3.50E-01
0	100.5740	97.8490	1.2000	1	4.56E-02
0	101.0700	97.9430	1.2000	1	3.37E-02
0	101.5540	98.0950	1.2000	1	3.38E-02
0	102.0550	98.3230	1.2000	1	3.67E-02
0	102.4900	98.5890	1.2000	1	3.40E-02
0	102.8920	98.9060	1.2000	1	3.41E-02
0	103.2800	99.2980	1.2000	1	3.68E-02
0	103.5910	99.7020	1.2000	1	3.40E-02
0	103.7420	100.0500	1.2000	1	2.53E-02
0	103.3420	100.6090	1.2000	1	4.58E-02
0	102.9990	100.9900	1.2000	1	3.42E-02
0	102.5470	101.3520	1.2000	1	3.86E-02
0	102.0270	101.6920	1.2000	1	4.14E-02
0	101.4480	101.9430	1.2000	1	4.21E-02
0	100.8070	102.1140	1.2000	1	4.42E-02
0	100.1530	102.1850	1.2000	1	4.39E-02
0	99.6130	102.1690	1.2000	1	3.60E-02
0	94.6940	101.6880	1.2000	1	3.29E-01
0	94.6000	101.6470	1.2000	1	6.84E-03
0	95.8100	98.5340	1.2000	1	2.57E-02
0	95.0430	99.3010	1.2000	1	5.42E-02
0	94.8760	99.3540	1.2000	1	8.76E-03
0	94.7090	99.4080	1.2000	1	8.78E-03
0	94.6860	99.2540	1.2000	1	7.79E-03
0	94.7240	99.1610	1.2000	1	5.02E-03
0	94.7630	99.0690	1.2000	1	5.00E-03
0	94.8010	98.9760	1.2000	1	5.02E-03
0	94.8400	98.8830	1.2000	1	5.04E-03
0	94.8780	98.7910	1.2000	1	4.98E-03
0	94.9160	98.6980	1.2000	1	5.02E-03
0	95.4030	99.5620	1.2000	1	7.63E-03
0	96.4990	98.4660	1.2000	1	7.75E-02
0	97.1870	98.3990	1.2000	1	3.46E-02
0	95.5450	100.0410	1.2000	1	1.16E-01
0	95.4460	100.1960	1.2000	1	9.20E-03
0	95.3460	100.3510	1.2000	1	9.22E-03
0	95.1790	100.5280	1.2000	1	1.22E-02
0	95.0690	100.5950	1.2000	1	6.44E-03
0	94.9580	100.6620	1.2000	1	6.48E-03
0	94.8470	100.7280	1.2000	1	6.46E-03
0	94.8400	101.3680	1.2000	1	3.20E-02
0	97.8760	98.3320	1.2000	1	2.15E-01
0	98.5640	98.2640	1.2000	1	3.46E-02
0	95.4020	101.4260	1.2000	1	2.24E-01
0	95.9680	101.4820	1.2000	1	2.84E-02
0	99.2530	98.1970	1.2000	1	2.32E-01
0	99.9170	98.1540	1.2000	1	3.33E-02
0	96.5340	101.5370	1.2000	1	2.39E-01
0	97.1000	101.5920	1.2000	1	2.84E-02
0	100.5170	98.1760	1.2000	1	2.42E-01
0	101.0350	98.2780	1.2000	1	2.64E-02
0	97.6660	101.6480	1.2000	1	2.38E-01
0	98.2320	101.7030	1.2000	1	2.84E-02
0	101.5010	98.4330	1.2000	1	2.31E-01
0	101.9260	98.6300	1.2000	1	2.34E-02
0	98.7980	101.7580	1.2000	1	2.21E-01
0	99.3630	101.8140	1.2000	1	2.84E-02
0	102.3100	98.8670	1.2000	1	2.08E-01
0	102.6580	99.1410	1.2000	1	2.21E-02
0	99.9490	101.8490	1.2000	1	1.92E-01
0	100.6170	101.8030	1.2000	1	3.35E-02
0	102.9680	99.4510	1.2000	1	1.66E-01
0	103.2440	99.7300	1.2000	1	1.96E-02
0	103.4310	100	1.2000	1	1.64E-02
0	103.3600	100.0990	1.2000	1	6.09E-03
0	103.0100	100.5450	1.2000	1	2.83E-02
0	102.7160	100.8400	1.2000	1	2.08E-02
0	102.1590	101.2880	1.2000	1	3.57E-02
0	101.2770	101.6970	1.2000	1	4.86E-02
0	101.9630	101.0110	1.2000	1	4.85E-02
0	102.7340	100.2710	1.2000	1	5.34E-02
0	103.0930	99.8900	1.2000	1	2.62E-02
0	103.0930	99.8900	1.2500	1	3.85E-04
0	94.5390	101.6230	1.2500	1	6.71E-02
0	94.4910	101.3810	1.2500	1	1.64E-02
0	94.4910	100.5820	1.2500	1	5.33E-02
0	94.4570	100.2390	1.2500	1	2.30E-02
0	94.5680	100.3620	1.2500	1	1.10E-02
0	94.7250	100.4140	1.2500	1	1.10E-02
0	94.8890	100.4030	1.2500	1	1.10E-02
0	95.0370	100.3320	1.2500	1	1.09E-02
0	95.1500	100.2030	1.2500	1	1.14E-02
0	95.2120	99.9830	1.2500	1	1.52E-02
0	95.1070	99.7350	1.2500	1	1.80E-02
0	94.9830	99.6320	1.2500	1	1.07E-02
0	94.8390	99.5860	1.2500	1	1.01E-02
0	94.6830	99.5940	1.2500	1	1.04E-02
0	94.4900	99.7060	1.2500	1	1.49E-02
0	94.4910	98.6750	1.2500	1	6.87E-02
0	94.5550	98.3480	1.2500	1	2.22E-02
0	94.6500	98.2920	1.2500	1	7.35E-03
0	99.6040	97.8010	1.2500	1	3.32E-01
0	100.1640	97.7910	1.2500	1	3.73E-02
0	100.7060	97.8430	1.2500	1	3.63E-02
0	101.2040	97.9530	1.2500	1	3.40E-02
0	101.7240	98.1330	1.2500	1	3.67E-02
0	102.1780	98.3560	1.2500	1	3.37E-02
0	102.6040	98.6310	1.2500	1	3.38E-02
0	102.9950	98.9520	1.2500	1	3.37E-02
0	103.3570	99.3290	1.2500	1	3.48E-02
0	103.7740	99.9170	1.2500	1	4.81E-02
0	103.7910	100.0620	1.2500	1	9.73E-03
0	103.2860	100.7580	1.2500	1	5.73E-02
0	102.6230	101.3610	1.2500	1	5.97E-02
0	102.0490	101.7200	1.2500	1	4.51E-02
0	101.4650	101.9720	1.2500	1	4.24E-02
0	100.8150	102.1440	1.2500	1	4.48E-02
0	100.1520	102.2150	1.2500	1	4.45E-02
0	99.6060	102.1990	1.2500	1	3.64E-02
0	94.6750	101.7110	1.2500	1	3.30E-01
0	94.5710	101.6650	1.2500	1	7.58E-03
0	94.8860	101.2710	1.2500	1	3.88E-03
0	94.8370	101.3210	1.2500	1	3.50E-03
0	94.8550	101.3890	1.2500	1	3.52E-03
0	94.9230	101.4080	1.2500	1	3.53E-03
0	94.9730	101.3580	1.2500	1	3.54E-03
0	94.9550	101.2900	1.2500	1	3.52E-03
0	94.6720	100.5540	1.2500	1	3.94E-02
0	94.6530	100.6250	1.2500	1	3.67E-03
0	94.7240	100.6060	1.2500	1	3.67E-03
0	94.7130	100.5650	1.2500	1	2.12E-03
0	94.8490	100.6380	1.2500	1	7.72E-03
0	94.9860	100.7110	1.2500	1	7.76E-03
0	95.7630	101.4870	1.2500	1	5.49E-02
0	96.4520	101.5560	1.2500	1	3.46E-02
0	95.3480	100.4510	1.2500	1	7.81E-02
0	94.8110	99.2810	1.2500	1	9.90E-03
0	94.9240	99.3380	1.2500	1	6.33E-03
0	95.0380	99.3960	1.2500	1	6.40E-03
0	95.3540	99.7080	1.2500	1	2.22E-02
0	95.4450	99.8630	1.2500	1	8.99E-03
0	95.5360	100.0190	1.2500	1	9.03E-03
0	97.1420	101.6240	1.2500	1	1.14E-01
0	97.8310	101.6920	1.2500	1	3.46E-02
0	94.8200	98.6810	1.2500	1	2.13E-01
0	94.8160	98.5590	1.2500	1	6.10E-03
0	94.8130	98.4370	1.2500	1	6.10E-03
0	94.7030	98.4560	1.2500	1	5.58E-03
0	95.3170	98.5570	1.2500	1	3.11E-02
0	98.5210	101.7600	1.2500	1	2.27E-01
0	99.2100	101.8280	1.2500	1	3.46E-02
0	95.8820	98.5010	1.2500	1	2.35E-01
0	96.4470	98.4450	1.2500	1	2.84E-02
0	99.8800	101.8770	1.2500	1	2.43E-01
0	100.4730	101.8490	1.2500	1	2.97E-02
0	97.0130	98.3890	1.2500	1	2.45E-01
0	97.5780	98.3330	1.2500	1	2.84E-02
0	100.9990	101.7540	1.2500	1	2.42E-01
0	101.4750	101.6090	1.2500	1	2.49E-02
0	98.1430	98.2770	1.2500	1	2.36E-01
0	98.7090	98.2210	1.2500	1	2.84E-02
0	101.9070	101.4200	1.2500	1	2.26E-01
0	102.2900	101.1810	1.2500	1	2.26E-02
0	99.2740	98.1650	1.2500	1	2.13E-01
0	99.8560	98.1260	1.2500	1	2.92E-02
0	102.6350	100.9050	1.2500	1	1.97E-01
0	102.9600	100.6090	1.2500	1	2.20E-02
0	100.4950	98.1430	1.2500	1	1.74E-01
0	101.2420	98.2930	1.2500	1	3.81E-02
0	101.9250	98.5700	1.2500	1	3.69E-02
0	102.3340	98.8180	1.2500	1	2.39E-02
0	102.7240	99.1420	1.2500	1	2.54E-02
0	103.0790	99.5020	1.2500	1	2.53E-02
0	103.4560	99.9920	1.2500	1	3.09E-02
0	103.2390	100.2920	1.2500	1	1.85E-02
0	102.7550	99.7870	1.2500	1	3.50E-02
0	102.0850	99.1360	1.2500	1	4.67E-02
0	101.3980	98.4480	1.2500	1	4.86E-02
0	101.3980	98.4480	1.3000	1	3.85E-04
0	94.5220	101.6540	1.3000	1	5.84E-02
0	94.4720	101.3820	1.3000	1	1.84E-02
0	94.4720	100.5860	1.3000	1	5.31E-02
0	94.4390	100.2400	1.3000	1	2.32E-02
0	94.5530	100.3620	1.3000	1	1.11E-02
0	94.7100	100.4140	1.3000	1	1.10E-02
0	94.8740	100.4030	1.3000	1	1.10E-02
0	95.0220	100.3320	1.3000	1	1.09E-02
0	95.1350	100.2030	1.3000	1	1.14E-02
0	95.1970	99.9840	1.3000	1	1.52E-02
0	95.0930	99.7350	1.3000	1	1.80E-02
0	94.9690	99.6330	1.3000	1	1.07E-02
0	94.8230	99.5860	1.3000	1	1.02E-02
0	94.6680	99.5940	1.3000	1	1.03E-02
0	94.4710	99.7100	1.3000	1	1.52E-02
0	94.4720	98.6800	1.3000	1	6.87E-02
0	94.5440	98.3160	1.3000	1	2.47E-02
0	94.6310	98.2690	1.3000	1	6.59E-03
0	99.5350	97.7790	1.3000	1	3.29E-01
0	100.0520	97.7530	1.3000	1	3.45E-02
0	100.5830	97.7890	1.3000	1	3.55E-02
0	101.1130	97.8890	1.3000	1	3.60E-02
0	101.6280	98.0530	1.3000	1	3.60E-02
0	102.1060	98.2710	1.3000	1	3.50E-02
0	102.5560	98.5450	1.3000	1	3.51E-02
0	102.9710	98.8710	1.3000	1	3.52E-02
0	103.3440	99.2440	1.3000	1	3.52E-02
0	103.6570	99.6430	1.3000	1	3.38E-02
0	103.8690	99.9880	1.3000	1	2.70E-02
0	103.8610	100.0350	1.3000	1	3.18E-03
0	103.3480	100.7510	1.3000	1	5.87E-02
0	102.6900	101.3580	1.3000	1	5.97E-02
0	102.1100	101.7260	1.3000	1	4.58E-02
0	101.4810	102.0010	1.3000	1	4.58E-02
0	100.8220	102.1740	1.3000	1	4.54E-02
0	100.1510	102.2450	1.3000	1	4.50E-02
0	99.6010	102.2280	1.3000	1	3.67E-02
0	94.6570	101.7330	1.3000	1	3.31E-01
0	94.5610	101.6910	1.3000	1	6.99E-03
0	98.1770	101.7040	1.3000	1	2.78E-02
0	98.6100	101.2710	1.3000	1	4.08E-02
0	98.6760	101.1650	1.3000	1	8.32E-03
0	98.7750	100.8740	1.3000	1	2.05E-02
0	98.7810	100.5350	1.3000	1	2.26E-02
0	97.7710	101.5440	1.3000	1	9.52E-02
0	97.2060	101.5440	1.3000	1	3.77E-02
0	98.7810	99.9690	1.3000	1	1.48E-01
0	98.7810	99.4030	1.3000	1	3.77E-02
0	96.6400	101.5440	1.3000	1	2.02E-01
0	96.4410	101.5110	1.3000	1	1.34E-02
0	96.2120	101.4060	1.3000	1	1.68E-02
0	98.7080	98.9100	1.3000	1	2.35E-01
0	98.6600	98.8050	1.3000	1	7.70E-03
0	98.5740	98.6850	1.3000	1	9.84E-03
0	98.4590	98.5940	1.3000	1	9.78E-03
0	95.9630	101.0900	1.3000	1	2.35E-01
0	95.8950	100.8620	1.3000	1	1.59E-02
0	95.8910	100.5960	1.3000	1	1.77E-02
0	98.0320	98.4560	1.3000	1	2.02E-01
0	97.4660	98.4560	1.3000	1	3.77E-02
0	95.8910	100.0310	1.3000	1	1.48E-01
0	95.8910	99.4650	1.3000	1	3.77E-02
0	96.9000	98.4560	1.3000	1	9.51E-02
0	96.5610	98.4610	1.3000	1	2.26E-02
0	96.2700	98.5600	1.3000	1	2.05E-02
0	96.1630	98.6270	1.3000	1	8.42E-03
0	95.7310	99.0590	1.3000	1	4.07E-02
0	98.5750	98.2470	1.3000	1	2.28E-02
0	98.8240	98.4290	1.3000	1	1.54E-02
0	98.9010	98.5430	1.3000	1	6.88E-03
0	99.3710	98.0730	1.3000	1	3.32E-02
0	98.3690	98.1730	1.3000	1	5.03E-02
0	98.0790	98.1490	1.3000	1	1.45E-02
0	96.8150	98.2120	1.3000	1	6.33E-02
0	95.6090	98.5720	1.3000	1	9.68E-03
0	95.4930	98.7860	1.3000	1	1.22E-02
0	95.4440	98.9650	1.3000	1	9.28E-03
0	95.4070	99.5110	1.3000	1	2.74E-02
0	95.1180	99.2650	1.3000	1	1.90E-02
0	94.8710	99.2000	1.3000	1	1.28E-02
0	94.8780	98.6460	1.3000	1	2.77E-02
0	95.3910	98.5940	1.3000	1	2.58E-02
0	95.4090	100.4680	1.3000	1	1.44E-02
0	95.4250	100.9350	1.3000	1	2.34E-02
0	95.5980	101.4280	1.3000	1	2.61E-02
0	94.8910	101.3570	1.3000	1	3.55E-02
0	94.8760	100.7850	1.3000	1	2.86E-02
0	94.9590	100.7800	1.3000	1	4.16E-03
0	95.1750	100.7000	1.3000	1	1.15E-02
0	95.2530	100.6220	1.3000	1	5.52E-03
0	99.1340	98.8570	1.3000	1	3.28E-02
0	99.8950	98.0960	1.3000	1	5.38E-02
0	100.4980	98.1130	1.3000	1	3.02E-02
0	99.1950	99.4160	1.3000	1	9.21E-02
0	99.1950	100.0380	1.3000	1	3.11E-02
0	101.0250	98.2080	1.3000	1	1.29E-01
0	101.4970	98.3570	1.3000	1	2.47E-02
0	99.1950	100.6590	1.3000	1	1.63E-01
0	99.1360	100.8290	1.3000	1	9.00E-03
0	99.0760	100.9990	1.3000	1	9.01E-03
0	99.0350	101.0100	1.3000	1	2.12E-03
0	99.0160	100.9390	1.3000	1	3.67E-03
0	99.0870	100.9580	1.3000	1	3.67E-03
0	98.6710	101.8040	1.3000	1	7.25E-03
0	101.9250	98.5500	1.3000	1	2.30E-01
0	102.3130	98.7830	1.3000	1	2.26E-02
0	99.2360	101.8600	1.3000	1	2.18E-01
0	99.8130	101.9050	1.3000	1	2.89E-02
0	102.6670	99.0510	1.3000	1	2.02E-01
0	102.9860	99.3520	1.3000	1	2.19E-02
0	100.4570	101.8810	1.3000	1	1.79E-01
0	100.4840	101.9640	1.3000	1	4.36E-03
0	100.5110	102.0460	1.3000	1	4.32E-03
0	101.0620	101.9400	1.3000	1	2.81E-02
0	101.2360	101.7240	1.3000	1	1.39E-02
0	103.2730	99.6870	1.3000	1	1.44E-01
0	103.5330	99.9930	1.3000	1	2.01E-02
0	103.3840	100.1690	1.3000	1	1.15E-02
0	103.2350	100.3440	1.3000	1	1.15E-02
0	103.0860	100.5200	1.3000	1	1.15E-02
0	102.4880	101.0950	1.3000	1	4.15E-02
0	102.4880	101.0950	1.3500	1	3.85E-04
0	96.5110	100.9240	1.3500	1	4.60E-02
0	96.4140	100.8420	1.3500	1	8.47E-03
0	96.4110	99.1950	1.3500	1	1.10E-01
0	96.5780	98.9750	1.3500	1	1.84E-02
0	98.0410	98.9750	1.3500	1	9.75E-02
0	98.2190	99.0650	1.3500	1	1.33E-02
0	98.2610	99.1950	1.3500	1	9.11E-03
0	98.2610	100.8080	1.3500	1	1.08E-01
0	98.2180	100.9350	1.3500	1	8.94E-03
0	98.0410	101.0250	1.3500	1	1.32E-02
0	96.6300	101.0250	1.3500	1	9.41E-02
0	96.5570	100.9630	1.3500	1	6.39E-03
0	94.3860	100.0390	1.3500	1	1.81E-02
0	94.3930	99.9540	1.3500	1	5.69E-03
0	94.5020	101.6640	1.3500	1	1.32E-02
0	94.4840	101.6450	1.3500	1	1.74E-03
0	94.4740	100.9340	1.3500	1	4.74E-02
0	94.4250	100.2400	1.3500	1	4.64E-02
0	94.5390	100.3620	1.3500	1	1.11E-02
0	94.8360	100.4130	1.3500	1	2.01E-02
0	95.0740	100.2830	1.3500	1	1.81E-02
0	95.1830	99.9820	1.3500	1	2.13E-02
0	95.0520	99.6980	1.3500	1	2.09E-02
0	94.8080	99.5860	1.3500	1	1.79E-02
0	94.6520	99.5940	1.3500	1	1.04E-02
0	94.4510	99.7210	1.3500	1	1.59E-02
0	94.4530	98.6710	1.3500	1	7.00E-02
0	94.5150	98.3070	1.3500	1	2.46E-02
0	94.6130	98.2470	1.3500	1	7.66E-03
0	99.5520	97.7480	1.3500	1	3.31E-01
0	100.0620	97.7240	1.3500	1	3.40E-02
0	100.5870	97.7590	1.3500	1	3.51E-02
0	101.1430	97.8650	1.3500	1	3.77E-02
0	101.6470	98.0260	1.3500	1	3.53E-02
0	102.1320	98.2460	1.3500	1	3.55E-02
0	102.5890	98.5240	1.3500	1	3.57E-02
0	103.0100	98.8550	1.3500	1	3.57E-02
0	103.3890	99.2320	1.3500	1	3.56E-02
0	103.7400	99.6830	1.3500	1	3.81E-02
0	103.9020	100.0520	1.3500	1	2.69E-02
0	103.3920	100.7630	1.3500	1	5.83E-02
0	102.7280	101.3750	1.3500	1	6.02E-02
0	102.1360	101.7510	1.3500	1	4.68E-02
0	101.5050	102.0260	1.3500	1	4.59E-02
0	100.8300	102.2030	1.3500	1	4.65E-02
0	100.1520	102.2740	1.3500	1	4.54E-02
0	99.5950	102.2570	1.3500	1	3.72E-02
0	94.5750	101.7400	1.3500	1	3.36E-01
0	94.5440	101.7070	1.3500	1	3.02E-03
0	94.7820	99.2710	1.3500	1	1.88E-02
0	94.8020	98.5590	1.3500	1	3.56E-02
0	95.8590	98.4520	1.3500	1	5.31E-02
0	96.2400	98.3930	1.3500	1	1.93E-02
0	96.6200	98.3330	1.3500	1	1.92E-02
0	97.5600	98.2580	1.3500	1	4.71E-02
0	97.5530	98.3530	1.3500	1	4.76E-03
0	97.8670	98.6690	1.3500	1	2.23E-02
0	96.6380	98.6880	1.3500	1	6.15E-02
0	96.4160	98.7410	1.3500	1	1.14E-02
0	96.1440	99.0150	1.3500	1	1.93E-02
0	96.0910	99.1220	1.3500	1	5.97E-03
0	96.0880	99.4850	1.3500	1	1.82E-02
0	96.0710	99.7970	1.3500	1	1.56E-02
0	96.0540	100.1090	1.3500	1	1.56E-02
0	96.0710	100.4700	1.3500	1	1.81E-02
0	96.0870	100.8320	1.3500	1	1.81E-02
0	96.1570	100.9920	1.3500	1	8.73E-03
0	96.4910	101.2810	1.3500	1	2.21E-02
0	96.5600	101.2960	1.3500	1	3.53E-03
0	96.6290	101.3100	1.3500	1	3.52E-03
0	97.5680	101.3300	1.3500	1	4.70E-02
0	97.5460	101.4390	1.3500	1	5.56E-03
0	97.8660	101.7740	1.3500	1	2.32E-02
0	96.5760	101.6620	1.3500	1	6.47E-02
0	96.2400	101.6070	1.3500	1	1.70E-02
0	95.9030	101.5520	1.3500	1	1.71E-02
0	94.8100	101.4420	1.3500	1	5.49E-02
0	94.7980	100.7310	1.3500	1	3.56E-02
0	94.8830	100.7300	1.3500	1	4.25E-03
0	95.2560	100.5540	1.3500	1	2.06E-02
0	95.4160	100.3430	1.3500	1	1.32E-02
0	95.4800	100.1620	1.3500	1	9.60E-03
0	95.5440	99.9820	1.3500	1	9.55E-03
0	95.4320	99.7530	1.3500	1	1.27E-02
0	95.3200	99.5230	1.3500	1	1.28E-02
0	95.0550	99.3190	1.3500	1	1.67E-02
0	94.9980	99.3090	1.3500	1	2.89E-03
0	95.5410	98.9460	1.3500	1	3.27E-02
0	95.4850	99.0030	1.3500	1	4.00E-03
0	95.5060	99.0800	1.3500	1	3.99E-03
0	95.5830	99.1000	1.3500	1	3.98E-03
0	95.6390	99.0440	1.3500	1	3.96E-03
0	95.6180	98.9670	1.3500	1	3.99E-03
0	95.5510	100.9080	1.3500	1	1.49E-02
0	95.4950	100.9640	1.3500	1	3.96E-03
0	95.5160	101.0390	1.3500	1	3.89E-03
0	95.5910	101.0590	1.3500	1	3.88E-03
0	95.6460	101.0040	1.3500	1	3.89E-03
0	95.6260	100.9290	1.3500	1	3.88E-03
0	98.0340	101.3530	1.3500	1	1.88E-02
0	98.4950	101.8140	1.3500	1	3.26E-02
0	98.4580	101.1560	1.3500	1	3.30E-02
0	99.1860	101.8840	1.3500	1	5.15E-02
0	99.8580	101.9350	1.3500	1	3.37E-02
0	98.5910	100.6670	1.3500	1	8.96E-02
0	98.5910	100.0460	1.3500	1	3.10E-02
0	100.4560	101.9110	1.3500	1	1.32E-01
0	100.9870	101.8210	1.3500	1	2.69E-02
0	98.5910	99.4250	1.3500	1	1.69E-01
0	98.5190	99.2700	1.3500	1	8.55E-03
0	98.4470	99.1140	1.3500	1	8.59E-03
0	98.3360	98.9540	1.3500	1	9.74E-03
0	98.0210	98.2340	1.3500	1	3.93E-02
0	101.4690	101.6820	1.3500	1	2.44E-01
0	101.9020	101.4940	1.3500	1	2.36E-02
0	98.5850	98.1770	1.3500	1	2.35E-01
0	99.1490	98.1200	1.3500	1	2.83E-02
0	102.2910	101.2620	1.3500	1	2.22E-01
0	102.6500	100.9990	1.3500	1	2.23E-02
0	99.7200	98.0700	1.3500	1	2.07E-01
0	100.3450	98.0730	1.3500	1	3.13E-02
0	102.9730	100.7010	1.3500	1	1.86E-01
0	103.2660	100.3730	1.3500	1	2.20E-02
0	101.0850	98.1920	1.3500	1	1.54E-01
0	102.3820	98.8220	1.3500	1	1.11E-02
0	102.7390	99.1570	1.3500	1	2.45E-02
0	103.0950	99.4920	1.3500	1	2.44E-02
0	103.2690	99.6890	1.3500	1	1.31E-02
0	103.4430	99.8860	1.3500	1	1.31E-02
0	103.4430	99.8860	1.4000	1	3.85E-04
0	96.4140	100.8180	1.4000	1	5.45E-02
0	96.4110	99.1950	1.4000	1	1.08E-01
0	96.5770	98.9750	1.4000	1	1.84E-02
0	98.0410	98.9750	1.4000	1	9.76E-02
0	98.2170	99.0630	1.4000	1	1.31E-02
0	98.2610	99.1950	1.4000	1	9.28E-03
0	98.2610	100.8050	1.4000	1	1.07E-01
0	98.2160	100.9380	1.4000	1	9.36E-03
0	98.0410	101.0250	1.4000	1	1.30E-02
0	96.6300	101.0250	1.4000	1	9.41E-02
0	96.4400	100.8660	1.4000	1	1.65E-02
0	94.4920	101.6900	1.4000	1	1.63E-02
0	94.4590	101.6040	1.4000	1	6.14E-03
0	94.4360	100.2930	1.4000	1	8.74E-02
0	94.5240	100.3620	1.4000	1	7.46E-03
0	94.7720	100.4240	1.4000	1	1.70E-02
0	95.0600	100.2820	1.4000	1	2.14E-02
0	95.1680	99.9820	1.4000	1	2.13E-02
0	95.0380	99.6990	1.4000	1	2.08E-02
0	94.7920	99.5860	1.4000	1	1.80E-02
0	94.6370	99.5940	1.4000	1	1.03E-02
0	94.4340	99.7180	1.4000	1	1.59E-02
0	94.4340	98.6700	1.4000	1	6.99E-02
0	94.4980	98.2850	1.4000	1	2.60E-02
0	94.5950	98.2250	1.4000	1	7.60E-03
0	99.5890	97.7160	1.4000	1	3.35E-01
0	100.1240	97.7000	1.4000	1	3.57E-02
0	100.6690	97.7460	1.4000	1	3.65E-02
0	101.2070	97.8570	1.4000	1	3.66E-02
0	101.7470	98.0370	1.4000	1	3.79E-02
0	102.2250	98.2640	1.4000	1	3.53E-02
0	102.6730	98.5460	1.4000	1	3.53E-02
0	103.0840	98.8760	1.4000	1	3.51E-02
0	103.4770	99.2800	1.4000	1	3.76E-02
0	103.9330	99.9150	1.4000	1	5.21E-02
0	103.9540	100.0510	1.4000	1	9.17E-03
0	103.4490	100.7590	1.4000	1	5.80E-02
0	102.7920	101.3720	1.4000	1	5.99E-02
0	102.1980	101.7560	1.4000	1	4.72E-02
0	101.5530	102.0420	1.4000	1	4.70E-02
0	100.8790	102.2250	1.4000	1	4.66E-02
0	100.1930	102.3020	1.4000	1	4.60E-02
0	99.5910	102.2840	1.4000	1	4.02E-02
0	94.6210	101.7770	1.4000	1	3.33E-01
0	94.5190	101.7400	1.4000	1	7.23E-03
0	96.6190	98.3140	1.4000	1	3.09E-02
0	97.8600	98.2060	1.4000	1	6.23E-02
0	97.5260	98.5540	1.4000	1	2.41E-02
0	97.5440	98.6630	1.4000	1	5.52E-03
0	96.6380	98.6820	1.4000	1	4.53E-02
0	96.4140	98.7380	1.4000	1	1.15E-02
0	96.1450	99.0110	1.4000	1	1.92E-02
0	96.0920	99.1170	1.4000	1	5.93E-03
0	96.0880	99.4820	1.4000	1	1.83E-02
0	96.0700	99.7970	1.4000	1	1.58E-02
0	96.0510	100.1110	1.4000	1	1.57E-02
0	96.0700	100.4730	1.4000	1	1.81E-02
0	96.0880	100.8350	1.4000	1	1.81E-02
0	96.1590	100.9970	1.4000	1	8.84E-03
0	96.4890	101.2840	1.4000	1	2.19E-02
0	96.6280	101.3170	1.4000	1	7.14E-03
0	97.8360	101.3360	1.4000	1	6.04E-02
0	97.5260	101.6460	1.4000	1	2.19E-02
0	97.5160	101.7590	1.4000	1	5.67E-03
0	96.5730	101.6810	1.4000	1	4.73E-02
0	96.2350	101.6290	1.4000	1	1.71E-02
0	95.8970	101.5760	1.4000	1	1.71E-02
0	94.7840	101.4630	1.4000	1	5.59E-02
0	94.7740	100.7430	1.4000	1	3.60E-02
0	94.8340	100.7410	1.4000	1	3.00E-03
0	95.2390	100.5540	1.4000	1	2.23E-02
0	95.4010	100.3420	1.4000	1	1.33E-02
0	95.4670	100.1620	1.4000	1	9.59E-03
0	95.5330	99.9820	1.4000	1	9.59E-03
0	95.4200	99.7530	1.4000	1	1.28E-02
0	95.3060	99.5230	1.4000	1	1.28E-02
0	95.0440	99.3200	1.4000	1	1.66E-02
0	94.7630	99.2710	1.4000	1	1.43E-02
0	94.7860	98.5370	1.4000	1	3.67E-02
0	96.1270	98.3870	1.4000	1	6.75E-02
0	96.4020	98.3470	1.4000	1	1.39E-02
0	95.6320	98.9900	1.4000	1	7.72E-03
0	95.5740	98.9320	1.4000	1	4.10E-03
0	95.4940	98.9530	1.4000	1	4.14E-03
0	95.4730	99.0330	1.4000	1	4.14E-03
0	95.5310	99.0910	1.4000	1	4.10E-03
0	95.6110	99.0700	1.4000	1	4.14E-03
0	95.6390	100.9740	1.4000	1	1.46E-02
0	95.5820	100.9160	1.4000	1	4.07E-03
0	95.5030	100.9370	1.4000	1	4.09E-03
0	95.4820	101.0160	1.4000	1	4.09E-03
0	95.5400	101.0730	1.4000	1	4.07E-03
0	95.6180	101.0520	1.4000	1	4.04E-03
0	98.0170	98.6460	1.4000	1	2.61E-02
0	98.5050	98.1580	1.4000	1	3.45E-02
0	98.4480	98.8360	1.4000	1	3.40E-02
0	99.1970	98.0870	1.4000	1	5.30E-02
0	99.8680	98.0370	1.4000	1	3.36E-02
0	98.5900	99.3150	1.4000	1	9.04E-02
0	98.5900	99.9360	1.4000	1	3.11E-02
0	100.4750	98.0510	1.4000	1	1.33E-01
0	101.0070	98.1400	1.4000	1	2.70E-02
0	98.5910	100.5570	1.4000	1	1.71E-01
0	97.9800	101.7890	1.4000	1	1.06E-02
0	101.4840	98.2850	1.4000	1	2.48E-01
0	101.9170	98.4730	1.4000	1	2.36E-02
0	98.5440	101.8460	1.4000	1	2.39E-01
0	99.1070	101.9040	1.4000	1	2.83E-02
0	102.3120	98.6990	1.4000	1	2.27E-01
0	102.6720	98.9610	1.4000	1	2.23E-02
0	99.6750	101.9570	1.4000	1	2.12E-01
0	100.2950	101.9590	1.4000	1	3.10E-02
0	102.9990	99.2540	1.4000	1	1.91E-01
0	103.2950	99.5800	1.4000	1	2.20E-02
0	101.0330	101.8420	1.4000	1	1.60E-01
0	102.5440	101.0540	1.4000	1	1.31E-02
0	103.1350	100.4840	1.4000	1	4.11E-02
0	103.2730	100.3210	1.4000	1	1.07E-02
0	103.4110	100.1570	1.4000	1	1.07E-02
0	103.5490	99.9940	1.4000	1	1.07E-02
0	103.5490	99.9940	1.4500	1	3.85E-04
0	96.4340	100.8630	1.4500	1	5.51E-02
0	96.4110	100.8430	1.4500	1	2.03E-03
0	96.4110	99.1950	1.4500	1	1.10E-01
0	96.5770	98.9750	1.4500	1	1.84E-02
0	98.0410	98.9750	1.4500	1	9.76E-02
0	98.2150	99.0600	1.4500	1	1.29E-02
0	98.2610	99.1950	1.4500	1	9.51E-03
0	98.2610	100.8050	1.4500	1	1.07E-01
0	98.2140	100.9410	1.4500	1	9.59E-03
0	98.0410	101.0250	1.4500	1	1.28E-02
0	96.6300	101.0250	1.4500	1	9.41E-02
0	96.4810	100.9010	1.4500	1	1.29E-02
0	94.4670	101.6990	1.4500	1	1.67E-02
0	94.4160	101.3850	1.4500	1	2.12E-02
0	94.4160	100.5940	1.4500	1	5.27E-02
0	94.3880	100.3380	1.4500	1	1.72E-02
0	94.3600	100.0820	1.4500	1	1.72E-02
0	94.4080	100.2370	1.4500	1	1.08E-02
0	94.5090	100.3620	1.4500	1	1.07E-02
0	94.6660	100.4140	1.4500	1	1.10E-02
0	94.8300	100.4030	1.4500	1	1.10E-02
0	95.0460	100.2810	1.4500	1	1.65E-02
0	95.1420	100.0520	1.4500	1	1.66E-02
0	95.1260	99.8760	1.4500	1	1.18E-02
0	94.9950	99.6710	1.4500	1	1.62E-02
0	94.7060	99.5750	1.4500	1	2.03E-02
0	94.4760	99.6590	1.4500	1	1.63E-02
0	94.4020	99.7410	1.4500	1	7.36E-03
0	94.4340	99.2030	1.4500	1	3.59E-02
0	94.4200	98.6740	1.4500	1	3.53E-02
0	94.4810	98.2640	1.4500	1	2.76E-02
0	94.5780	98.2040	1.4500	1	7.60E-03
0	98.7650	97.7730	1.4500	1	2.81E-01
0	100.0430	97.6670	1.4500	1	8.55E-02
0	100.5990	97.7020	1.4500	1	3.71E-02
0	101.1270	97.7990	1.4500	1	3.58E-02
0	101.6450	97.9580	1.4500	1	3.61E-02
0	102.1590	98.1850	1.4500	1	3.75E-02
0	102.6180	98.4590	1.4500	1	3.56E-02
0	103.0550	98.7940	1.4500	1	3.67E-02
0	103.4480	99.1790	1.4500	1	3.67E-02
0	103.7910	99.6060	1.4500	1	3.65E-02
0	104.0090	100.0450	1.4500	1	3.27E-02
0	103.5310	100.7260	1.4500	1	5.55E-02
0	102.8600	101.3650	1.4500	1	6.18E-02
0	102.2620	101.7590	1.4500	1	4.77E-02
0	101.6100	102.0550	1.4500	1	4.77E-02
0	100.9280	102.2450	1.4500	1	4.72E-02
0	100.2360	102.3280	1.4500	1	4.65E-02
0	99.5860	102.3120	1.4500	1	4.33E-02
0	94.6040	101.7990	1.4500	1	3.34E-01
0	94.4890	101.7490	1.4500	1	8.36E-03
0	94.7500	100.7220	1.4500	1	8.15E-03
0	94.9970	100.6870	1.4500	1	1.25E-02
0	95.3130	100.4690	1.4500	1	1.92E-02
0	95.4160	100.2480	1.4500	1	1.22E-02
0	95.5200	100.0280	1.4500	1	1.22E-02
0	95.4540	99.7520	1.4500	1	1.42E-02
0	95.3520	99.6090	1.4500	1	8.78E-03
0	95.2490	99.4670	1.4500	1	8.77E-03
0	95.0210	99.3310	1.4500	1	1.33E-02
0	94.7490	99.2580	1.4500	1	1.41E-02
0	94.7700	98.5150	1.4500	1	3.72E-02
0	96.2310	98.3500	1.4500	1	7.35E-02
0	96.6180	98.2960	1.4500	1	1.95E-02
0	97.4300	98.2280	1.4500	1	4.07E-02
0	97.4250	98.3230	1.4500	1	4.76E-03
0	97.7590	98.6590	1.4500	1	2.37E-02
0	96.6380	98.6750	1.4500	1	5.61E-02
0	96.4110	98.7350	1.4500	1	1.17E-02
0	96.1470	99.0070	1.4500	1	1.90E-02
0	96.0940	99.1080	1.4500	1	5.70E-03
0	96.0860	99.4820	1.4500	1	1.87E-02
0	96.0670	99.7970	1.4500	1	1.58E-02
0	96.0490	100.1120	1.4500	1	1.58E-02
0	96.0690	100.4760	1.4500	1	1.82E-02
0	96.0890	100.8390	1.4500	1	1.82E-02
0	96.1600	101	1.4500	1	8.80E-03
0	96.4870	101.2860	1.4500	1	2.17E-02
0	96.6280	101.3230	1.4500	1	7.29E-03
0	97.4780	101.3400	1.4500	1	4.25E-02
0	97.4560	101.4500	1.4500	1	5.61E-03
0	97.8020	101.8100	1.4500	1	2.50E-02
0	96.5700	101.7000	1.4500	1	6.18E-02
0	96.2300	101.6500	1.4500	1	1.72E-02
0	94.7670	101.4840	1.4500	1	7.36E-02
0	94.7550	100.9420	1.4500	1	2.71E-02
0	95.1460	101.0830	1.4500	1	2.08E-02
0	95.5590	100.7810	1.4500	1	2.56E-02
0	95.7010	100.5740	1.4500	1	1.26E-02
0	95.7150	100.9690	1.4500	1	1.98E-02
0	95.8510	101.2060	1.4500	1	1.37E-02
0	95.3160	101.1510	1.4500	1	2.69E-02
0	95.3300	99.0590	1.4500	1	1.61E-02
0	95.4490	99.1190	1.4500	1	6.66E-03
0	95.7030	99.4510	1.4500	1	2.09E-02
0	95.7170	99.0260	1.4500	1	2.13E-02
0	95.8370	98.7940	1.4500	1	1.31E-02
0	95.1340	98.8660	1.4500	1	3.53E-02
0	95.1340	98.9600	1.4500	1	4.70E-03
0	97.9490	101.3530	1.4500	1	2.84E-02
0	98.4610	101.8650	1.4500	1	3.62E-02
0	98.4080	101.1900	1.4500	1	3.39E-02
0	99.1540	101.9360	1.4500	1	5.28E-02
0	99.8270	101.9880	1.4500	1	3.38E-02
0	98.5120	100.6540	1.4500	1	9.37E-02
0	98.4330	100.5570	1.4500	1	6.25E-03
0	98.4440	100.5980	1.4500	1	2.12E-03
0	98.3730	100.6170	1.4500	1	3.67E-03
0	98.3920	100.5460	1.4500	1	3.67E-03
0	98.5900	100.1300	1.4500	1	2.30E-02
0	100.4330	101.9730	1.4500	1	1.30E-01
0	100.9720	101.8910	1.4500	1	2.73E-02
0	98.5900	99.5090	1.4500	1	1.68E-01
0	98.5410	99.3390	1.4500	1	8.85E-03
0	98.4920	99.1680	1.4500	1	8.89E-03
0	98.5030	99.2090	1.4500	1	2.12E-03
0	98.4310	99.2280	1.4500	1	3.72E-03
0	98.4500	99.1570	1.4500	1	3.67E-03
0	97.8960	98.1930	1.4500	1	8.55E-03
0	101.4580	101.7550	1.4500	1	2.52E-01
0	101.8900	101.5660	1.4500	1	2.36E-02
0	98.4590	98.1350	1.4500	1	2.43E-01
0	99.0220	98.0770	1.4500	1	2.83E-02
0	102.2910	101.3460	1.4500	1	2.31E-01
0	102.6640	101.0970	1.4500	1	2.24E-02
0	99.5860	98.0190	1.4500	1	2.18E-01
0	100.1940	98.0070	1.4500	1	3.04E-02
0	102.9820	100.7940	1.4500	1	1.97E-01
0	103.2960	100.4870	1.4500	1	2.20E-02
0	100.9010	98.0920	1.4500	1	1.69E-01
0	102.3790	98.8120	1.4500	1	1.26E-02
0	102.7420	99.1510	1.4500	1	2.48E-02
0	103.1060	99.4890	1.4500	1	2.48E-02
0	103.2710	99.6740	1.4500	1	1.24E-02
0	103.4370	99.8580	1.4500	1	1.24E-02
0	103.4370	99.8580	1.5000	1	3.85E-04
0	96.5570	100.9640	1.5000	1	5.36E-02
0	96.4150	100.8480	1.5000	1	1.22E-02
0	96.4110	99.1950	1.5000	1	1.10E-01
0	96.5760	98.9750	1.5000	1	1.83E-02
0	98.0410	98.9750	1.5000	1	9.77E-02
0	98.2130	99.0580	1.5000	1	1.27E-02
0	98.2610	99.1950	1.5000	1	9.68E-03
0	98.2610	100.8050	1.5000	1	1.07E-01
0	98.2120	100.9430	1.5000	1	9.76E-03
0	98.0410	101.0250	1.5000	1	1.26E-02
0	96.6300	101.0250	1.5000	1	9.41E-02
0	96.6030	101.0020	1.5000	1	2.36E-03
0	94.4490	101.7130	1.5000	1	1.74E-02
0	94.3980	101.3860	1.5000	1	2.21E-02
0	94.3980	100.5970	1.5000	1	5.26E-02
0	94.3710	100.3390	1.5000	1	1.73E-02
0	94.3440	100.0820	1.5000	1	1.72E-02
0	94.3930	100.2380	1.5000	1	1.09E-02
0	94.4950	100.3620	1.5000	1	1.07E-02
0	94.6510	100.4140	1.5000	1	1.10E-02
0	94.8160	100.4030	1.5000	1	1.10E-02
0	95.0330	100.2800	1.5000	1	1.66E-02
0	95.1390	99.9820	1.5000	1	2.11E-02
0	95.0110	99.7010	1.5000	1	2.06E-02
0	94.7610	99.5850	1.5000	1	1.84E-02
0	94.6060	99.5940	1.5000	1	1.04E-02
0	94.4610	99.6590	1.5000	1	1.06E-02
0	94.3710	99.7900	1.5000	1	1.06E-02
0	94.3980	99.6180	1.5000	1	1.16E-02
0	94.3980	98.6420	1.5000	1	6.51E-02
0	94.4560	98.2570	1.5000	1	2.60E-02
0	94.5760	98.1810	1.5000	1	9.47E-03
0	99.5410	97.6660	1.5000	1	3.33E-01
0	100.0550	97.6400	1.5000	1	3.43E-02
0	100.6060	97.6740	1.5000	1	3.68E-02
0	101.1390	97.7710	1.5000	1	3.61E-02
0	101.6640	97.9320	1.5000	1	3.66E-02
0	102.1710	98.1550	1.5000	1	3.69E-02
0	102.6500	98.4390	1.5000	1	3.71E-02
0	103.0920	98.7780	1.5000	1	3.71E-02
0	103.4910	99.1680	1.5000	1	3.72E-02
0	103.8230	99.5790	1.5000	1	3.52E-02
0	104.0590	100.0460	1.5000	1	3.49E-02
0	103.5560	100.7570	1.5000	1	5.81E-02
0	102.8960	101.3830	1.5000	1	6.06E-02
0	102.2890	101.7820	1.5000	1	4.84E-02
0	101.6290	102.0810	1.5000	1	4.83E-02
0	100.9390	102.2720	1.5000	1	4.77E-02
0	100.2130	102.3570	1.5000	1	4.87E-02
0	99.5840	102.3390	1.5000	1	4.20E-02
0	94.5870	101.8200	1.5000	1	3.35E-01
0	94.4660	101.7670	1.5000	1	8.81E-03
0	96.6170	98.2770	1.5000	1	3.15E-02
0	97.7820	98.1720	1.5000	1	5.85E-02
0	97.4250	98.5410	1.5000	1	2.57E-02
0	97.4420	98.6540	1.5000	1	5.71E-03
0	96.6380	98.6690	1.5000	1	4.02E-02
0	96.4090	98.7330	1.5000	1	1.19E-02
0	96.0950	99.1030	1.5000	1	2.43E-02
0	96.0870	99.4760	1.5000	1	1.87E-02
0	96.0660	99.7950	1.5000	1	1.60E-02
0	96.0460	100.1140	1.5000	1	1.60E-02
0	96.0680	100.4780	1.5000	1	1.82E-02
0	96.0890	100.8420	1.5000	1	1.82E-02
0	96.1610	101.0040	1.5000	1	8.86E-03
0	96.4850	101.2880	1.5000	1	2.15E-02
0	96.6270	101.3290	1.5000	1	7.39E-03
0	97.7160	101.3450	1.5000	1	5.45E-02
0	97.3830	101.6770	1.5000	1	2.35E-02
0	97.3750	101.7860	1.5000	1	5.46E-03
0	96.5670	101.7180	1.5000	1	4.05E-02
0	95.8840	101.6230	1.5000	1	3.45E-02
0	94.7500	101.5050	1.5000	1	5.70E-02
0	94.7320	100.7220	1.5000	1	3.92E-02
0	94.9840	100.6870	1.5000	1	1.27E-02
0	95.3000	100.4670	1.5000	1	1.93E-02
0	95.4000	100.2570	1.5000	1	1.16E-02
0	95.5000	100.0470	1.5000	1	1.16E-02
0	95.5070	99.9150	1.5000	1	6.61E-03
0	95.4130	99.7610	1.5000	1	9.02E-03
0	95.3180	99.6060	1.5000	1	9.09E-03
0	95.2240	99.4520	1.5000	1	9.02E-03
0	94.8990	99.2850	1.5000	1	1.83E-02
0	94.7280	99.2720	1.5000	1	8.57E-03
0	94.7420	98.4950	1.5000	1	3.89E-02
0	96.4000	98.3060	1.5000	1	8.34E-02
0	95.8400	98.7750	1.5000	1	3.65E-02
0	95.7130	99.0170	1.5000	1	1.37E-02
0	95.6980	99.4540	1.5000	1	2.19E-02
0	95.4360	99.1130	1.5000	1	2.15E-02
0	95.1200	98.9530	1.5000	1	1.77E-02
0	95.1200	98.8500	1.5000	1	5.15E-03
0	95.6210	98.7980	1.5000	1	2.52E-02
0	95.6950	100.5700	1.5000	1	1.36E-02
0	95.7110	100.9780	1.5000	1	2.04E-02
0	95.8540	101.2240	1.5000	1	1.42E-02
0	95.1360	101.1500	1.5000	1	3.61E-02
0	95.1350	101.0930	1.5000	1	2.85E-03
0	95.5720	100.7520	1.5000	1	2.77E-02
0	97.9230	98.6410	1.5000	1	2.43E-02
0	98.4540	98.1100	1.5000	1	3.75E-02
0	98.3860	98.7990	1.5000	1	3.46E-02
0	99.1480	98.0380	1.5000	1	5.38E-02
0	99.8230	97.9840	1.5000	1	3.39E-02
0	98.5160	99.2940	1.5000	1	9.25E-02
0	98.4430	99.3720	1.5000	1	5.34E-03
0	98.3720	99.3530	1.5000	1	3.67E-03
0	98.3910	99.4240	1.5000	1	3.67E-03
0	98.4320	99.4130	1.5000	1	2.12E-03
0	98.5900	99.8380	1.5000	1	2.27E-02
0	100.4340	97.9940	1.5000	1	1.30E-01
0	100.9730	98.0760	1.5000	1	2.73E-02
0	98.5900	100.4590	1.5000	1	1.69E-01
0	98.5470	100.6090	1.5000	1	7.80E-03
0	98.5030	100.7580	1.5000	1	7.77E-03
0	98.4320	100.7390	1.5000	1	3.67E-03
0	98.4510	100.8100	1.5000	1	3.67E-03
0	98.4920	100.7990	1.5000	1	2.12E-03
0	97.8440	101.8270	1.5000	1	9.35E-03
0	101.4570	98.2130	1.5000	1	2.56E-01
0	101.8970	98.3950	1.5000	1	2.38E-02
0	98.4060	101.8850	1.5000	1	2.47E-01
0	98.9690	101.9440	1.5000	1	2.83E-02
0	102.2990	98.6140	1.5000	1	2.35E-01
0	102.6670	98.8670	1.5000	1	2.23E-02
0	99.5320	102.0020	1.5000	1	2.22E-01
0	100.1300	102.0250	1.5000	1	2.99E-02
0	103.0030	99.1520	1.5000	1	2.03E-01
0	103.3090	99.4670	1.5000	1	2.20E-02
0	100.8220	101.9540	1.5000	1	1.76E-01
0	101.4420	101.9050	1.5000	1	3.11E-02
0	101.4010	101.9160	1.5000	1	2.12E-03
0	101.3820	101.8450	1.5000	1	3.67E-03
0	101.4530	101.8640	1.5000	1	3.67E-03
0	101.5860	101.7710	1.5000	1	8.11E-03
0	101.7200	101.6780	1.5000	1	8.16E-03
0	103.5830	99.8150	1.5000	1	1.32E-01
0	103.8450	99.9960	1.5000	1	1.59E-02
0	103.3520	100.5810	1.5000	1	3.83E-02
0	102.7350	101.1810	1.5000	1	4.30E-02
0	102.7350	101.1810	1.5500	1	3.85E-04
0	96.5900	100.9920	1.5500	1	4.73E-02
0	96.4150	100.8490	1.5500	1	1.51E-02
0	96.4110	99.1950	1.5500	1	1.10E-01
0	96.5760	98.9750	1.5500	1	1.83E-02
0	98.0410	98.9750	1.5500	1	9.77E-02
0	98.2110	99.0560	1.5500	1	1.26E-02
0	98.2600	99.1770	1.5500	1	8.70E-03
0	98.2610	100.8050	1.5500	1	1.09E-01
0	98.2100	100.9450	1.5500	1	9.93E-03
0	98.0410	101.0250	1.5500	1	1.25E-02
0	96.6390	101.0250	1.5500	1	9.35E-02
0	94.4270	101.7190	1.5500	1	1.78E-02
0	94.4060	101.6640	1.5500	1	3.92E-03
0	94.4030	100.7240	1.5500	1	6.27E-02
0	94.3860	100.4820	1.5500	1	1.62E-02
0	94.3680	100.2390	1.5500	1	1.62E-02
0	94.4820	100.3570	1.5500	1	1.09E-02
0	94.6370	100.4140	1.5500	1	1.10E-02
0	94.7660	100.4160	1.5500	1	8.60E-03
0	95.0190	100.2790	1.5500	1	1.92E-02
0	95.1240	99.9820	1.5500	1	2.10E-02
0	94.9970	99.7020	1.5500	1	2.05E-02
0	94.7450	99.5850	1.5500	1	1.85E-02
0	94.5900	99.5950	1.5500	1	1.04E-02
0	94.4460	99.6590	1.5500	1	1.05E-02
0	94.3550	99.7900	1.5500	1	1.06E-02
0	94.3810	99.6170	1.5500	1	1.17E-02
0	94.3810	98.6710	1.5500	1	6.31E-02
0	94.4470	98.2220	1.5500	1	3.03E-02
0	94.5450	98.1620	1.5500	1	7.66E-03
0	99.6220	97.6330	1.5500	1	3.40E-01
0	100.1730	97.6200	1.5500	1	3.67E-02
0	100.7800	97.6760	1.5500	1	4.06E-02
0	101.3220	97.7960	1.5500	1	3.70E-02
0	101.8430	97.9760	1.5500	1	3.67E-02
0	102.3840	98.2420	1.5500	1	4.02E-02
0	102.8050	98.5120	1.5500	1	3.33E-02
0	103.2280	98.8560	1.5500	1	3.63E-02
0	103.6420	99.2920	1.5500	1	4.01E-02
0	104.0850	99.9140	1.5500	1	5.09E-02
0	104.1100	100.0070	1.5500	1	6.42E-03
0	103.9080	100.3710	1.5500	1	2.78E-02
0	103.5980	100.7700	1.5500	1	3.37E-02
0	102.9300	101.4000	1.5500	1	6.12E-02
0	102.3150	101.8040	1.5500	1	4.91E-02
0	101.6530	102.1040	1.5500	1	4.85E-02
0	100.9490	102.2990	1.5500	1	4.87E-02
0	100.2420	102.3830	1.5500	1	4.75E-02
0	99.5810	102.3650	1.5500	1	4.41E-02
0	94.5700	101.8410	1.5500	1	3.36E-01
0	94.4590	101.8000	1.5500	1	7.89E-03
0	94.4490	101.7750	1.5500	1	1.80E-03
0	95.1160	101.0510	1.5500	1	7.57E-03
0	95.5420	100.7850	1.5500	1	2.51E-02
0	95.6900	100.5660	1.5500	1	1.32E-02
0	95.7060	100.9860	1.5500	1	2.10E-02
0	95.8570	101.2420	1.5500	1	1.49E-02
0	95.2250	101.1760	1.5500	1	3.18E-02
0	94.7100	99.2720	1.5500	1	1.52E-02
0	94.7400	98.4730	1.5500	1	4.00E-02
0	96.6170	98.2590	1.5500	1	9.45E-02
0	97.3100	98.2000	1.5500	1	3.48E-02
0	97.3070	98.2940	1.5500	1	4.70E-03
0	97.6610	98.6500	1.5500	1	2.51E-02
0	96.6380	98.6630	1.5500	1	5.12E-02
0	96.4070	98.7310	1.5500	1	1.20E-02
0	96.1490	98.9990	1.5500	1	1.86E-02
0	96.0900	99.1490	1.5500	1	8.06E-03
0	96.0750	99.4100	1.5500	1	1.31E-02
0	96.0600	99.6710	1.5500	1	1.31E-02
0	96.0430	100.1160	1.5500	1	2.23E-02
0	96.0670	100.4810	1.5500	1	1.83E-02
0	96.0900	100.8450	1.5500	1	1.82E-02
0	96.1620	101.0080	1.5500	1	8.91E-03
0	96.4830	101.2910	1.5500	1	2.14E-02
0	96.6270	101.3350	1.5500	1	7.53E-03
0	97.4310	101.3510	1.5500	1	4.02E-02
0	97.4060	101.4820	1.5500	1	6.67E-03
0	97.7450	101.8440	1.5500	1	2.48E-02
0	96.5640	101.7350	1.5500	1	5.93E-02
0	94.7310	101.5260	1.5500	1	9.22E-02
0	94.7240	100.7570	1.5500	1	3.85E-02
0	94.8300	100.7380	1.5500	1	5.38E-03
0	95.2020	100.5480	1.5500	1	2.09E-02
0	95.2870	100.4650	1.5500	1	5.94E-03
0	95.3880	100.2560	1.5500	1	1.16E-02
0	95.4890	100.0470	1.5500	1	1.16E-02
0	95.4960	99.9140	1.5500	1	6.66E-03
0	95.4000	99.7600	1.5500	1	9.07E-03
0	95.3050	99.6060	1.5500	1	9.05E-03
0	95.2090	99.4520	1.5500	1	9.07E-03
0	94.9240	99.3060	1.5500	1	1.60E-02
0	95.0160	99.1270	1.5500	1	1.01E-02
0	95.1080	98.9480	1.5500	1	1.01E-02
0	95.1080	98.8340	1.5500	1	5.70E-03
0	95.8420	98.7570	1.5500	1	3.69E-02
0	95.7090	99.0090	1.5500	1	1.42E-02
0	95.6930	99.4580	1.5500	1	2.25E-02
0	95.4240	99.1070	1.5500	1	2.21E-02
0	95.3040	99.0470	1.5500	1	6.71E-03
0	97.7810	98.1550	1.5500	1	2.03E-02
0	98.4580	98.8310	1.5500	1	4.78E-02
0	97.9170	101.3960	1.5500	1	2.02E-02
0	98.4340	101.9140	1.5500	1	3.66E-02
0	99.1280	101.9860	1.5500	1	3.49E-02
0	98.3600	101.2190	1.5500	1	5.43E-02
0	98.5900	100.8270	1.5500	1	2.27E-02
0	99.8040	102.0410	1.5500	1	8.58E-02
0	100.4150	102.0310	1.5500	1	3.06E-02
0	98.5900	100.2060	1.5500	1	1.29E-01
0	98.5890	99.5840	1.5500	1	3.11E-02
0	100.9600	101.9540	1.5500	1	1.68E-01
0	101.4460	101.8190	1.5500	1	2.52E-02
0	98.4700	98.8430	1.5500	1	2.10E-01
0	98.3440	98.0960	1.5500	1	3.79E-02
0	101.8850	101.6370	1.5500	1	2.50E-01
0	102.2930	101.4240	1.5500	1	2.30E-02
0	98.9060	98.0370	1.5500	1	2.39E-01
0	99.4680	97.9780	1.5500	1	2.83E-02
0	102.6680	101.1780	1.5500	1	2.26E-01
0	102.9960	100.8850	1.5500	1	2.20E-02
0	100.0630	97.9510	1.5500	1	2.07E-01
0	100.7360	98.0040	1.5500	1	3.38E-02
0	103.3160	100.5830	1.5500	1	1.82E-01
0	101.4010	97.9990	1.5500	1	2.47E-02
0	100.6570	97.8160	1.5500	1	3.83E-02
0	101.5750	98.2210	1.5500	1	7.72E-03
0	103.5950	100.2410	1.5500	1	1.43E-01
0	103.6540	99.7510	1.5500	1	2.47E-02
0	103.3080	99.3860	1.5500	1	2.51E-02
0	102.9610	99.0210	1.5500	1	2.52E-02
0	102.7620	98.8440	1.5500	1	1.33E-02
0	102.5620	98.6680	1.5500	1	1.33E-02
0	102.5620	98.6680	1.6000	1	3.85E-04
0	96.6300	101.0250	1.6000	1	4.91E-02
0	96.4150	100.8510	1.6000	1	1.84E-02
0	96.4110	99.1950	1.6000	1	1.10E-01
0	96.5760	98.9750	1.6000	1	1.83E-02
0	98.0410	98.9750	1.6000	1	9.77E-02
0	98.2100	99.0540	1.6000	1	1.24E-02
0	98.2610	99.1950	1.6000	1	1.00E-02
0	98.2610	100.3290	1.6000	1	7.56E-02
0	98.2600	100.8270	1.6000	1	3.32E-02
0	98.2090	100.9470	1.6000	1	8.69E-03
0	98.0410	101.0250	1.6000	1	1.23E-02
0	96.6900	101.0250	1.6000	1	9.01E-02
0	94.4150	101.7380	1.6000	1	1.83E-02
0	94.3640	101.3490	1.6000	1	2.62E-02
0	94.3640	100.6000	1.6000	1	4.99E-02
0	94.3380	100.3420	1.6000	1	1.73E-02
0	94.3130	100.0840	1.6000	1	1.73E-02
0	94.3620	100.2380	1.6000	1	1.08E-02
0	94.4660	100.3620	1.6000	1	1.08E-02
0	94.6220	100.4140	1.6000	1	1.10E-02
0	94.7860	100.4030	1.6000	1	1.10E-02
0	95.0050	100.2780	1.6000	1	1.68E-02
0	95.1100	99.9820	1.6000	1	2.09E-02
0	94.9830	99.7020	1.6000	1	2.05E-02
0	94.7300	99.5850	1.6000	1	1.86E-02
0	94.5750	99.5950	1.6000	1	1.04E-02
0	94.4310	99.6590	1.6000	1	1.05E-02
0	94.3390	99.7890	1.6000	1	1.06E-02
0	94.3640	99.6160	1.6000	1	1.17E-02
0	94.3640	98.7050	1.6000	1	6.07E-02
0	94.4320	98.2010	1.6000	1	3.39E-02
0	94.5290	98.1420	1.6000	1	7.57E-03
0	99.6180	97.6080	1.6000	1	3.41E-01
0	100.1310	97.5920	1.6000	1	3.42E-02
0	100.7050	97.6380	1.6000	1	3.84E-02
0	101.3010	97.7600	1.6000	1	4.06E-02
0	101.8240	97.9360	1.6000	1	3.68E-02
0	102.3310	98.1750	1.6000	1	3.74E-02
0	102.8000	98.4670	1.6000	1	3.68E-02
0	103.2000	98.7820	1.6000	1	3.39E-02
0	103.5680	99.1450	1.6000	1	3.45E-02
0	103.9060	99.5590	1.6000	1	3.56E-02
0	104.1590	99.9950	1.6000	1	3.36E-02
0	104.1340	100.0870	1.6000	1	6.36E-03
0	103.7010	100.7050	1.6000	1	5.03E-02
0	103.3360	101.0980	1.6000	1	3.58E-02
0	102.6790	101.6220	1.6000	1	5.60E-02
0	102.0690	101.9640	1.6000	1	4.66E-02
0	101.5490	102.1600	1.6000	1	3.70E-02
0	101.0690	102.2870	1.6000	1	3.31E-02
0	100.2500	102.4090	1.6000	1	5.52E-02
0	99.5790	102.3910	1.6000	1	4.47E-02
0	94.5550	101.8610	1.6000	1	3.37E-01
0	94.4230	101.8030	1.6000	1	9.61E-03
0	94.4220	101.7980	1.6000	1	3.40E-04
0	96.6160	98.2420	1.6000	1	3.21E-02
0	97.7520	98.1360	1.6000	1	5.70E-02
0	97.3870	98.5180	1.6000	1	2.64E-02
0	97.4080	98.6430	1.6000	1	6.34E-03
0	96.6380	98.6570	1.6000	1	3.85E-02
0	96.4050	98.7290	1.6000	1	1.22E-02
0	96.1500	98.9960	1.6000	1	1.85E-02
0	96.0910	99.1930	1.6000	1	1.03E-02
0	96.0710	99.4100	1.6000	1	1.09E-02
0	96.0520	99.6270	1.6000	1	1.09E-02
0	96.0320	99.8440	1.6000	1	1.09E-02
0	96.0480	100.1720	1.6000	1	1.64E-02
0	96.0690	100.5100	1.6000	1	1.69E-02
0	96.0910	100.8480	1.6000	1	1.69E-02
0	96.1630	101.0110	1.6000	1	8.91E-03
0	96.4820	101.2930	1.6000	1	2.13E-02
0	96.6040	101.3390	1.6000	1	6.52E-03
0	97.6430	101.3540	1.6000	1	5.20E-02
0	97.2860	101.7100	1.6000	1	2.52E-02
0	97.2800	101.8150	1.6000	1	5.26E-03
0	96.5610	101.7530	1.6000	1	3.61E-02
0	94.7160	101.5470	1.6000	1	9.28E-02
0	94.6980	100.7230	1.6000	1	4.12E-02
0	94.9570	100.6850	1.6000	1	1.31E-02
0	95.2420	100.5060	1.6000	1	1.68E-02
0	95.3520	100.2880	1.6000	1	1.22E-02
0	95.4630	100.0710	1.6000	1	1.22E-02
0	95.4850	99.9130	1.6000	1	7.98E-03
0	95.3880	99.7590	1.6000	1	9.10E-03
0	95.2910	99.6060	1.6000	1	9.06E-03
0	95.1940	99.4520	1.6000	1	9.10E-03
0	94.8660	99.2840	1.6000	1	1.84E-02
0	94.6930	99.2720	1.6000	1	8.67E-03
0	94.7280	98.4520	1.6000	1	4.10E-02
0	96.3980	98.2680	1.6000	1	8.40E-02
0	95.8450	98.7400	1.6000	1	3.64E-02
0	95.7050	99.0010	1.6000	1	1.48E-02
0	95.6880	99.4620	1.6000	1	2.31E-02
0	95.4110	99.1010	1.6000	1	2.28E-02
0	95.0970	98.9430	1.6000	1	1.76E-02
0	95.0970	98.8190	1.6000	1	6.20E-03
0	95.6270	98.7630	1.6000	1	2.66E-02
0	95.6720	100.5640	1.6000	1	1.39E-02
0	95.7020	100.9930	1.6000	1	2.15E-02
0	95.8600	101.2590	1.6000	1	1.55E-02
0	95.1140	101.1810	1.6000	1	3.75E-02
0	95.1110	101.0530	1.6000	1	6.40E-03
0	95.5340	100.7870	1.6000	1	2.50E-02
0	95.5570	100.7510	1.6000	1	2.14E-03
0	97.8980	98.6170	1.6000	1	2.44E-02
0	98.4550	98.0590	1.6000	1	3.94E-02
0	99.1490	97.9860	1.6000	1	3.49E-02
0	98.3550	98.7810	1.6000	1	5.62E-02
0	98.5890	99.1680	1.6000	1	2.26E-02
0	99.8260	97.9310	1.6000	1	8.75E-02
0	100.4390	97.9390	1.6000	1	3.07E-02
0	98.5890	99.7890	1.6000	1	1.31E-01
0	98.5900	100.4090	1.6000	1	3.10E-02
0	100.9780	98.0210	1.6000	1	1.69E-01
0	101.4660	98.1550	1.6000	1	2.53E-02
0	97.7540	101.8670	1.6000	1	2.62E-01
0	97.9290	101.9350	1.6000	1	9.39E-03
0	98.1050	102.0040	1.6000	1	9.45E-03
0	98.0340	101.9850	1.6000	1	3.67E-03
0	98.0530	102.0560	1.6000	1	3.67E-03
0	98.0940	102.0450	1.6000	1	2.12E-03
0	98.3160	101.9260	1.6000	1	1.26E-02
0	101.9090	98.3330	1.6000	1	2.54E-01
0	102.3150	98.5480	1.6000	1	2.30E-02
0	98.8780	101.9850	1.6000	1	2.43E-01
0	99.4400	102.0450	1.6000	1	2.83E-02
0	102.6890	98.7950	1.6000	1	2.30E-01
0	103.0300	99.0750	1.6000	1	2.21E-02
0	100.0320	102.0730	1.6000	1	2.12E-01
0	101.3610	102.0350	1.6000	1	1.02E-02
0	100.6010	102.2190	1.6000	1	3.91E-02
0	100.6500	102.1230	1.6000	1	5.39E-03
0	100.7000	102.0260	1.6000	1	5.46E-03
0	103.3410	99.3860	1.6000	1	1.87E-01
0	103.6220	99.7260	1.6000	1	2.21E-02
0	101.5350	101.8130	1.6000	1	1.48E-01
0	102.5200	101.3850	1.6000	1	8.26E-03
0	102.9680	100.9650	1.6000	1	3.07E-02
0	103.4160	100.5440	1.6000	1	3.07E-02
0	103.6470	100.2700	1.6000	1	1.79E-02
0	103.8770	99.9960	1.6000	1	1.79E-02
0	103.8770	99.9960	1.6500	1	3.85E-04
0	96.6300	101.0250	1.6500	1	5.63E-02
0	96.4160	100.8520	1.6500	1	1.83E-02
0	96.4110	99.5310	1.6500	1	8.81E-02
0	96.4160	99.1470	1.6500	1	2.56E-02
0	96.6080	98.9750	1.6500	1	1.72E-02
0	98.0410	98.9750	1.6500	1	9.55E-02
0	98.2080	99.0520	1.6500	1	1.23E-02
0	98.2610	99.1950	1.6500	1	1.02E-02
0	98.2610	100.8050	1.6500	1	1.07E-01
0	98.2070	100.9490	1.6500	1	1.03E-02
0	98.0410	101.0250	1.6500	1	1.22E-02
0	96.6900	101.0250	1.6500	1	9.01E-02
0	94.3870	101.7340	1.6500	1	1.85E-02
0	94.3690	101.7040	1.6500	1	2.33E-03
0	94.3690	100.5860	1.6500	1	7.45E-02
0	94.3360	100.2400	1.6500	1	2.32E-02
0	94.4510	100.3620	1.6500	1	1.12E-02
0	94.6080	100.4140	1.6500	1	1.10E-02
0	94.7720	100.4030	1.6500	1	1.10E-02
0	94.9910	100.2770	1.6500	1	1.68E-02
0	95.0840	100.0520	1.6500	1	1.62E-02
0	95.0680	99.8760	1.6500	1	1.18E-02
0	94.9350	99.6690	1.6500	1	1.64E-02
0	94.7140	99.5850	1.6500	1	1.58E-02
0	94.5590	99.5950	1.6500	1	1.04E-02
0	94.3680	99.7110	1.6500	1	1.49E-02
0	94.3870	98.2210	1.6500	1	9.93E-02
0	94.5130	98.1220	1.6500	1	1.07E-02
0	99.5770	97.5850	1.6500	1	3.39E-01
0	100.0780	97.5610	1.6500	1	3.34E-02
0	100.6280	97.5950	1.6500	1	3.67E-02
0	101.1790	97.6940	1.6500	1	3.73E-02
0	101.7220	97.8590	1.6500	1	3.78E-02
0	102.2460	98.0880	1.6500	1	3.81E-02
0	102.7430	98.3810	1.6500	1	3.85E-02
0	103.2020	98.7320	1.6500	1	3.85E-02
0	103.6160	99.1360	1.6500	1	3.86E-02
0	103.9720	99.5820	1.6500	1	3.80E-02
0	104.2190	100.0290	1.6500	1	3.40E-02
0	103.7070	100.7600	1.6500	1	5.95E-02
0	103.0330	101.4070	1.6500	1	6.23E-02
0	102.4070	101.8250	1.6500	1	5.02E-02
0	101.7260	102.1390	1.6500	1	5.00E-02
0	101.0140	102.3420	1.6500	1	4.94E-02
0	100.2500	102.4340	1.6500	1	5.13E-02
0	99.5780	102.4150	1.6500	1	4.48E-02
0	94.4630	101.8610	1.6500	1	3.43E-01
0	94.4180	101.7860	1.6500	1	5.83E-03
0	94.6980	100.7220	1.6500	1	8.46E-03
0	94.9470	100.6830	1.6500	1	1.26E-02
0	95.2290	100.5040	1.6500	1	1.67E-02
0	95.3400	100.2870	1.6500	1	1.22E-02
0	95.4510	100.0710	1.6500	1	1.21E-02
0	95.4740	99.9120	1.6500	1	8.03E-03
0	95.3760	99.7590	1.6500	1	9.08E-03
0	95.2770	99.6050	1.6500	1	9.15E-03
0	95.1790	99.4520	1.6500	1	9.08E-03
0	94.8500	99.2830	1.6500	1	1.85E-02
0	94.6980	99.2700	1.6500	1	7.63E-03
0	94.6980	98.4330	1.6500	1	4.18E-02
0	96.6150	98.2250	1.6500	1	9.64E-02
0	97.2000	98.1730	1.6500	1	2.94E-02
0	97.1950	98.2740	1.6500	1	5.06E-03
0	97.5610	98.6410	1.6500	1	2.59E-02
0	96.6150	98.6530	1.6500	1	4.73E-02
0	96.4040	98.7270	1.6500	1	1.12E-02
0	96.0980	99.0910	1.6500	1	2.38E-02
0	96.0920	99.4600	1.6500	1	1.85E-02
0	96.0710	99.5870	1.6500	1	6.44E-03
0	96.0500	99.7140	1.6500	1	6.44E-03
0	96.0290	99.8420	1.6500	1	6.49E-03
0	96.0460	100.1740	1.6500	1	1.66E-02
0	96.0690	100.5120	1.6500	1	1.69E-02
0	96.0910	100.8510	1.6500	1	1.70E-02
0	96.1650	101.0140	1.6500	1	8.95E-03
0	96.4810	101.2940	1.6500	1	2.11E-02
0	96.6260	101.3460	1.6500	1	7.70E-03
0	97.3750	101.3600	1.6500	1	3.75E-02
0	97.3440	101.5060	1.6500	1	7.46E-03
0	97.6840	101.8750	1.6500	1	2.51E-02
0	96.5580	101.7700	1.6500	1	5.65E-02
0	94.6980	101.5670	1.6500	1	9.36E-02
0	94.6980	100.9410	1.6500	1	3.13E-02
0	95.1090	101.0520	1.6500	1	2.13E-02
0	95.5260	100.7890	1.6500	1	2.47E-02
0	95.6800	100.5210	1.6500	1	1.55E-02
0	95.6980	101.0010	1.6500	1	2.40E-02
0	95.8640	101.2760	1.6500	1	1.61E-02
0	95.1840	101.2040	1.6500	1	3.42E-02
0	95.3030	99.0470	1.6500	1	1.66E-02
0	95.3980	99.0960	1.6500	1	5.34E-03
0	95.6800	99.4600	1.6500	1	2.30E-02
0	95.7010	98.9930	1.6500	1	2.34E-02
0	95.8480	98.7230	1.6500	1	1.54E-02
0	95.1070	98.8010	1.6500	1	3.73E-02
0	95.1070	98.9470	1.6500	1	7.30E-03
0	97.6780	98.1310	1.6500	1	2.07E-02
0	98.3030	98.7550	1.6500	1	4.42E-02
0	97.8670	101.4250	1.6500	1	2.08E-02
0	98.4010	101.9590	1.6500	1	3.78E-02
0	99.0960	102.0330	1.6500	1	3.49E-02
0	98.3100	101.2470	1.6500	1	5.56E-02
0	98.5800	100.8960	1.6500	1	2.21E-02
0	99.7750	102.0910	1.6500	1	8.45E-02
0	100.3910	102.0860	1.6500	1	3.08E-02
0	98.5900	100.2840	1.6500	1	1.27E-01
0	98.5890	99.6620	1.6500	1	3.11E-02
0	100.9450	102.0180	1.6500	1	1.67E-01
0	101.4290	101.8810	1.6500	1	2.52E-02
0	98.5230	98.9760	1.6500	1	2.05E-01
0	98.2280	98.0590	1.6500	1	7.41E-03
0	101.8760	101.7070	1.6500	1	2.58E-01
0	102.2940	101.5040	1.6500	1	2.32E-02
0	98.7900	98	1.6500	1	2.48E-01
0	99.3510	97.9400	1.6500	1	2.82E-02
0	102.6670	101.2550	1.6500	1	2.34E-01
0	103.0070	100.9750	1.6500	1	2.20E-02
0	99.9360	97.9030	1.6500	1	2.17E-01
0	100.5760	97.9220	1.6500	1	3.20E-02
0	103.3240	100.6710	1.6500	1	1.94E-01
0	101.1980	97.8770	1.6500	1	2.70E-02
0	100.6080	97.7560	1.6500	1	3.01E-02
0	101.3720	98.0970	1.6500	1	4.18E-02
0	103.6060	100.3310	1.6500	1	1.58E-01
0	103.6690	99.7500	1.6500	1	2.92E-02
0	103.5050	99.5680	1.6500	1	1.22E-02
0	102.9610	99.0110	1.6500	1	3.89E-02
0	102.7590	98.8340	1.6500	1	1.34E-02
0	102.5570	98.6570	1.6500	1	1.34E-02
0	102.5570	98.6570	1.7000	1	3.85E-04
0	96.2660	101.1690	1.7000	1	5.21E-02
0	96.1810	101.1020	1.7000	1	7.22E-03
0	95.9880	100.9510	1.7000	1	1.63E-02
0	95.9710	99.5270	1.7000	1	9.49E-02
0	95.9880	99.0480	1.7000	1	3.20E-02
0	96.1530	98.8970	1.7000	1	1.49E-02
0	96.3170	98.7460	1.7000	1	1.49E-02
0	96.4820	98.5950	1.7000	1	1.49E-02
0	97.2620	98.5740	1.7000	1	5.20E-02
0	98.0410	98.5540	1.7000	1	5.20E-02
0	98.5370	98.7600	1.7000	1	3.58E-02
0	98.7000	99.1950	1.7000	1	3.10E-02
0	98.7000	100.8050	1.7000	1	1.07E-01
0	98.5380	101.2390	1.7000	1	3.09E-02
0	98.0410	101.4460	1.7000	1	3.59E-02
0	97.3360	101.4280	1.7000	1	4.70E-02
0	96.6300	101.4090	1.7000	1	4.71E-02
0	96.5660	101.4040	1.7000	1	4.28E-03
0	96.3730	101.2530	1.7000	1	1.63E-02
0	96.3140	101.2060	1.7000	1	5.03E-03
0	96.5080	100.9270	1.7000	1	2.61E-03
0	96.4160	100.8540	1.7000	1	7.83E-03
0	96.4110	99.1950	1.7000	1	1.11E-01
0	96.4160	99.1460	1.7000	1	3.28E-03
0	96.6130	98.9750	1.7000	1	1.74E-02
0	98.0410	98.9750	1.7000	1	9.52E-02
0	98.2070	99.0500	1.7000	1	1.21E-02
0	98.2610	99.1950	1.7000	1	1.03E-02
0	98.2610	100.8050	1.7000	1	1.07E-01
0	98.2070	100.9500	1.7000	1	1.03E-02
0	98.0410	101.0250	1.7000	1	1.21E-02
0	96.6300	101.0250	1.7000	1	9.41E-02
0	96.5550	100.9650	1.7000	1	6.40E-03
0	94.8660	101.4970	1.7000	1	1.36E-02
0	94.7920	101.4870	1.7000	1	4.98E-03
0	94.7920	100.8090	1.7000	1	4.52E-02
0	95.0190	100.7640	1.7000	1	1.54E-02
0	95.3110	100.5620	1.7000	1	2.37E-02
0	95.4370	100.3430	1.7000	1	1.68E-02
0	95.5230	99.9820	1.7000	1	2.47E-02
0	95.4380	99.6640	1.7000	1	2.19E-02
0	95.2990	99.4300	1.7000	1	1.81E-02
0	95.0350	99.2320	1.7000	1	2.20E-02
0	94.7920	99.1680	1.7000	1	1.68E-02
0	94.7920	98.5130	1.7000	1	4.37E-02
0	95.8380	98.3820	1.7000	1	7.03E-02
0	96.2250	98.3230	1.7000	1	2.61E-02
0	96.6130	98.2630	1.7000	1	2.62E-02
0	97.3160	98.2070	1.7000	1	4.70E-02
0	98.0200	98.1510	1.7000	1	4.71E-02
0	99.5790	98.0020	1.7000	1	1.04E-01
0	100.1050	97.9770	1.7000	1	3.51E-02
0	100.6230	98.0120	1.7000	1	3.46E-02
0	101.1290	98.1070	1.7000	1	3.43E-02
0	101.6270	98.2630	1.7000	1	3.48E-02
0	102.0940	98.4710	1.7000	1	3.41E-02
0	102.5640	98.7520	1.7000	1	3.65E-02
0	103	99.0990	1.7000	1	3.71E-02
0	103.4220	99.5360	1.7000	1	4.05E-02
0	103.7580	99.9900	1.7000	1	3.77E-02
0	103.4140	100.4810	1.7000	1	4.00E-02
0	102.7910	101.0790	1.7000	1	5.76E-02
0	102.2190	101.4610	1.7000	1	4.59E-02
0	101.5940	101.7490	1.7000	1	4.59E-02
0	100.9120	101.9400	1.7000	1	4.72E-02
0	100.2350	102.0190	1.7000	1	4.54E-02
0	99.6220	102.0030	1.7000	1	4.09E-02
0	98.0200	101.8490	1.7000	1	1.07E-01
0	97.2830	101.7900	1.7000	1	4.93E-02
0	96.5450	101.7320	1.7000	1	4.94E-02
0	96.1800	101.6740	1.7000	1	2.46E-02
0	95.8140	101.6160	1.7000	1	2.47E-02
0	94.9260	101.5040	1.7000	1	5.97E-02
0	94.3630	101.7400	1.7000	1	4.70E-03
0	94.3520	101.7220	1.7000	1	1.41E-03
0	94.3520	101.0470	1.7000	1	4.50E-02
0	94.3200	100.2400	1.7000	1	5.38E-02
0	94.4360	100.3620	1.7000	1	1.12E-02
0	94.5930	100.4140	1.7000	1	1.10E-02
0	94.7570	100.4030	1.7000	1	1.10E-02
0	94.9770	100.2760	1.7000	1	1.69E-02
0	95.0690	100.0520	1.7000	1	1.61E-02
0	95.0530	99.8760	1.7000	1	1.18E-02
0	94.9200	99.6690	1.7000	1	1.64E-02
0	94.6990	99.5850	1.7000	1	1.58E-02
0	94.5440	99.5950	1.7000	1	1.04E-02
0	94.3520	99.7120	1.7000	1	1.50E-02
0	94.3710	98.2030	1.7000	1	1.01E-01
0	94.4980	98.1020	1.7000	1	1.08E-02
0	99.5770	97.5600	1.7000	1	3.41E-01
0	100.1100	97.5370	1.7000	1	3.56E-02
0	100.6790	97.5760	1.7000	1	3.80E-02
0	101.2350	97.6800	1.7000	1	3.77E-02
0	101.7830	97.8510	1.7000	1	3.83E-02
0	102.2970	98.0810	1.7000	1	3.75E-02
0	102.8110	98.3890	1.7000	1	3.99E-02
0	103.2380	98.7180	1.7000	1	3.59E-02
0	103.6250	99.0920	1.7000	1	3.59E-02
0	103.9940	99.5420	1.7000	1	3.88E-02
0	104.2530	100.0490	1.7000	1	3.80E-02
0	103.7490	100.7690	1.7000	1	5.86E-02
0	103.0670	101.4220	1.7000	1	6.29E-02
0	102.4340	101.8450	1.7000	1	5.08E-02
0	101.7460	102.1620	1.7000	1	5.05E-02
0	100.9970	102.3720	1.7000	1	5.19E-02
0	100.2550	102.4590	1.7000	1	4.98E-02
0	99.5930	102.4410	1.7000	1	4.41E-02
0	94.4480	101.8800	1.7000	1	3.45E-01
0	94.3940	101.7910	1.7000	1	6.94E-03
0	95.8540	100.9110	1.7000	1	1.31E-02
0	95.3480	101.4170	1.7000	1	4.77E-02
0	95.9590	98.4610	1.7000	1	2.32E-02
0	95.2250	99.1960	1.7000	1	6.92E-02
0	102.0560	100.5460	1.7000	1	5.36E-02
0	101.0040	101.5980	1.7000	1	9.92E-02
0	100.8530	101.6410	1.7000	1	1.05E-02
0	100.3330	101.7010	1.7000	1	3.49E-02
0	101.8810	100.1540	1.7000	1	1.46E-01
0	101.8810	99.5870	1.7000	1	3.78E-02
0	99.7650	101.7020	1.7000	1	1.99E-01
0	99.2440	101.6560	1.7000	1	3.49E-02
0	99.2590	101.6410	1.7000	1	1.41E-03
0	99.6300	101.6620	1.7000	1	2.48E-02
0	99.6530	101.2470	1.7000	1	2.77E-02
0	101.8810	99.0190	1.7000	1	2.10E-01
0	101.8800	98.8210	1.7000	1	1.32E-02
0	101.8590	98.7000	1.7000	1	8.19E-03
0	101.7030	98.6300	1.7000	1	1.14E-02
0	99.4700	100.8630	1.7000	1	2.11E-01
0	99.0290	100.8380	1.7000	1	2.94E-02
0	99.0290	100.7360	1.7000	1	6.80E-03
0	101.2890	98.4760	1.7000	1	2.13E-01
0	101.0550	98.4030	1.7000	1	1.63E-02
0	100.8360	98.3620	1.7000	1	1.49E-02
0	99.0290	100.1690	1.7000	1	1.70E-01
0	99.0290	99.6010	1.7000	1	3.79E-02
0	100.3330	98.2980	1.7000	1	1.23E-01
0	99.7650	98.2980	1.7000	1	3.79E-02
0	99.6350	98.4280	1.7000	1	1.23E-02
0	99.6300	98.3380	1.7000	1	6.01E-03
0	99.1300	98.3660	1.7000	1	3.34E-02
0	99.3380	98.1580	1.7000	1	1.96E-02
0	102.2940	98.9750	1.7000	1	2.36E-02
0	102.3800	99.0270	1.7000	1	5.02E-03
0	103.0380	99.5930	1.7000	1	4.34E-02
0	103.3570	99.9880	1.7000	1	2.54E-02
0	103.1340	100.2930	1.7000	1	1.89E-02
0	102.5950	100.8100	1.7000	1	3.73E-02
0	102.2950	101.0140	1.7000	1	1.81E-02
0	102.2940	99.1950	1.7000	1	9.10E-02
0	102.8240	99.9810	1.7000	1	7.29E-03
0	102.7800	99.9370	1.7000	1	3.11E-03
0	102.7200	99.9530	1.7000	1	3.10E-03
0	102.7040	100.0130	1.7000	1	3.10E-03
0	102.7480	100.0580	1.7000	1	3.15E-03
0	102.8080	100.0410	1.7000	1	3.12E-03
0	102.8080	100.0410	1.7500	1	3.85E-04
0	101.0660	102.3590	1.7500	1	2.23E-02
0	100.4510	102.4490	1.7500	1	4.86E-02
0	99.6680	102.4540	1.7500	1	6.12E-02
0	94.6130	101.9160	1.7500	1	3.97E-01
0	94.4170	101.8460	1.7500	1	1.63E-02
0	94.3560	101.6620	1.7500	1	1.51E-02
0	94.3520	100.3620	1.7500	1	1.02E-01
0	94.3260	100.2260	1.7500	1	1.08E-02
0	94.3000	100.0890	1.7500	1	1.09E-02
0	94.2740	99.9530	1.7500	1	1.08E-02
0	94.2990	99.8480	1.7500	1	8.43E-03
0	94.3250	99.7430	1.7500	1	8.45E-03
0	94.3500	99.6370	1.7500	1	8.51E-03
0	94.3500	98.3790	1.7500	1	9.83E-02
0	94.4070	98.1780	1.7500	1	1.63E-02
0	94.5450	98.0950	1.7500	1	1.26E-02
0	99.5620	97.5560	1.7500	1	3.94E-01
0	100.1260	97.5390	1.7500	1	4.41E-02
0	100.6850	97.5750	1.7500	1	4.38E-02
0	101.0210	97.6310	1.7500	1	2.66E-02
0	94.3510	99.6630	1.7500	1	5.36E-02
0	94.5110	99.7100	1.7500	1	1.30E-02
0	94.6700	99.7570	1.7500	1	1.30E-02
0	94.8300	99.8040	1.7500	1	1.30E-02
0	94.9160	99.9790	1.7500	1	1.52E-02
0	94.8420	100.1840	1.7500	1	1.70E-02
0	94.6790	100.2370	1.7500	1	1.34E-02
0	94.5150	100.2900	1.7500	1	1.35E-02
0	94.3520	100.3430	1.7500	1	1.34E-02
0	101.2440	98.4570	1.7500	1	5.50E-02
0	101.2510	97.9340	1.7500	1	4.09E-02
0	101.2100	97.7970	1.7500	1	1.12E-02
0	101.0210	97.6310	1.7500	1	1.97E-02
0	101.2940	97.6760	1.7500	1	2.16E-02
0	101.7800	97.8220	1.7500	1	3.96E-02
0	102.3300	98.0670	1.7500	1	4.70E-02
0	102.8080	98.3520	1.7500	1	4.35E-02
0	103.2870	98.7200	1.7500	1	4.72E-02
0	103.7100	99.1390	1.7500	1	4.65E-02
0	104.0380	99.5410	1.7500	1	4.05E-02
0	104.3110	100.0340	1.7500	1	4.40E-02
0	103.8540	100.6850	1.7500	1	6.21E-02
0	103.6150	100.9470	1.7500	1	2.77E-02
0	103.0600	101.4620	1.7500	1	5.92E-02
0	102.4460	101.8680	1.7500	1	5.75E-02
0	101.7770	102.1780	1.7500	1	5.76E-02
0	101.0770	102.3570	1.7500	1	5.64E-02
0	101.1980	102.2350	1.7500	1	1.34E-02
0	101.2530	102.0530	1.7500	1	1.49E-02
0	101.2440	101.5370	1.7500	1	4.03E-02
0	101.0910	101.3880	1.7500	1	1.67E-02
0	101.3000	101.3080	1.7500	1	1.75E-02
0	101.3610	101.1560	1.7500	1	1.28E-02
0	101.3610	98.8440	1.7500	1	1.81E-01
0	101.3000	98.6920	1.7500	1	1.28E-02
0	101.0940	98.6270	1.7500	1	1.69E-02
0	101.2070	98.5030	1.7500	1	1.31E-02
0	101.6900	99.0710	1.7500	1	5.74E-03
0	101.6900	101.1510	1.7500	1	1.62E-01
0	101.5860	101.4700	1.7500	1	2.62E-02
0	101.5820	101.8920	1.7500	1	3.30E-02
0	102.1750	101.6320	1.7500	1	5.06E-02
0	102.8740	101.1890	1.7500	1	6.47E-02
0	103.3850	100.7100	1.7500	1	5.47E-02
0	103.5850	100.4960	1.7500	1	2.29E-02
0	103.9380	99.9930	1.7500	1	4.80E-02
0	103.5400	99.4500	1.7500	1	5.26E-02
0	103.0610	98.9590	1.7500	1	5.36E-02
0	102.6100	98.6150	1.7500	1	4.43E-02
0	102.1650	98.3520	1.7500	1	4.04E-02
0	101.5810	98.1050	1.7500	1	4.95E-02
0	101.5920	98.5370	1.7500	1	3.38E-02
0	101.6900	98.8510	1.7500	1	2.57E-02
0	102.1300	98.8510	1.7500	1	3.44E-02
0	102.3470	98.9670	1.7500	1	1.92E-02
0	102.7590	99.2780	1.7500	1	4.03E-02
0	103.0730	99.5760	1.7500	1	3.38E-02
0	103.4080	99.9830	1.7500	1	4.12E-02
0	103.0800	100.3950	1.7500	1	4.11E-02
0	102.6270	100.8260	1.7500	1	4.88E-02
0	102.1290	101.1510	1.7500	1	4.65E-02
0	102.1300	99.0710	1.7500	1	1.63E-01
0	102.6770	100.2410	1.7500	1	9.94E-03
0	102.9040	100.0220	1.7500	1	2.46E-02
0	102.7880	99.8430	1.7500	1	1.67E-02
0	102.5200	99.5890	1.7500	1	2.88E-02
0	102.5200	100.3940	1.7500	1	6.29E-02
0	98.5980	99.0210	1.7500	1	3.20E-02
0	98.6650	98.8210	1.7500	1	1.65E-02
0	99.2490	98.7440	1.7500	1	4.60E-02
0	99.2480	101.2550	1.7500	1	1.93E-02
0	99.1660	101.2410	1.7500	1	6.50E-03
0	98.9150	101.2100	1.7500	1	1.98E-02
0	98.6650	101.1790	1.7500	1	1.97E-02
0	98.5980	100.9790	1.7500	1	1.65E-02
0	98.0670	100.9530	1.7500	1	4.09E-03
0	96.6300	100.9540	1.7500	1	1.12E-01
0	96.5120	100.9080	1.7500	1	9.89E-03
0	96.4810	100.8050	1.7500	1	8.40E-03
0	96.4810	99.1950	1.7500	1	1.26E-01
0	96.5270	99.0770	1.7500	1	9.89E-03
0	96.6300	99.0450	1.7500	1	8.43E-03
0	98.0410	99.0450	1.7500	1	1.10E-01
0	98.0670	100.9530	1.7500	1	1.47E-02
0	98.1320	100.9040	1.7500	1	6.36E-03
0	98.1970	100.8540	1.7500	1	6.41E-03
0	98.2610	100.8050	1.7500	1	6.30E-03
0	98.2810	100.7100	1.7500	1	7.58E-03
0	98.2600	100.6670	1.7500	1	3.74E-03
0	98.2380	100.6240	1.7500	1	3.77E-03
0	98.2380	99.3760	1.7500	1	9.75E-02
0	98.2600	99.3330	1.7500	1	3.77E-03
0	98.2810	99.2900	1.7500	1	3.74E-03
0	98.2660	99.1950	1.7500	1	7.51E-03
0	98.1910	99.1450	1.7500	1	7.04E-03
0	98.1160	99.0950	1.7500	1	7.04E-03
0	98.0410	99.0450	1.7500	1	7.04E-03
0	98.1730	99.0750	1.7500	1	1.06E-02
0	98.3040	99.1050	1.7500	1	1.05E-02
0	98.4350	99.1350	1.7500	1	1.05E-02
0	98.5980	99.0210	1.7500	1	1.55E-02
0	98.5900	99.2850	1.7500	1	2.06E-02
0	98.6110	99.3310	1.7500	1	3.95E-03
0	98.6320	99.3760	1.7500	1	3.88E-03
0	98.6320	100.6240	1.7500	1	9.75E-02
0	98.6110	100.6670	1.7500	1	3.74E-03
0	98.5900	100.7100	1.7500	1	3.74E-03
0	98.5980	100.9790	1.7500	1	2.10E-02
0	98.4400	100.8650	1.7500	1	1.52E-02
0	98.3160	100.8940	1.7500	1	9.95E-03
0	98.1920	100.9240	1.7500	1	9.97E-03
0	98.1260	100.9390	1.7500	1	5.29E-03
0	98.1260	100.9390	1.8000	1	3.85E-04
0	101.0950	102.3940	1.8000	1	2.54E-02
0	100.4640	102.4900	1.8000	1	4.87E-02
0	99.6600	102.4950	1.8000	1	6.14E-02
0	94.5890	101.9530	1.8000	1	3.89E-01
0	94.3860	101.8770	1.8000	1	1.65E-02
0	94.3490	101.7590	1.8000	1	9.44E-03
0	94.3130	101.6420	1.8000	1	9.34E-03
0	94.3130	100.3480	1.8000	1	9.88E-02
0	94.2860	100.1510	1.8000	1	1.52E-02
0	94.2590	99.9530	1.8000	1	1.53E-02
0	94.2860	99.8020	1.8000	1	1.17E-02
0	94.3130	99.6510	1.8000	1	1.17E-02
0	94.3130	98.3580	1.8000	1	9.87E-02
0	94.3600	98.1670	1.8000	1	1.50E-02
0	94.5090	98.0610	1.8000	1	1.40E-02
0	99.5450	97.5160	1.8000	1	3.87E-01
0	100.0990	97.5010	1.8000	1	4.23E-02
0	100.6620	97.5300	1.8000	1	4.30E-02
0	101.0890	97.6120	1.8000	1	3.32E-02
0	94.3160	99.7040	1.8000	1	5.45E-02
0	94.4450	99.7160	1.8000	1	9.89E-03
0	94.5740	99.7290	1.8000	1	9.90E-03
0	94.8000	99.7880	1.8000	1	1.78E-02
0	94.9020	100.0020	1.8000	1	1.81E-02
0	94.8110	100.1970	1.8000	1	1.64E-02
0	94.6110	100.2710	1.8000	1	1.63E-02
0	94.4640	100.2840	1.8000	1	1.13E-02
0	94.3160	100.2960	1.8000	1	1.13E-02
0	101.3050	98.4350	1.8000	1	5.56E-02
0	101.3100	98.4300	1.8000	1	5.40E-04
0	101.3080	97.9140	1.8000	1	3.94E-02
0	101.2370	97.7250	1.8000	1	1.54E-02
0	101.0890	97.6120	1.8000	1	1.42E-02
0	101.2950	97.6510	1.8000	1	1.60E-02
0	101.7990	97.8000	1.8000	1	4.01E-02
0	102.3570	98.0480	1.8000	1	4.66E-02
0	102.8780	98.3620	1.8000	1	4.64E-02
0	103.3210	98.7050	1.8000	1	4.28E-02
0	103.7480	99.1270	1.8000	1	4.58E-02
0	104.0810	99.5370	1.8000	1	4.03E-02
0	104.3460	99.9940	1.8000	1	4.03E-02
0	104.3200	100.0940	1.8000	1	7.89E-03
0	104.0400	100.5150	1.8000	1	3.86E-02
0	103.6500	100.9600	1.8000	1	4.52E-02
0	103.0920	101.4770	1.8000	1	5.81E-02
0	102.4720	101.8870	1.8000	1	5.67E-02
0	101.7990	102.1990	1.8000	1	5.66E-02
0	101.0950	102.3940	1.8000	1	5.58E-02
0	101.2250	102.2860	1.8000	1	1.29E-02
0	101.3110	102.0680	1.8000	1	1.79E-02
0	101.3100	101.5700	1.8000	1	3.80E-02
0	101.1390	101.3830	1.8000	1	1.93E-02
0	101.3240	101.2850	1.8000	1	1.60E-02
0	101.3650	101.1570	1.8000	1	1.03E-02
0	101.3480	98.7600	1.8000	1	1.83E-01
0	101.1320	98.6180	1.8000	1	1.97E-02
0	101.2640	98.4780	1.8000	1	1.47E-02
0	101.6370	98.0900	1.8000	1	4.14E-03
0	102.1900	98.3330	1.8000	1	4.61E-02
0	102.6800	98.6250	1.8000	1	4.35E-02
0	103.0940	98.9440	1.8000	1	3.99E-02
0	103.5870	99.4490	1.8000	1	5.39E-02
0	103.9850	99.9940	1.8000	1	5.15E-02
0	103.5240	100.6230	1.8000	1	5.95E-02
0	102.9620	101.1670	1.8000	1	5.97E-02
0	102.4150	101.5390	1.8000	1	5.05E-02
0	101.6400	101.9020	1.8000	1	6.53E-02
0	101.6280	101.4060	1.8000	1	3.79E-02
0	101.6940	101.1580	1.8000	1	1.96E-02
0	101.6940	98.8540	1.8000	1	1.76E-01
0	101.6190	98.5280	1.8000	1	2.55E-02
0	101.6280	98.3090	1.8000	1	1.67E-02
0	102.1290	98.8060	1.8000	1	5.39E-02
0	102.7760	99.2480	1.8000	1	5.98E-02
0	103.1380	99.5970	1.8000	1	3.84E-02
0	103.4550	99.9840	1.8000	1	3.82E-02
0	103.2190	100.3070	1.8000	1	3.05E-02
0	102.6840	100.8250	1.8000	1	5.68E-02
0	102.1460	101.1910	1.8000	1	4.97E-02
0	102.1300	99.0260	1.8000	1	1.65E-01
0	102.5330	99.5680	1.8000	1	5.16E-02
0	102.8180	99.8390	1.8000	1	3.00E-02
0	102.9410	100.0200	1.8000	1	1.67E-02
0	102.5330	100.4150	1.8000	1	4.33E-02
0	102.5330	99.7880	1.8000	1	4.79E-02
0	98.5970	99.0180	1.8000	1	3.09E-02
0	98.6630	98.8200	1.8000	1	1.59E-02
0	99.2490	98.7400	1.8000	1	4.51E-02
0	99.2470	101.2560	1.8000	1	1.94E-02
0	99.1640	101.2420	1.8000	1	6.43E-03
0	98.9140	101.2110	1.8000	1	1.92E-02
0	98.6630	101.1800	1.8000	1	1.93E-02
0	98.5970	100.9820	1.8000	1	1.59E-02
0	98.0680	100.9560	1.8000	1	4.07E-03
0	96.6300	100.9560	1.8000	1	1.10E-01
0	96.5100	100.9110	1.8000	1	9.78E-03
0	96.4780	100.8050	1.8000	1	8.45E-03
0	96.4780	99.1950	1.8000	1	1.23E-01
0	96.5240	99.0750	1.8000	1	9.81E-03
0	96.6300	99.0430	1.8000	1	8.45E-03
0	98.0410	99.0430	1.8000	1	1.08E-01
0	98.0680	100.9560	1.8000	1	1.47E-02
0	98.1330	100.9050	1.8000	1	6.31E-03
0	98.1980	100.8550	1.8000	1	6.26E-03
0	98.2630	100.8050	1.8000	1	6.26E-03
0	98.2810	100.7150	1.8000	1	7.01E-03
0	98.2600	100.6720	1.8000	1	3.65E-03
0	98.2380	100.6280	1.8000	1	3.76E-03
0	98.2380	99.3720	1.8000	1	9.59E-02
0	98.2600	99.3280	1.8000	1	3.76E-03
0	98.2810	99.2850	1.8000	1	3.65E-03
0	98.2680	99.1950	1.8000	1	6.94E-03
0	98.1920	99.1440	1.8000	1	6.99E-03
0	98.1170	99.0940	1.8000	1	6.88E-03
0	98.0410	99.0430	1.8000	1	6.99E-03
0	98.1730	99.0730	1.8000	1	1.03E-02
0	98.3040	99.1020	1.8000	1	1.02E-02
0	98.4350	99.1310	1.8000	1	1.02E-02
0	98.5970	99.0180	1.8000	1	1.51E-02
0	98.5880	99.2810	1.8000	1	2.01E-02
0	98.6100	99.3270	1.8000	1	3.89E-03
0	98.6310	99.3720	1.8000	1	3.79E-03
0	98.6310	100.6280	1.8000	1	9.59E-02
0	98.6100	100.6720	1.8000	1	3.72E-03
0	98.5880	100.7150	1.8000	1	3.69E-03
0	98.5970	100.9820	1.8000	1	2.04E-02
0	98.4390	100.8690	1.8000	1	1.48E-02
0	98.3150	100.8980	1.8000	1	9.72E-03
0	98.1910	100.9270	1.8000	1	9.72E-03
0	98.1260	100.9420	1.8000	1	5.09E-03
0	98.1260	100.9420	1.8500	1	3.85E-04
0	101.1320	102.4120	1.8500	1	2.57E-02
0	100.5170	102.5120	1.8500	1	4.70E-02
0	99.7100	102.5250	1.8500	1	6.09E-02
0	96.7660	102.2110	1.8500	1	2.23E-01
0	96.3430	102.1830	1.8500	1	3.20E-02
0	95.9200	102.1560	1.8500	1	3.20E-02
0	94.5710	102.0100	1.8500	1	1.02E-01
0	94.3480	101.9200	1.8500	1	1.81E-02
0	94.3050	101.8400	1.8500	1	6.85E-03
0	94.2630	101.7600	1.8500	1	6.82E-03
0	94.2630	100.3360	1.8500	1	1.07E-01
0	94.2390	100.1390	1.8500	1	1.50E-02
0	94.2160	99.9420	1.8500	1	1.50E-02
0	94.2390	99.8070	1.8500	1	1.03E-02
0	94.2630	99.6710	1.8500	1	1.04E-02
0	94.2630	98.3450	1.8500	1	1.00E-01
0	94.2970	98.2230	1.8500	1	9.56E-03
0	94.3320	98.1010	1.8500	1	9.58E-03
0	94.4750	98.0010	1.8500	1	1.32E-02
0	96.0630	97.8290	1.8500	1	1.21E-01
0	96.3740	97.8130	1.8500	1	2.35E-02
0	96.6840	97.7960	1.8500	1	2.34E-02
0	99.5760	97.4870	1.8500	1	2.20E-01
0	100.0950	97.4640	1.8500	1	3.92E-02
0	100.7090	97.5130	1.8500	1	4.65E-02
0	101.0720	97.5710	1.8500	1	2.77E-02
0	94.2640	99.7140	1.8500	1	5.49E-02
0	94.3430	99.7260	1.8500	1	6.03E-03
0	94.4220	99.7370	1.8500	1	6.02E-03
0	94.5010	99.7490	1.8500	1	6.03E-03
0	94.6450	99.7350	1.8500	1	1.09E-02
0	94.8000	99.8080	1.8500	1	1.29E-02
0	94.8870	100.0050	1.8500	1	1.63E-02
0	94.7970	100.1970	1.8500	1	1.60E-02
0	94.5970	100.2690	1.8500	1	1.60E-02
0	94.4280	100.2540	1.8500	1	1.28E-02
0	94.3740	100.2640	1.8500	1	4.14E-03
0	94.3200	100.2740	1.8500	1	4.14E-03
0	94.2650	100.2830	1.8500	1	4.21E-03
0	101.3370	98.4440	1.8500	1	5.62E-02
0	101.3440	98.4380	1.8500	1	6.96E-04
0	101.3450	97.9020	1.8500	1	4.05E-02
0	101.2680	97.7090	1.8500	1	1.57E-02
0	101.0720	97.5710	1.8500	1	1.81E-02
0	101.3320	97.6300	1.8500	1	2.01E-02
0	101.8190	97.7790	1.8500	1	3.84E-02
0	102.3380	98.0070	1.8500	1	4.28E-02
0	102.8290	98.2930	1.8500	1	4.29E-02
0	103.3220	98.6640	1.8500	1	4.66E-02
0	103.7720	99.1050	1.8500	1	4.76E-02
0	104.0980	99.4980	1.8500	1	3.85E-02
0	104.3930	100.0430	1.8500	1	4.68E-02
0	103.9630	100.6660	1.8500	1	5.71E-02
0	103.6890	100.9640	1.8500	1	3.06E-02
0	103.1430	101.4770	1.8500	1	5.65E-02
0	102.5280	101.8870	1.8500	1	5.58E-02
0	101.8610	102.2030	1.8500	1	5.57E-02
0	101.1510	102.4070	1.8500	1	5.58E-02
0	101.2580	102.3050	1.8500	1	1.12E-02
0	101.3480	102.0790	1.8500	1	1.84E-02
0	101.3430	101.5610	1.8500	1	3.91E-02
0	101.1590	101.3840	1.8500	1	1.93E-02
0	101.3380	101.2700	1.8500	1	1.60E-02
0	101.3690	101.1590	1.8500	1	8.70E-03
0	101.3590	98.7760	1.8500	1	1.80E-01
0	101.1410	98.6170	1.8500	1	2.04E-02
0	101.2920	98.4840	1.8500	1	1.52E-02
0	101.6980	99.0690	1.8500	1	5.48E-03
0	101.6980	101.1500	1.8500	1	1.57E-01
0	101.6300	101.4010	1.8500	1	1.96E-02
0	101.6780	101.6150	1.8500	1	1.66E-02
0	101.6770	101.9110	1.8500	1	2.23E-02
0	102.4600	101.5480	1.8500	1	6.51E-02
0	103.0130	101.1670	1.8500	1	5.07E-02
0	103.6460	100.5450	1.8500	1	6.70E-02
0	104.0270	99.9920	1.8500	1	5.07E-02
0	103.6390	99.4570	1.8500	1	4.99E-02
0	103.0980	98.9050	1.8500	1	5.83E-02
0	102.6350	98.5590	1.8500	1	4.36E-02
0	102.1840	98.2980	1.8500	1	3.93E-02
0	101.6730	98.0760	1.8500	1	4.20E-02
0	101.6550	98.6790	1.8500	1	4.55E-02
0	101.6980	98.8500	1.8500	1	1.33E-02
0	102.1380	99.5160	1.8500	1	6.02E-02
0	102.1250	98.7700	1.8500	1	5.63E-02
0	102.3750	98.9130	1.8500	1	2.17E-02
0	102.7990	99.2270	1.8500	1	3.98E-02
0	103.1440	99.5540	1.8500	1	3.59E-02
0	103.4980	99.9860	1.8500	1	4.22E-02
0	103.1510	100.4160	1.8500	1	4.17E-02
0	102.7070	100.8440	1.8500	1	4.65E-02
0	102.1260	101.2280	1.8500	1	5.26E-02
0	102.1380	99.7350	1.8500	1	1.13E-01
0	102.3420	99.7520	1.8500	1	1.54E-02
0	102.5450	99.7680	1.8500	1	1.54E-02
0	102.5450	100.4390	1.8500	1	5.06E-02
0	102.9910	100.0020	1.8500	1	4.71E-02
0	102.5450	99.5480	1.8500	1	4.80E-02
0	98.5960	99.0140	1.8500	1	3.07E-02
0	98.6620	98.8190	1.8500	1	1.55E-02
0	99.2460	98.7430	1.8500	1	4.44E-02
0	99.2460	101.2570	1.8500	1	1.93E-02
0	99.1630	101.2430	1.8500	1	6.35E-03
0	98.9120	101.2120	1.8500	1	1.91E-02
0	98.6620	101.1810	1.8500	1	1.90E-02
0	98.5960	100.9860	1.8500	1	1.55E-02
0	98.0680	100.9580	1.8500	1	4.07E-03
0	96.6300	100.9590	1.8500	1	1.09E-01
0	96.5090	100.9140	1.8500	1	9.74E-03
0	96.4760	100.8050	1.8500	1	8.60E-03
0	96.4760	99.1950	1.8500	1	1.22E-01
0	96.5220	99.0730	1.8500	1	9.84E-03
0	96.6300	99.0410	1.8500	1	8.50E-03
0	98.0410	99.0410	1.8500	1	1.06E-01
0	98.0680	100.9580	1.8500	1	1.47E-02
0	98.1340	100.9070	1.8500	1	6.29E-03
0	98.1990	100.8560	1.8500	1	6.24E-03
0	98.2650	100.8050	1.8500	1	6.29E-03
0	98.2810	100.7200	1.8500	1	6.53E-03
0	98.2600	100.6760	1.8500	1	3.68E-03
0	98.2380	100.6310	1.8500	1	3.78E-03
0	98.2380	99.3690	1.8500	1	9.52E-02
0	98.2600	99.3240	1.8500	1	3.78E-03
0	98.2810	99.2800	1.8500	1	3.68E-03
0	98.2690	99.1950	1.8500	1	6.48E-03
0	98.1930	99.1440	1.8500	1	6.91E-03
0	98.1170	99.0920	1.8500	1	6.95E-03
0	98.0410	99.0410	1.8500	1	6.91E-03
0	98.1720	99.0700	1.8500	1	1.01E-02
0	98.3030	99.0980	1.8500	1	1.01E-02
0	98.4340	99.1270	1.8500	1	1.01E-02
0	98.5960	99.0140	1.8500	1	1.49E-02
0	98.5860	99.2770	1.8500	1	1.99E-02
0	98.6080	99.3230	1.8500	1	3.85E-03
0	98.6300	99.3690	1.8500	1	3.85E-03
0	98.6300	100.6310	1.8500	1	9.52E-02
0	98.6090	100.6760	1.8500	1	3.75E-03
0	98.5870	100.7200	1.8500	1	3.71E-03
0	98.5960	100.9860	1.8500	1	2.01E-02
0	98.4370	100.8730	1.8500	1	1.47E-02
0	98.3140	100.9010	1.8500	1	9.52E-03
0	98.1910	100.9290	1.8500	1	9.52E-03
0	98.1270	100.9440	1.8500	1	4.96E-03
0	98.1270	100.9440	1.9000	1	3.85E-04
0	101.1790	102.4200	1.9000	1	2.61E-02
0	100.5250	102.5380	1.9000	1	4.97E-02
0	99.6950	102.5460	1.9000	1	6.20E-02
0	97.2900	102.2900	1.9000	1	1.81E-01
0	97.0500	102.2800	1.9000	1	1.79E-02
0	96.8100	102.2710	1.9000	1	1.79E-02
0	94.5560	102.0220	1.9000	1	1.69E-01
0	94.3390	101.9380	1.9000	1	1.74E-02
0	94.2420	101.7840	1.9000	1	1.36E-02
0	94.2420	100.3350	1.9000	1	1.08E-01
0	94.2200	100.1380	1.9000	1	1.48E-02
0	94.1970	99.9400	1.9000	1	1.49E-02
0	94.2200	99.8010	1.9000	1	1.05E-02
0	94.2420	99.6630	1.9000	1	1.04E-02
0	94.2420	98.3320	1.9000	1	9.95E-02
0	94.2660	98.2220	1.9000	1	8.41E-03
0	94.2900	98.1120	1.9000	1	8.41E-03
0	94.3690	98.0510	1.9000	1	7.46E-03
0	94.4490	97.9900	1.9000	1	7.52E-03
0	96.8190	97.7280	1.9000	1	1.78E-01
0	97.0830	97.7160	1.9000	1	1.97E-02
0	97.3460	97.7050	1.9000	1	1.97E-02
0	99.5370	97.4690	1.9000	1	1.65E-01
0	100.0380	97.4420	1.9000	1	3.75E-02
0	100.7190	97.4920	1.9000	1	5.10E-02
0	101.1130	97.5550	1.9000	1	2.98E-02
0	94.2450	99.7120	1.9000	1	5.54E-02
0	94.3230	99.7240	1.9000	1	5.90E-03
0	94.4010	99.7350	1.9000	1	5.89E-03
0	94.4790	99.7470	1.9000	1	5.90E-03
0	94.6470	99.7380	1.9000	1	1.26E-02
0	94.7860	99.8070	1.9000	1	1.16E-02
0	94.8720	100.0050	1.9000	1	1.61E-02
0	94.7820	100.1960	1.9000	1	1.58E-02
0	94.5820	100.2690	1.9000	1	1.59E-02
0	94.4140	100.2530	1.9000	1	1.26E-02
0	94.3580	100.2630	1.9000	1	4.25E-03
0	94.3010	100.2730	1.9000	1	4.32E-03
0	94.2450	100.2820	1.9000	1	4.24E-03
0	101.3660	98.4610	1.9000	1	5.65E-02
0	101.3840	98.3880	1.9000	1	5.62E-03
0	101.3800	97.8830	1.9000	1	3.77E-02
0	101.3030	97.6900	1.9000	1	1.55E-02
0	101.1130	97.5550	1.9000	1	1.74E-02
0	101.2980	97.5900	1.9000	1	1.41E-02
0	101.8200	97.7510	1.9000	1	4.08E-02
0	102.3720	97.9910	1.9000	1	4.50E-02
0	102.8550	98.2710	1.9000	1	4.17E-02
0	103.3420	98.6350	1.9000	1	4.54E-02
0	103.7710	99.0440	1.9000	1	4.43E-02
0	104.1030	99.4440	1.9000	1	3.88E-02
0	104.4040	99.8960	1.9000	1	4.06E-02
0	104.4340	99.9960	1.9000	1	7.80E-03
0	104.4060	100.1000	1.9000	1	8.05E-03
0	103.9540	100.7450	1.9000	1	5.89E-02
0	103.5920	101.1380	1.9000	1	3.99E-02
0	102.8980	101.7000	1.9000	1	6.67E-02
0	102.2530	102.0680	1.9000	1	5.55E-02
0	101.6610	102.2910	1.9000	1	4.73E-02
0	101.1790	102.4200	1.9000	1	3.73E-02
0	101.2900	102.3220	1.9000	1	1.11E-02
0	101.3830	102.0990	1.9000	1	1.81E-02
0	101.3760	101.5520	1.9000	1	4.09E-02
0	101.1770	101.3850	1.9000	1	1.94E-02
0	101.3530	101.2520	1.9000	1	1.65E-02
0	101.3730	101.1600	1.9000	1	7.03E-03
0	101.3680	98.7920	1.9000	1	1.77E-01
0	101.1780	98.6150	1.9000	1	1.94E-02
0	101.3340	98.5070	1.9000	1	1.42E-02
0	101.7070	98.0620	1.9000	1	4.47E-03
0	102.2690	98.3120	1.9000	1	4.60E-02
0	102.7020	98.5680	1.9000	1	3.76E-02
0	103.1660	98.9230	1.9000	1	4.37E-02
0	103.6550	99.4200	1.9000	1	5.21E-02
0	104.0740	99.9940	1.9000	1	5.31E-02
0	103.6190	100.6290	1.9000	1	5.84E-02
0	103.3680	100.8960	1.9000	1	2.74E-02
0	102.7110	101.4270	1.9000	1	6.31E-02
0	102.2110	101.7120	1.9000	1	4.30E-02
0	101.7240	101.9150	1.9000	1	3.94E-02
0	101.7100	101.5660	1.9000	1	2.61E-02
0	101.6580	101.3740	1.9000	1	1.49E-02
0	101.7020	101.1480	1.9000	1	1.72E-02
0	101.7020	99.5500	1.9000	1	1.19E-01
0	101.6750	98.7010	1.9000	1	6.35E-02
0	101.6980	98.2810	1.9000	1	3.14E-02
0	102.1290	98.7390	1.9000	1	4.70E-02
0	102.4300	98.9140	1.9000	1	2.60E-02
0	102.8450	99.2230	1.9000	1	3.87E-02
0	103.2080	99.5700	1.9000	1	3.75E-02
0	103.5450	99.9850	1.9000	1	3.99E-02
0	103.0680	100.5730	1.9000	1	5.66E-02
0	102.4760	101.0530	1.9000	1	5.69E-02
0	102.1300	101.2520	1.9000	1	2.98E-02
0	102.1330	98.9580	1.9000	1	1.71E-01
0	102.5740	99.5440	1.9000	1	5.48E-02
0	103.0220	100.0010	1.9000	1	4.78E-02
0	102.5610	100.4450	1.9000	1	4.78E-02
0	102.5690	99.7640	1.9000	1	5.09E-02
0	98.5950	99.0110	1.9000	1	3.11E-02
0	98.6610	98.8180	1.9000	1	1.52E-02
0	99.2440	98.7410	1.9000	1	4.39E-02
0	99.2440	101.2590	1.9000	1	1.94E-02
0	99.1620	101.2450	1.9000	1	6.22E-03
0	98.9110	101.2130	1.9000	1	1.89E-02
0	98.6610	101.1820	1.9000	1	1.88E-02
0	98.5950	100.9890	1.9000	1	1.52E-02
0	98.0690	100.9600	1.9000	1	4.05E-03
0	96.6300	100.9610	1.9000	1	1.08E-01
0	96.5070	100.9160	1.9000	1	9.79E-03
0	96.4740	100.8050	1.9000	1	8.65E-03
0	96.4740	99.1950	1.9000	1	1.20E-01
0	96.5190	99.0720	1.9000	1	9.79E-03
0	96.6300	99.0390	1.9000	1	8.65E-03
0	98.0410	99.0390	1.9000	1	1.05E-01
0	98.0690	100.9600	1.9000	1	1.48E-02
0	98.1340	100.9080	1.9000	1	6.22E-03
0	98.2000	100.8570	1.9000	1	6.23E-03
0	98.2660	100.8050	1.9000	1	6.28E-03
0	98.2820	100.7250	1.9000	1	6.10E-03
0	98.2600	100.6800	1.9000	1	3.74E-03
0	98.2370	100.6350	1.9000	1	3.78E-03
0	98.2370	99.3650	1.9000	1	9.49E-02
0	98.2600	99.3200	1.9000	1	3.78E-03
0	98.2820	99.2750	1.9000	1	3.74E-03
0	98.2710	99.1950	1.9000	1	6.03E-03
0	98.1950	99.1430	1.9000	1	6.88E-03
0	98.1180	99.0910	1.9000	1	6.94E-03
0	98.0410	99.0390	1.9000	1	6.94E-03
0	98.1720	99.0670	1.9000	1	1.00E-02
0	98.3030	99.0950	1.9000	1	1.00E-02
0	98.4330	99.1230	1.9000	1	9.94E-03
0	98.5950	99.0110	1.9000	1	1.47E-02
0	98.5850	99.2720	1.9000	1	1.95E-02
0	98.6070	99.3190	1.9000	1	3.88E-03
0	98.6290	99.3650	1.9000	1	3.81E-03
0	98.6290	100.6350	1.9000	1	9.49E-02
0	98.6070	100.6800	1.9000	1	3.74E-03
0	98.5850	100.7250	1.9000	1	3.74E-03
0	98.5950	100.9890	1.9000	1	1.97E-02
0	98.4360	100.8770	1.9000	1	1.45E-02
0	98.3130	100.9050	1.9000	1	9.43E-03
0	98.1910	100.9320	1.9000	1	9.34E-03
0	98.1270	100.9470	1.9000	1	4.91E-03
0	98.1270	100.9470	1.9500	1	3.85E-04
0	101.1470	102.4600	1.9500	1	2.60E-02
0	100.5270	102.5620	1.9500	1	4.66E-02
0	99.7240	102.5700	1.9500	1	5.96E-02
0	97.7500	102.3600	1.9500	1	1.47E-01
0	97.5580	102.3550	1.9500	1	1.42E-02
0	97.3670	102.3500	1.9500	1	1.42E-02
0	95.9590	102.1830	1.9500	1	1.05E-01
0	94.5440	102.0300	1.9500	1	1.06E-01
0	94.3320	101.9480	1.9500	1	1.69E-02
0	94.2350	101.7900	1.9500	1	1.38E-02
0	94.2350	100.3300	1.9500	1	1.08E-01
0	94.2120	100.1360	1.9500	1	1.45E-02
0	94.1890	99.9430	1.9500	1	1.44E-02
0	94.2120	99.8030	1.9500	1	1.05E-02
0	94.2350	99.6630	1.9500	1	1.05E-02
0	94.2350	98.3140	1.9500	1	1.00E-01
0	94.2860	98.0990	1.9500	1	1.64E-02
0	94.3650	98.0400	1.9500	1	7.31E-03
0	94.4450	97.9810	1.9500	1	7.37E-03
0	95.8590	97.8280	1.9500	1	1.05E-01
0	97.3770	97.6480	1.9500	1	1.13E-01
0	97.5870	97.6410	1.9500	1	1.56E-02
0	97.7980	97.6350	1.9500	1	1.57E-02
0	99.5380	97.4470	1.9500	1	1.30E-01
0	100.0450	97.4200	1.9500	1	3.77E-02
0	100.5680	97.4440	1.9500	1	3.88E-02
0	101.0640	97.5170	1.9500	1	3.72E-02
0	101.1210	97.5310	1.9500	1	4.35E-03
0	94.2380	99.7140	1.9500	1	5.55E-02
0	94.3130	99.7250	1.9500	1	5.62E-03
0	94.3890	99.7360	1.9500	1	5.70E-03
0	94.4640	99.7470	1.9500	1	5.62E-03
0	94.6330	99.7390	1.9500	1	1.25E-02
0	94.7720	99.8070	1.9500	1	1.15E-02
0	94.8570	100.0050	1.9500	1	1.60E-02
0	94.7670	100.1960	1.9500	1	1.57E-02
0	94.5680	100.2690	1.9500	1	1.57E-02
0	94.4000	100.2500	1.9500	1	1.25E-02
0	94.3460	100.2600	1.9500	1	4.07E-03
0	94.2920	100.2700	1.9500	1	4.07E-03
0	94.2380	100.2800	1.9500	1	4.07E-03
0	101.3990	98.4590	1.9500	1	5.68E-02
0	101.4190	98.3840	1.9500	1	5.76E-03
0	101.3880	97.7590	1.9500	1	4.64E-02
0	101.2890	97.6140	1.9500	1	1.30E-02
0	101.1210	97.5310	1.9500	1	1.39E-02
0	101.3990	97.5960	1.9500	1	2.12E-02
0	101.8850	97.7480	1.9500	1	3.78E-02
0	102.4390	97.9950	1.9500	1	4.50E-02
0	102.9630	98.3090	1.9500	1	4.53E-02
0	103.4110	98.6540	1.9500	1	4.19E-02
0	103.8170	99.0450	1.9500	1	4.18E-02
0	104.2020	99.5140	1.9500	1	4.50E-02
0	104.4920	99.9750	1.9500	1	4.04E-02
0	104.4870	100.0390	1.9500	1	4.76E-03
0	103.9740	100.7770	1.9500	1	6.67E-02
0	103.6270	101.1490	1.9500	1	3.77E-02
0	102.9670	101.6880	1.9500	1	6.32E-02
0	102.2760	102.0860	1.9500	1	5.91E-02
0	101.6100	102.3400	1.9500	1	5.29E-02
0	101.2040	102.4460	1.9500	1	3.11E-02
0	101.3090	102.3510	1.9500	1	1.05E-02
0	101.3980	102.1890	1.9500	1	1.37E-02
0	101.4070	101.5430	1.9500	1	4.79E-02
0	101.2120	101.3850	1.9500	1	1.86E-02
0	101.3640	101.2350	1.9500	1	1.58E-02
0	101.3740	98.8080	1.9500	1	1.80E-01
0	101.2120	98.6150	1.9500	1	1.87E-02
0	101.3710	98.5080	1.9500	1	1.42E-02
0	101.7060	99.3690	1.9500	1	7.11E-03
0	101.7060	101.1520	1.9500	1	1.32E-01
0	101.6770	101.3390	1.9500	1	1.40E-02
0	101.7460	101.5970	1.9500	1	1.98E-02
0	101.7360	101.9400	1.9500	1	2.54E-02
0	102.2460	101.7230	1.9500	1	4.11E-02
0	102.7790	101.4160	1.9500	1	4.56E-02
0	103.4010	100.9080	1.9500	1	5.96E-02
0	103.7540	100.5170	1.9500	1	3.91E-02
0	104.1180	99.9930	1.9500	1	4.73E-02
0	103.7110	99.4350	1.9500	1	5.12E-02
0	103.2320	98.9380	1.9500	1	5.12E-02
0	102.8090	98.6060	1.9500	1	3.99E-02
0	102.3270	98.3120	1.9500	1	4.19E-02
0	101.7460	98.0480	1.9500	1	4.73E-02
0	101.7390	98.4410	1.9500	1	2.92E-02
0	101.6750	98.6470	1.9500	1	1.60E-02
0	101.7060	99.1490	1.9500	1	3.73E-02
0	102.1450	99.5870	1.9500	1	4.60E-02
0	102.1360	98.7370	1.9500	1	6.30E-02
0	102.5300	98.9460	1.9500	1	3.31E-02
0	102.9270	99.2550	1.9500	1	3.73E-02
0	103.2510	99.5680	1.9500	1	3.34E-02
0	103.5790	99.9660	1.9500	1	3.83E-02
0	103.3930	100.2660	1.9500	1	2.62E-02
0	103.1010	100.5860	1.9500	1	3.21E-02
0	102.5450	101.0400	1.9500	1	5.32E-02
0	102.1480	101.2720	1.9500	1	3.41E-02
0	102.1450	99.8060	1.9500	1	1.09E-01
0	102.7330	100.3140	1.9500	1	5.76E-02
0	103.0390	100.0250	1.9500	1	3.12E-02
0	103.0410	99.9850	1.9500	1	2.97E-03
0	102.5730	99.5180	1.9500	1	4.90E-02
0	102.5730	100.4650	1.9500	1	7.02E-02
0	98.5950	99.0080	1.9500	1	3.26E-02
0	98.6590	98.8160	1.9500	1	1.50E-02
0	99.2430	98.7400	1.9500	1	4.37E-02
0	99.2430	101.2600	1.9500	1	1.94E-02
0	99.1600	101.2460	1.9500	1	6.24E-03
0	98.9100	101.2150	1.9500	1	1.87E-02
0	98.6590	101.1840	1.9500	1	1.88E-02
0	98.5950	100.9920	1.9500	1	1.50E-02
0	98.0690	100.9620	1.9500	1	4.05E-03
0	96.6300	100.9630	1.9500	1	1.07E-01
0	96.5050	100.9190	1.9500	1	9.83E-03
0	96.4720	100.8050	1.9500	1	8.80E-03
0	96.4720	99.1950	1.9500	1	1.19E-01
0	96.5160	99.0700	1.9500	1	9.83E-03
0	96.6300	99.0370	1.9500	1	8.80E-03
0	98.0410	99.0370	1.9500	1	1.05E-01
0	98.0690	100.9620	1.9500	1	1.48E-02
0	98.1350	100.9100	1.9500	1	6.23E-03
0	98.2010	100.8570	1.9500	1	6.28E-03
0	98.2680	100.8050	1.9500	1	6.29E-03
0	98.2820	100.7300	1.9500	1	5.66E-03
0	98.2600	100.6840	1.9500	1	3.78E-03
0	98.2370	100.6380	1.9500	1	3.81E-03
0	98.2370	99.3620	1.9500	1	9.46E-02
0	98.2550	99.2780	1.9500	1	6.37E-03
0	98.2730	99.1950	1.9500	1	6.30E-03
0	98.1960	99.1420	1.9500	1	6.93E-03
0	98.1190	99.0890	1.9500	1	6.93E-03
0	98.0410	99.0370	1.9500	1	6.95E-03
0	98.1720	99.0640	1.9500	1	9.92E-03
0	98.3020	99.0910	1.9500	1	9.85E-03
0	98.4330	99.1190	1.9500	1	9.94E-03
0	98.5950	99.0080	1.9500	1	1.46E-02
0	98.5830	99.2680	1.9500	1	1.93E-02
0	98.6060	99.3150	1.9500	1	3.88E-03
0	98.6280	99.3620	1.9500	1	3.85E-03
0	98.6280	100.6380	1.9500	1	9.46E-02
0	98.6060	100.6840	1.9500	1	3.78E-03
0	98.5830	100.7300	1.9500	1	3.81E-03
0	98.5950	100.9920	1.9500	1	1.95E-02
0	98.4350	100.8810	1.9500	1	1.44E-02
0	98.3130	100.9080	1.9500	1	9.27E-03
0	98.1910	100.9350	1.9500	1	9.27E-03
0	98.1280	100.9490	1.9500	1	4.79E-03
0	98.1280	100.9490	2	1	3.85E-04
0	101.2310	102.4630	2	1	2.66E-02
0	100.5420	102.5780	2	1	5.14E-02
0	99.7040	102.5900	2	1	6.17E-02
0	98.1370	102.4220	2	1	1.16E-01
0	97.9710	102.4190	2	1	1.22E-02
0	97.8050	102.4160	2	1	1.22E-02
0	96.0990	102.2090	2	1	1.27E-01
0	94.5310	102.0390	2	1	1.16E-01
0	94.3010	101.9450	2	1	1.83E-02
0	94.2280	101.7040	2	1	1.85E-02
0	94.2280	100.3370	2	1	1.01E-01
0	94.2050	100.1410	2	1	1.45E-02
0	94.1820	99.9460	2	1	1.45E-02
0	94.2050	99.8040	2	1	1.06E-02
0	94.2280	99.6630	2	1	1.05E-02
0	94.2280	98.2960	2	1	1.01E-01
0	94.2820	98.0850	2	1	1.60E-02
0	94.4410	97.9710	2	1	1.44E-02
0	96.1410	97.7860	2	1	1.26E-01
0	97.8070	97.5830	2	1	1.24E-01
0	97.9930	97.5780	2	1	1.37E-02
0	98.1800	97.5730	2	1	1.38E-02
0	99.5410	97.4260	2	1	1.01E-01
0	100.1290	97.4080	2	1	4.33E-02
0	100.6990	97.4360	2	1	4.20E-02
0	101.2110	97.5310	2	1	3.83E-02
0	94.2310	99.7150	2	1	5.63E-02
0	94.3040	99.7260	2	1	5.43E-03
0	94.3770	99.7360	2	1	5.42E-03
0	94.4500	99.7470	2	1	5.43E-03
0	94.6190	99.7390	2	1	1.25E-02
0	94.7570	99.8070	2	1	1.13E-02
0	94.8430	100.0050	2	1	1.59E-02
0	94.7530	100.1970	2	1	1.56E-02
0	94.5530	100.2700	2	1	1.57E-02
0	94.3840	100.2540	2	1	1.25E-02
0	94.3330	100.2630	2	1	3.81E-03
0	94.2820	100.2720	2	1	3.81E-03
0	94.2310	100.2810	2	1	3.81E-03
0	101.3910	98.5000	2	1	5.68E-02
0	101.4380	98.4650	2	1	4.31E-03
0	101.4520	98.0030	2	1	3.40E-02
0	101.4180	97.7310	2	1	2.02E-02
0	101.2780	97.5560	2	1	1.65E-02
0	101.3980	97.5760	2	1	8.96E-03
0	101.8790	97.7210	2	1	3.70E-02
0	102.4580	97.9780	2	1	4.66E-02
0	103	98.3040	2	1	4.66E-02
0	103.4580	98.6580	2	1	4.26E-02
0	103.8820	99.0740	2	1	4.37E-02
0	104.2170	99.4810	2	1	3.88E-02
0	104.5190	99.9890	2	1	4.35E-02
0	104.5210	100.0460	2	1	4.20E-03
0	104.0790	100.6860	2	1	5.73E-02
0	103.7930	100.9980	2	1	3.12E-02
0	103.2540	101.5050	2	1	5.45E-02
0	102.5500	101.9650	2	1	6.19E-02
0	101.9260	102.2600	2	1	5.08E-02
0	101.2310	102.4630	2	1	5.33E-02
0	101.3610	102.3590	2	1	1.23E-02
0	101.4540	102.1350	2	1	1.79E-02
0	101.4540	101.6180	2	1	3.81E-02
0	101.4200	101.4990	2	1	9.11E-03
0	101.1880	101.3880	2	1	1.89E-02
0	101.2440	101.3730	2	1	4.27E-03
0	101.3810	101.1630	2	1	1.85E-02
0	101.3810	98.8370	2	1	1.71E-01
0	101.2430	98.6290	2	1	1.84E-02
0	101.1490	98.6120	2	1	7.03E-03
0	101.2470	98.6060	2	1	7.23E-03
0	101.3430	98.5350	2	1	8.79E-03
0	101.7790	98.0380	2	1	5.09E-03
0	102.2910	98.2620	2	1	4.11E-02
0	102.8020	98.5670	2	1	4.38E-02
0	103.2310	98.8980	2	1	3.99E-02
0	103.7560	99.4360	2	1	5.53E-02
0	104.1580	99.9920	2	1	5.05E-02
0	103.7020	100.6260	2	1	5.75E-02
0	103.1270	101.1910	2	1	5.93E-02
0	102.5500	101.5910	2	1	5.17E-02
0	101.7830	101.9560	2	1	6.25E-02
0	101.7840	101.6290	2	1	2.41E-02
0	101.6910	101.3280	2	1	2.32E-02
0	101.7100	101.1530	2	1	1.30E-02
0	101.6930	98.6930	2	1	1.81E-01
0	101.7590	98.5310	2	1	1.29E-02
0	101.7700	98.2570	2	1	2.02E-02
0	102.1660	98.6980	2	1	4.36E-02
0	102.5260	98.9090	2	1	3.07E-02
0	102.9300	99.2170	2	1	3.74E-02
0	103.2940	99.5700	2	1	3.73E-02
0	103.6280	99.9860	2	1	3.93E-02
0	103.2540	100.4500	2	1	4.39E-02
0	102.8160	100.8730	2	1	4.48E-02
0	102.1490	101.3050	2	1	5.85E-02
0	102.1610	98.9170	2	1	1.76E-01
0	102.5840	99.4960	2	1	5.28E-02
0	103.0870	100.0010	2	1	5.25E-02
0	102.5840	100.5010	2	1	5.22E-02
0	102.5840	99.7160	2	1	5.78E-02
0	98.5940	99.0040	2	1	3.12E-02
0	98.6580	98.8150	2	1	1.47E-02
0	99.2420	98.7390	2	1	4.34E-02
0	99.2420	101.2610	2	1	1.94E-02
0	99.1590	101.2470	2	1	6.20E-03
0	98.9080	101.2160	2	1	1.86E-02
0	98.6580	101.1850	2	1	1.85E-02
0	98.5940	100.9960	2	1	1.47E-02
0	98.0690	100.9640	2	1	4.05E-03
0	96.6300	100.9650	2	1	1.06E-01
0	96.5040	100.9230	2	1	9.78E-03
0	96.4700	100.8050	2	1	9.04E-03
0	96.4700	99.1950	2	1	1.19E-01
0	96.5130	99.0690	2	1	9.80E-03
0	96.6300	99.0340	2	1	8.99E-03
0	98.0410	99.0340	2	1	1.04E-01
0	98.0690	100.9640	2	1	1.48E-02
0	98.1360	100.9110	2	1	6.29E-03
0	98.2030	100.8580	2	1	6.29E-03
0	98.2690	100.8050	2	1	6.23E-03
0	98.2820	100.7350	2	1	5.24E-03
0	98.2600	100.6890	2	1	3.75E-03
0	98.2370	100.6420	2	1	3.85E-03
0	98.2370	99.3580	2	1	9.45E-02
0	98.2550	99.2760	2	1	6.18E-03
0	98.2740	99.1950	2	1	6.13E-03
0	98.1970	99.1420	2	1	6.88E-03
0	98.1190	99.0880	2	1	6.98E-03
0	98.0410	99.0340	2	1	6.98E-03
0	98.1720	99.0610	2	1	9.85E-03
0	98.3020	99.0880	2	1	9.77E-03
0	98.4320	99.1150	2	1	9.77E-03
0	98.5940	99.0040	2	1	1.45E-02
0	98.5820	99.2630	2	1	1.91E-02
0	98.6050	99.3110	2	1	3.92E-03
0	98.6270	99.3580	2	1	3.82E-03
0	98.6270	100.6420	2	1	9.45E-02
0	98.6050	100.6890	2	1	3.82E-03
0	98.5820	100.7350	2	1	3.79E-03
0	98.5940	100.9960	2	1	1.92E-02
0	98.4330	100.8850	2	1	1.44E-02
0	98.3120	100.9110	2	1	9.11E-03
0	98.1910	100.9380	2	1	9.13E-03
0	98.1280	100.9510	2	1	4.74E-03
0	98.1280	100.9510	2.0500	1	3.85E-04
0	101.1990	102.5050	2.0500	1	2.65E-02
0	100.5890	102.5950	2.0500	1	4.53E-02
0	99.7420	102.6120	2.0500	1	6.22E-02
0	98.4770	102.4780	2.0500	1	9.34E-02
0	98.3280	102.4770	2.0500	1	1.09E-02
0	98.1780	102.4750	2.0500	1	1.10E-02
0	97.2240	102.3570	2.0500	1	7.06E-02
0	96.2700	102.2390	2.0500	1	7.06E-02
0	94.5190	102.0470	2.0500	1	1.29E-01
0	94.2930	101.9520	2.0500	1	1.80E-02
0	94.2210	101.7210	2.0500	1	1.78E-02
0	94.2210	100.3320	2.0500	1	1.02E-01
0	94.1980	100.1400	2.0500	1	1.42E-02
0	94.1740	99.9480	2.0500	1	1.42E-02
0	94.1980	99.8070	2.0500	1	1.05E-02
0	94.2210	99.6650	2.0500	1	1.06E-02
0	94.2210	98.2780	2.0500	1	1.02E-01
0	94.2780	98.0720	2.0500	1	1.57E-02
0	94.4380	97.9620	2.0500	1	1.43E-02
0	96.2090	97.7680	2.0500	1	1.31E-01
0	97.1950	97.6460	2.0500	1	7.30E-02
0	98.1810	97.5240	2.0500	1	7.30E-02
0	98.3480	97.5200	2.0500	1	1.23E-02
0	98.5160	97.5170	2.0500	1	1.23E-02
0	99.5450	97.4060	2.0500	1	7.60E-02
0	100.0650	97.3770	2.0500	1	3.82E-02
0	100.5660	97.4000	2.0500	1	3.68E-02
0	101.2460	97.5140	2.0500	1	5.06E-02
0	101.3050	97.5300	2.0500	1	4.49E-03
0	94.2240	99.7170	2.0500	1	5.70E-02
0	94.3310	99.7320	2.0500	1	7.93E-03
0	94.4370	99.7470	2.0500	1	7.86E-03
0	94.6060	99.7390	2.0500	1	1.24E-02
0	94.7420	99.8070	2.0500	1	1.12E-02
0	94.8280	100.0050	2.0500	1	1.59E-02
0	94.7380	100.1960	2.0500	1	1.55E-02
0	94.5390	100.2690	2.0500	1	1.56E-02
0	94.3710	100.2520	2.0500	1	1.24E-02
0	94.2970	100.2650	2.0500	1	5.52E-03
0	94.2240	100.2790	2.0500	1	5.46E-03
0	101.4190	98.5090	2.0500	1	5.70E-02
0	101.4680	98.4760	2.0500	1	4.34E-03
0	101.4870	97.9760	2.0500	1	3.67E-02
0	101.4540	97.7130	2.0500	1	1.95E-02
0	101.3050	97.5300	2.0500	1	1.73E-02
0	101.8990	97.7030	2.0500	1	4.54E-02
0	102.4350	97.9370	2.0500	1	4.30E-02
0	102.9470	98.2350	2.0500	1	4.35E-02
0	103.4570	98.6190	2.0500	1	4.69E-02
0	103.9090	99.0600	2.0500	1	4.64E-02
0	104.2570	99.4790	2.0500	1	4.00E-02
0	104.5600	99.9890	2.0500	1	4.36E-02
0	104.5620	100.0470	2.0500	1	4.26E-03
0	104.1170	100.6920	2.0500	1	5.75E-02
0	103.8240	101.0110	2.0500	1	3.18E-02
0	103.2840	101.5170	2.0500	1	5.43E-02
0	102.6410	101.9490	2.0500	1	5.69E-02
0	101.9480	102.2770	2.0500	1	5.63E-02
0	101.2750	102.4810	2.0500	1	5.16E-02
0	101.3810	102.3880	2.0500	1	1.04E-02
0	101.4680	102.2240	2.0500	1	1.36E-02
0	101.4690	101.5280	2.0500	1	5.11E-02
0	101.2820	101.3960	2.0500	1	1.68E-02
0	101.1910	101.3900	2.0500	1	6.70E-03
0	101.2740	101.3610	2.0500	1	6.46E-03
0	101.3840	101.1650	2.0500	1	1.65E-02
0	101.3840	98.8480	2.0500	1	1.70E-01
0	101.2730	98.6410	2.0500	1	1.72E-02
0	101.1520	98.6110	2.0500	1	9.16E-03
0	101.2820	98.6020	2.0500	1	9.57E-03
0	101.3690	98.5430	2.0500	1	7.72E-03
0	101.7140	99.7420	2.0500	1	9.60E-03
0	101.7040	101.2800	2.0500	1	1.13E-01
0	101.7760	101.4230	2.0500	1	1.18E-02
0	101.8180	101.6540	2.0500	1	1.72E-02
0	101.8070	101.9710	2.0500	1	2.33E-02
0	102.3690	101.7140	2.0500	1	4.54E-02
0	103.0970	101.2460	2.0500	1	6.36E-02
0	103.5920	100.7760	2.0500	1	5.01E-02
0	103.8460	100.5050	2.0500	1	2.73E-02
0	104.1990	99.9920	2.0500	1	4.57E-02
0	103.7910	99.4290	2.0500	1	5.11E-02
0	103.2320	98.8600	2.0500	1	5.86E-02
0	102.7530	98.5010	2.0500	1	4.40E-02
0	102.2730	98.2240	2.0500	1	4.07E-02
0	101.8160	98.0260	2.0500	1	3.66E-02
0	101.7940	98.5150	2.0500	1	3.59E-02
0	101.7030	98.7080	2.0500	1	1.57E-02
0	101.7140	99.5220	2.0500	1	5.98E-02
0	102.1530	101.1600	2.0500	1	1.30E-02
0	102.1530	98.8400	2.0500	1	1.70E-01
0	102.1910	98.7030	2.0500	1	1.04E-02
0	102.4930	98.8560	2.0500	1	2.49E-02
0	102.9340	99.1820	2.0500	1	4.03E-02
0	103.3240	99.5580	2.0500	1	3.98E-02
0	103.6700	99.9860	2.0500	1	4.04E-02
0	103.2840	100.4630	2.0500	1	4.51E-02
0	102.8470	100.8850	2.0500	1	4.46E-02
0	102.2520	101.2740	2.0500	1	5.22E-02
0	102.5950	100.5210	2.0500	1	6.08E-02
0	102.5950	99.4790	2.0500	1	7.65E-02
0	103.1180	100.0030	2.0500	1	5.44E-02
0	102.7520	100.3670	2.0500	1	3.79E-02
0	98.5930	99.0010	2.0500	1	3.37E-02
0	98.6570	98.8140	2.0500	1	1.45E-02
0	99.2400	98.7380	2.0500	1	4.32E-02
0	99.2400	101.2620	2.0500	1	1.94E-02
0	99.1580	101.2480	2.0500	1	6.11E-03
0	98.9070	101.2170	2.0500	1	1.86E-02
0	98.6570	101.1860	2.0500	1	1.85E-02
0	98.5930	100.9990	2.0500	1	1.45E-02
0	98.0700	100.9660	2.0500	1	4.03E-03
0	96.6300	100.9670	2.0500	1	1.06E-01
0	96.5030	100.9260	2.0500	1	9.80E-03
0	96.4670	100.8050	2.0500	1	9.27E-03
0	96.4670	99.1950	2.0500	1	1.18E-01
0	96.5100	99.0670	2.0500	1	9.92E-03
0	96.6300	99.0320	2.0500	1	9.18E-03
0	98.0410	99.0320	2.0500	1	1.04E-01
0	98.0700	100.9660	2.0500	1	1.49E-02
0	98.1370	100.9130	2.0500	1	6.27E-03
0	98.2040	100.8590	2.0500	1	6.32E-03
0	98.2710	100.8050	2.0500	1	6.32E-03
0	98.2830	100.7400	2.0500	1	4.85E-03
0	98.2600	100.6930	2.0500	1	3.84E-03
0	98.2360	100.6460	2.0500	1	3.88E-03
0	98.2360	99.3540	2.0500	1	9.49E-02
0	98.2560	99.2750	2.0500	1	5.98E-03
0	98.2760	99.1950	2.0500	1	6.06E-03
0	98.1980	99.1410	2.0500	1	6.97E-03
0	98.1200	99.0870	2.0500	1	6.97E-03
0	98.0410	99.0320	2.0500	1	7.07E-03
0	98.1710	99.0580	2.0500	1	9.74E-03
0	98.3010	99.0850	2.0500	1	9.75E-03
0	98.4310	99.1110	2.0500	1	9.74E-03
0	98.5930	99.0010	2.0500	1	1.44E-02
0	98.5800	99.2590	2.0500	1	1.90E-02
0	98.6030	99.3070	2.0500	1	3.91E-03
0	98.6260	99.3540	2.0500	1	3.84E-03
0	98.6260	100.6460	2.0500	1	9.49E-02
0	98.6030	100.6930	2.0500	1	3.84E-03
0	98.5800	100.7400	2.0500	1	3.84E-03
0	98.5930	100.9990	2.0500	1	1.90E-02
0	98.4320	100.8890	2.0500	1	1.43E-02
0	98.3110	100.9150	2.0500	1	9.09E-03
0	98.1900	100.9410	2.0500	1	9.09E-03
0	98.1280	100.9540	2.0500	1	4.65E-03
0	98.1280	100.9540	2.1000	1	3.85E-04
0	101.3350	102.4810	2.1000	1	2.73E-02
0	100.6070	102.6140	2.1000	1	5.37E-02
0	99.7860	102.6340	2.1000	1	5.96E-02
0	98.7840	102.5300	2.1000	1	7.31E-02
0	98.6260	102.5270	2.1000	1	1.15E-02
0	98.4680	102.5240	2.1000	1	1.15E-02
0	97.4480	102.3950	2.1000	1	7.46E-02
0	96.4280	102.2670	2.1000	1	7.46E-02
0	94.5070	102.0550	2.1000	1	1.40E-01
0	94.3090	101.9810	2.1000	1	1.53E-02
0	94.2140	101.7710	2.1000	1	1.67E-02
0	94.2140	100.3360	2.1000	1	1.04E-01
0	94.1910	100.1430	2.1000	1	1.41E-02
0	94.1670	99.9510	2.1000	1	1.40E-02
0	94.1910	99.8080	2.1000	1	1.05E-02
0	94.2140	99.6640	2.1000	1	1.06E-02
0	94.2140	98.2610	2.1000	1	1.02E-01
0	94.2710	98.0760	2.1000	1	1.40E-02
0	94.4220	97.9540	2.1000	1	1.41E-02
0	96.4150	97.7340	2.1000	1	1.45E-01
0	97.4610	97.6020	2.1000	1	7.65E-02
0	98.5080	97.4700	2.1000	1	7.66E-02
0	99.0280	97.4280	2.1000	1	3.78E-02
0	99.5490	97.3870	2.1000	1	3.79E-02
0	100.0760	97.3570	2.1000	1	3.83E-02
0	100.5770	97.3800	2.1000	1	3.64E-02
0	101.2630	97.4930	2.1000	1	5.04E-02
0	94.2180	99.7170	2.1000	1	5.68E-02
0	94.3210	99.7320	2.1000	1	7.55E-03
0	94.4240	99.7460	2.1000	1	7.54E-03
0	94.5920	99.7400	2.1000	1	1.22E-02
0	94.7280	99.8070	2.1000	1	1.10E-02
0	94.8140	100.0050	2.1000	1	1.57E-02
0	94.7240	100.1970	2.1000	1	1.54E-02
0	94.5240	100.2700	2.1000	1	1.54E-02
0	94.3550	100.2540	2.1000	1	1.23E-02
0	94.2870	100.2670	2.1000	1	5.02E-03
0	94.2180	100.2800	2.1000	1	5.09E-03
0	101.4320	98.5910	2.1000	1	5.70E-02
0	101.4780	98.5710	2.1000	1	3.64E-03
0	101.5250	98.4350	2.1000	1	1.04E-02
0	101.5220	97.8150	2.1000	1	4.50E-02
0	101.4010	97.5800	2.1000	1	1.92E-02
0	101.2630	97.4930	2.1000	1	1.18E-02
0	101.4340	97.5350	2.1000	1	1.28E-02
0	101.9360	97.6920	2.1000	1	3.82E-02
0	102.4720	97.9260	2.1000	1	4.24E-02
0	102.9710	98.2150	2.1000	1	4.18E-02
0	103.4350	98.5590	2.1000	1	4.19E-02
0	103.8590	98.9520	2.1000	1	4.19E-02
0	104.2630	99.4260	2.1000	1	4.52E-02
0	104.5680	99.8920	2.1000	1	4.04E-02
0	104.6000	99.9950	2.1000	1	7.83E-03
0	104.5710	100.1040	2.1000	1	8.18E-03
0	104.1230	100.7480	2.1000	1	5.69E-02
0	103.7620	101.1460	2.1000	1	3.90E-02
0	103.3420	101.5100	2.1000	1	4.03E-02
0	102.6690	101.9630	2.1000	1	5.89E-02
0	101.9400	102.3050	2.1000	1	5.84E-02
0	101.3350	102.4810	2.1000	1	4.57E-02
0	101.4960	102.2750	2.1000	1	1.90E-02
0	101.5240	101.9930	2.1000	1	2.06E-02
0	101.5120	101.4890	2.1000	1	3.66E-02
0	101.4460	101.3960	2.1000	1	8.27E-03
0	101.1860	101.3610	2.1000	1	1.90E-02
0	101.3030	101.3200	2.1000	1	8.99E-03
0	101.3880	101.1660	2.1000	1	1.28E-02
0	101.3880	98.8340	2.1000	1	1.69E-01
0	101.3030	98.6800	2.1000	1	1.28E-02
0	101.1910	98.6390	2.1000	1	8.65E-03
0	101.3170	98.6390	2.1000	1	9.14E-03
0	101.3770	98.6140	2.1000	1	4.72E-03
0	101.8520	98.0150	2.1000	1	5.88E-03
0	102.3390	98.2300	2.1000	1	3.86E-02
0	102.8210	98.5140	2.1000	1	4.06E-02
0	103.2630	98.8480	2.1000	1	4.02E-02
0	103.8290	99.4250	2.1000	1	5.86E-02
0	104.2420	99.9950	2.1000	1	5.11E-02
0	103.7760	100.6390	2.1000	1	5.77E-02
0	103.1970	101.2090	2.1000	1	5.89E-02
0	102.5650	101.6470	2.1000	1	5.58E-02
0	101.8540	101.9860	2.1000	1	5.71E-02
0	101.8540	101.5780	2.1000	1	2.96E-02
0	101.8060	101.3560	2.1000	1	1.65E-02
0	101.7100	101.2020	2.1000	1	1.32E-02
0	101.7100	98.7980	2.1000	1	1.74E-01
0	101.7670	98.7250	2.1000	1	6.72E-03
0	101.8440	98.5190	2.1000	1	1.60E-02
0	101.8480	98.2340	2.1000	1	2.07E-02
0	102.2530	98.6870	2.1000	1	4.41E-02
0	102.5590	98.8670	2.1000	1	2.58E-02
0	102.9640	99.1700	2.1000	1	3.67E-02
0	103.3550	99.5450	2.1000	1	3.93E-02
0	103.7120	99.9880	2.1000	1	4.13E-02
0	103.3140	100.4770	2.1000	1	4.57E-02
0	102.8830	100.8930	2.1000	1	4.35E-02
0	102.2480	101.3120	2.1000	1	5.52E-02
0	102.1490	101.0590	2.1000	1	1.97E-02
0	102.1490	99.0740	2.1000	1	1.44E-01
0	102.1960	98.9000	2.1000	1	1.31E-02
0	102.6010	99.4600	2.1000	1	5.01E-02
0	103.1510	100.0030	2.1000	1	5.61E-02
0	102.6010	100.5380	2.1000	1	5.57E-02
0	102.6010	99.6800	2.1000	1	6.22E-02
0	98.5920	98.9970	2.1000	1	3.13E-02
0	98.6550	98.8130	2.1000	1	1.41E-02
0	99.2390	98.7360	2.1000	1	4.27E-02
0	99.2390	101.2640	2.1000	1	1.94E-02
0	99.1560	101.2500	2.1000	1	6.11E-03
0	98.9060	101.2180	2.1000	1	1.83E-02
0	98.6550	101.1870	2.1000	1	1.83E-02
0	98.5920	101.0030	2.1000	1	1.41E-02
0	98.0700	100.9690	2.1000	1	4.02E-03
0	96.6300	100.9700	2.1000	1	1.04E-01
0	96.4650	100.8980	2.1000	1	1.31E-02
0	96.4650	99.1950	2.1000	1	1.24E-01
0	96.5080	99.0660	2.1000	1	9.87E-03
0	96.6300	99.0300	2.1000	1	9.23E-03
0	98.0410	99.0300	2.1000	1	1.02E-01
0	98.0700	100.9690	2.1000	1	1.49E-02
0	98.1370	100.9140	2.1000	1	6.29E-03
0	98.2050	100.8600	2.1000	1	6.30E-03
0	98.2720	100.8050	2.1000	1	6.29E-03
0	98.2540	100.7270	2.1000	1	5.81E-03
0	98.2360	100.6490	2.1000	1	5.81E-03
0	98.2360	99.3510	2.1000	1	9.42E-02
0	98.2570	99.2730	2.1000	1	5.86E-03
0	98.2770	99.1950	2.1000	1	5.84E-03
0	98.1990	99.1400	2.1000	1	6.92E-03
0	98.1200	99.0850	2.1000	1	6.98E-03
0	98.0410	99.0300	2.1000	1	6.98E-03
0	98.1710	99.0560	2.1000	1	9.62E-03
0	98.3010	99.0810	2.1000	1	9.60E-03
0	98.4310	99.1070	2.1000	1	9.62E-03
0	98.5920	98.9970	2.1000	1	1.41E-02
0	98.5790	99.2550	2.1000	1	1.87E-02
0	98.6020	99.3030	2.1000	1	3.86E-03
0	98.6250	99.3510	2.1000	1	3.86E-03
0	98.6250	100.6490	2.1000	1	9.42E-02
0	98.6020	100.6970	2.1000	1	3.86E-03
0	98.5790	100.7460	2.1000	1	3.93E-03
0	98.5920	101.0030	2.1000	1	1.87E-02
0	98.4310	100.8930	2.1000	1	1.41E-02
0	98.3110	100.9180	2.1000	1	8.89E-03
0	98.1900	100.9430	2.1000	1	8.96E-03
0	98.1290	100.9560	2.1000	1	4.53E-03
0	98.1290	100.9560	2.1500	1	3.85E-04
0	101.2680	102.5330	2.1500	1	2.70E-02
0	100.6130	102.6340	2.1500	1	4.83E-02
0	99.8390	102.6540	2.1500	1	5.64E-02
0	99.0650	102.5800	2.1500	1	5.67E-02
0	98.9170	102.5780	2.1500	1	1.08E-02
0	98.7700	102.5760	2.1500	1	1.07E-02
0	97.6700	102.4380	2.1500	1	8.08E-02
0	96.5710	102.3000	2.1500	1	8.08E-02
0	95.4710	102.1620	2.1500	1	8.08E-02
0	94.9360	102.1010	2.1500	1	3.93E-02
0	94.4010	102.0390	2.1500	1	3.93E-02
0	94.2710	101.9680	2.1500	1	1.08E-02
0	94.2080	101.7670	2.1500	1	1.54E-02
0	94.2080	100.3360	2.1500	1	1.04E-01
0	94.1830	100.1450	2.1500	1	1.40E-02
0	94.1590	99.9540	2.1500	1	1.40E-02
0	94.1830	99.8090	2.1500	1	1.07E-02
0	94.2080	99.6640	2.1500	1	1.07E-02
0	94.2080	98.2320	2.1500	1	1.04E-01
0	94.2580	98.0680	2.1500	1	1.25E-02
0	94.3950	97.9570	2.1500	1	1.29E-02
0	95.2160	97.8630	2.1500	1	6.02E-02
0	95.4610	97.8390	2.1500	1	1.79E-02
0	96.5640	97.7000	2.1500	1	8.10E-02
0	97.6670	97.5610	2.1500	1	8.10E-02
0	98.7690	97.4220	2.1500	1	8.10E-02
0	99.1620	97.3950	2.1500	1	2.87E-02
0	99.5550	97.3680	2.1500	1	2.87E-02
0	100.0880	97.3380	2.1500	1	3.89E-02
0	100.5900	97.3610	2.1500	1	3.66E-02
0	101.2980	97.4790	2.1500	1	5.23E-02
0	94.2110	99.7180	2.1500	1	5.72E-02
0	94.3400	99.7260	2.1500	1	9.42E-03
0	94.4680	99.7330	2.1500	1	9.35E-03
0	94.6970	99.7880	2.1500	1	1.72E-02
0	94.8000	100.0010	2.1500	1	1.72E-02
0	94.7090	100.1970	2.1500	1	1.58E-02
0	94.5090	100.2700	2.1500	1	1.55E-02
0	94.3400	100.2550	2.1500	1	1.24E-02
0	94.2760	100.2670	2.1500	1	4.75E-03
0	94.2110	100.2800	2.1500	1	4.83E-03
0	101.4790	98.5950	2.1500	1	5.74E-02
0	101.4940	98.5900	2.1500	1	1.15E-03
0	101.5600	98.4320	2.1500	1	1.25E-02
0	101.5570	97.8000	2.1500	1	4.61E-02
0	101.4350	97.5640	2.1500	1	1.94E-02
0	101.2980	97.4790	2.1500	1	1.18E-02
0	101.4660	97.5220	2.1500	1	1.26E-02
0	101.9700	97.6800	2.1500	1	3.85E-02
0	102.4970	97.9120	2.1500	1	4.20E-02
0	102.9990	98.2030	2.1500	1	4.23E-02
0	103.4670	98.5490	2.1500	1	4.24E-02
0	103.8930	98.9440	2.1500	1	4.24E-02
0	104.2990	99.4210	2.1500	1	4.57E-02
0	104.6060	99.8890	2.1500	1	4.08E-02
0	104.6400	100.0550	2.1500	1	1.24E-02
0	104.4610	100.3490	2.1500	1	2.51E-02
0	104.1600	100.7510	2.1500	1	3.66E-02
0	103.7960	101.1540	2.1500	1	3.96E-02
0	103.3720	101.5210	2.1500	1	4.09E-02
0	102.6970	101.9750	2.1500	1	5.93E-02
0	101.9930	102.3080	2.1500	1	5.68E-02
0	101.3420	102.5090	2.1500	1	4.97E-02
0	101.4510	102.4170	2.1500	1	1.04E-02
0	101.5390	102.2540	2.1500	1	1.35E-02
0	101.5480	101.4960	2.1500	1	5.53E-02
0	101.4570	101.3830	2.1500	1	1.06E-02
0	101.1900	101.3630	2.1500	1	1.95E-02
0	101.3280	101.3030	2.1500	1	1.10E-02
0	101.3920	101.1680	2.1500	1	1.09E-02
0	101.3920	98.8320	2.1500	1	1.70E-01
0	101.3280	98.6970	2.1500	1	1.09E-02
0	101.1960	98.6370	2.1500	1	1.06E-02
0	101.3520	98.6380	2.1500	1	1.14E-02
0	101.4220	98.6140	2.1500	1	5.39E-03
0	101.7160	101.1780	2.1500	1	1.99E-02
0	101.7160	98.8220	2.1500	1	1.72E-01
0	101.7860	98.7450	2.1500	1	7.59E-03
0	101.8790	98.5090	2.1500	1	1.85E-02
0	101.8870	98.0040	2.1500	1	3.68E-02
0	102.3630	98.2150	2.1500	1	3.80E-02
0	102.8490	98.5020	2.1500	1	4.11E-02
0	103.2950	98.8380	2.1500	1	4.07E-02
0	103.8640	99.4190	2.1500	1	5.93E-02
0	104.2810	99.9950	2.1500	1	5.18E-02
0	103.8710	100.5860	2.1500	1	5.24E-02
0	103.2280	101.2190	2.1500	1	6.58E-02
0	102.5900	101.6610	2.1500	1	5.66E-02
0	101.8760	102.0040	2.1500	1	5.77E-02
0	101.8890	101.5950	2.1500	1	2.98E-02
0	101.8420	101.3580	2.1500	1	1.76E-02
0	102.1550	99.2930	2.1500	1	1.61E-02
0	102.1550	101.0180	2.1500	1	1.26E-01
0	102.2840	101.3210	2.1500	1	2.40E-02
0	102.9130	100.9030	2.1500	1	5.51E-02
0	103.3450	100.4870	2.1500	1	4.37E-02
0	103.7510	99.9880	2.1500	1	4.69E-02
0	103.3870	99.5360	2.1500	1	4.23E-02
0	102.9960	99.1600	2.1500	1	3.95E-02
0	102.5880	98.8550	2.1500	1	3.71E-02
0	102.2870	98.6780	2.1500	1	2.55E-02
0	102.1550	99.0730	2.1500	1	3.04E-02
0	102.7730	100.3990	2.1500	1	1.13E-02
0	103.1790	100.0030	2.1500	1	4.13E-02
0	102.6150	99.4460	2.1500	1	5.78E-02
0	102.6150	100.5510	2.1500	1	8.06E-02
0	98.5910	98.9940	2.1500	1	3.32E-02
0	98.6540	98.8110	2.1500	1	1.41E-02
0	99.2380	98.7350	2.1500	1	4.29E-02
0	99.2380	101.2650	2.1500	1	1.95E-02
0	99.1550	101.2510	2.1500	1	6.14E-03
0	98.9050	101.2200	2.1500	1	1.84E-02
0	98.6540	101.1880	2.1500	1	1.84E-02
0	98.5910	101.0060	2.1500	1	1.40E-02
0	98.0700	100.9710	2.1500	1	4.02E-03
0	96.6300	100.9720	2.1500	1	1.05E-01
0	96.4890	100.9120	2.1500	1	1.12E-02
0	96.4630	100.8050	2.1500	1	8.03E-03
0	96.4630	99.1950	2.1500	1	1.17E-01
0	96.5050	99.0640	2.1500	1	1.00E-02
0	96.6300	99.0280	2.1500	1	9.48E-03
0	98.0410	99.0280	2.1500	1	1.03E-01
0	98.0700	100.9710	2.1500	1	1.49E-02
0	98.1380	100.9150	2.1500	1	6.42E-03
0	98.2060	100.8600	2.1500	1	6.38E-03
0	98.2740	100.8050	2.1500	1	6.38E-03
0	98.2550	100.7290	2.1500	1	5.71E-03
0	98.2360	100.6530	2.1500	1	5.71E-03
0	98.2360	99.3470	2.1500	1	9.52E-02
0	98.2570	99.2710	2.1500	1	5.75E-03
0	98.2780	99.1950	2.1500	1	5.75E-03
0	98.1990	99.1390	2.1500	1	7.06E-03
0	98.1200	99.0840	2.1500	1	7.02E-03
0	98.0410	99.0280	2.1500	1	7.06E-03
0	98.1710	99.0530	2.1500	1	9.65E-03
0	98.3000	99.0780	2.1500	1	9.58E-03
0	98.4290	99.1030	2.1500	1	9.58E-03
0	98.5910	98.9940	2.1500	1	1.42E-02
0	98.5770	99.2490	2.1500	1	1.86E-02
0	98.6010	99.2980	2.1500	1	3.98E-03
0	98.6240	99.3470	2.1500	1	3.95E-03
0	98.6240	100.6530	2.1500	1	9.52E-02
0	98.6010	100.7020	2.1500	1	3.95E-03
0	98.5770	100.7510	2.1500	1	3.98E-03
0	98.5910	101.0060	2.1500	1	1.86E-02
0	98.4300	100.8970	2.1500	1	1.42E-02
0	98.3100	100.9220	2.1500	1	8.94E-03
0	98.1900	100.9460	2.1500	1	8.92E-03
0	98.1290	100.9590	2.1500	1	4.55E-03
0	98.1290	100.9590	2.2000	1	3.85E-04
0	94.7460	100.0890	2.2000	1	2.69E-02
0	94.7190	100.1750	2.2000	1	7.49E-03
0	94.5370	100.2690	2.2000	1	1.70E-02
0	94.3200	100.2130	2.2000	1	1.86E-02
0	94.2110	100.0230	2.2000	1	1.82E-02
0	94.2750	99.8320	2.2000	1	1.67E-02
0	94.4530	99.7340	2.2000	1	1.69E-02
0	94.6570	99.7740	2.2000	1	1.73E-02
0	94.7830	99.9700	2.2000	1	1.94E-02
0	94.7640	100.0320	2.2000	1	5.39E-03
0	98.5900	98.9910	2.2000	1	3.05E-02
0	98.6530	98.8100	2.2000	1	1.59E-02
0	99.2360	98.7340	2.2000	1	4.89E-02
0	98.0710	100.9730	2.2000	1	1.94E-02
0	98.0410	100.9740	2.2000	1	2.49E-03
0	96.6300	100.9740	2.2000	1	1.17E-01
0	96.4870	100.9150	2.2000	1	1.29E-02
0	96.4610	100.8050	2.2000	1	9.39E-03
0	96.4610	99.1950	2.2000	1	1.34E-01
0	96.5020	99.0630	2.2000	1	1.15E-02
0	96.6300	99.0260	2.2000	1	1.11E-02
0	98.0410	99.0260	2.2000	1	1.17E-01
0	98.6530	101.1920	2.2000	1	1.73E-02
0	98.9030	101.2220	2.2000	1	2.09E-02
0	99.1530	101.2520	2.2000	1	2.09E-02
0	99.2360	101.2660	2.2000	1	6.99E-03
0	98.0710	100.9730	2.2000	1	9.24E-03
0	98.2330	100.8050	2.2000	1	1.94E-02
0	98.2350	99.3440	2.2000	1	1.21E-01
0	98.2580	99.2700	2.2000	1	6.44E-03
0	98.2800	99.1950	2.2000	1	6.50E-03
0	98.2000	99.1390	2.2000	1	8.12E-03
0	98.1210	99.0820	2.2000	1	8.10E-03
0	98.0410	99.0260	2.2000	1	8.12E-03
0	98.1700	99.0500	2.2000	1	1.09E-02
0	98.2990	99.0740	2.2000	1	1.09E-02
0	98.4280	99.0990	2.2000	1	1.09E-02
0	98.5900	98.9910	2.2000	1	1.62E-02
0	98.5750	99.2440	2.2000	1	2.11E-02
0	98.5990	99.2940	2.2000	1	4.61E-03
0	98.6230	99.3440	2.2000	1	4.61E-03
0	98.6230	101.1080	2.2000	1	1.47E-01
0	98.5960	101.0460	2.2000	1	5.62E-03
0	98.4290	100.9500	2.2000	1	1.60E-02
0	98.1310	100.9690	2.2000	1	2.48E-02
0	101.3250	102.5320	2.2000	1	2.74E-02
0	101.2720	102.5460	2.2000	1	4.56E-03
0	100.4500	102.6600	2.2000	1	6.90E-02
0	99.9340	102.6690	2.2000	1	4.29E-02
0	99.1110	102.6300	2.2000	1	6.85E-02
0	98.0640	102.4930	2.2000	1	8.78E-02
0	97.0160	102.3560	2.2000	1	8.78E-02
0	96.9480	102.3450	2.2000	1	5.72E-03
0	96.8060	97.6710	2.2000	1	3.60E-02
0	96.8710	97.6650	2.2000	1	5.42E-03
0	97.6080	97.5690	2.2000	1	6.18E-02
0	98.3450	97.4730	2.2000	1	6.18E-02
0	99.0810	97.3770	2.2000	1	6.17E-02
0	99.5080	97.3530	2.2000	1	3.55E-02
0	99.9350	97.3280	2.2000	1	3.55E-02
0	100.4070	97.3320	2.2000	1	3.92E-02
0	100.9850	97.3960	2.2000	1	4.83E-02
0	101.3180	97.4650	2.2000	1	2.83E-02
0	101.3050	101.3080	2.2000	1	2.96E-02
0	101.3490	101.2860	2.2000	1	4.09E-03
0	101.3960	101.1690	2.2000	1	1.05E-02
0	101.3960	98.8310	2.2000	1	1.94E-01
0	101.3490	98.7150	2.2000	1	1.04E-02
0	101.2000	98.6360	2.2000	1	1.40E-02
0	101.5090	98.6050	2.2000	1	2.58E-02
0	101.5960	98.4290	2.2000	1	1.63E-02
0	101.5950	97.8040	2.2000	1	5.19E-02
0	101.5140	97.6020	2.2000	1	1.81E-02
0	101.3180	97.4650	2.2000	1	1.99E-02
0	101.8650	97.6240	2.2000	1	4.73E-02
0	102.6090	97.9490	2.2000	1	6.75E-02
0	103.3280	98.4090	2.2000	1	7.09E-02
0	103.7310	98.7490	2.2000	1	4.38E-02
0	104.1030	99.1350	2.2000	1	4.45E-02
0	104.4160	99.5310	2.2000	1	4.19E-02
0	104.6940	100.0200	2.2000	1	4.67E-02
0	104.2630	100.6640	2.2000	1	6.44E-02
0	103.8970	101.0930	2.2000	1	4.69E-02
0	103.4920	101.4620	2.2000	1	4.55E-02
0	103.0490	101.7900	2.2000	1	4.58E-02
0	102.3300	102.1930	2.2000	1	6.85E-02
0	101.8520	102.3830	2.2000	1	4.27E-02
0	101.3620	102.5170	2.2000	1	4.22E-02
0	101.5520	102.3420	2.2000	1	2.15E-02
0	101.5960	102.1790	2.2000	1	1.40E-02
0	101.5870	101.5110	2.2000	1	5.55E-02
0	101.5090	101.3950	2.2000	1	1.16E-02
0	101.1940	101.3640	2.2000	1	2.63E-02
0	101.2510	101.3350	2.2000	1	5.31E-03
0	101.9240	98.0070	2.2000	1	2.61E-02
0	102.4120	98.2140	2.2000	1	4.41E-02
0	103.0770	98.6290	2.2000	1	6.51E-02
0	103.4970	98.9810	2.2000	1	4.55E-02
0	103.9580	99.4800	2.2000	1	5.65E-02
0	104.3200	99.9870	2.2000	1	5.18E-02
0	103.9050	100.5820	2.2000	1	6.03E-02
0	103.3260	101.1730	2.2000	1	6.88E-02
0	102.5780	101.6970	2.2000	1	7.59E-02
0	101.9250	101.9880	2.2000	1	5.94E-02
0	101.9250	101.5780	2.2000	1	3.41E-02
0	101.8660	101.3380	2.2000	1	2.05E-02
0	101.7140	101.1380	2.2000	1	2.09E-02
0	101.7140	98.8620	2.2000	1	1.89E-01
0	101.8130	98.7560	2.2000	1	1.21E-02
0	101.9110	98.5240	2.2000	1	2.09E-02
0	101.9190	98.2270	2.2000	1	2.47E-02
0	102.3230	98.6760	2.2000	1	5.02E-02
0	102.8410	99.0030	2.2000	1	5.09E-02
0	103.4640	99.5720	2.2000	1	7.01E-02
0	103.7940	99.9840	2.2000	1	4.39E-02
0	103.5910	100.2750	2.2000	1	2.95E-02
0	103	100.8650	2.2000	1	6.94E-02
0	102.3200	101.3310	2.2000	1	6.85E-02
0	102.1540	100.9690	2.2000	1	3.31E-02
0	102.1540	99.1350	2.2000	1	1.52E-01
0	102.2470	98.8820	2.2000	1	2.24E-02
0	102.6210	99.4280	2.2000	1	5.50E-02
0	102.8530	99.6200	2.2000	1	2.50E-02
0	103.2090	99.9960	2.2000	1	4.30E-02
0	102.6210	100.5590	2.2000	1	6.77E-02
0	102.6210	99.6480	2.2000	1	7.57E-02
0	102.6210	99.6480	2.2500	1	3.85E-04
0	94.7340	100.0910	2.2500	1	6.08E-02
0	94.7160	100.1560	2.2500	1	5.68E-03
0	94.5310	100.2670	2.2500	1	1.82E-02
0	94.3160	100.2150	2.2500	1	1.86E-02
0	94.2070	100.0330	2.2500	1	1.79E-02
0	94.2650	99.8340	2.2500	1	1.75E-02
0	94.4380	99.7340	2.2500	1	1.68E-02
0	94.6420	99.7740	2.2500	1	1.75E-02
0	94.7680	99.9700	2.2500	1	1.96E-02
0	94.7510	100.0330	2.2500	1	5.50E-03
0	98.5890	98.9870	2.2500	1	3.06E-02
0	98.6500	98.8180	2.2500	1	1.51E-02
0	99.2350	98.7330	2.2500	1	4.98E-02
0	98.0710	100.9750	2.2500	1	1.94E-02
0	98.0410	100.9760	2.2500	1	2.53E-03
0	96.6300	100.9760	2.2500	1	1.19E-01
0	96.4860	100.9170	2.2500	1	1.31E-02
0	96.4590	100.8050	2.2500	1	9.71E-03
0	96.4590	99.1950	2.2500	1	1.36E-01
0	96.4990	99.0610	2.2500	1	1.18E-02
0	96.6300	99.0240	2.2500	1	1.15E-02
0	98.0410	99.0240	2.2500	1	1.19E-01
0	98.6520	101.1930	2.2500	1	1.73E-02
0	98.9020	101.2230	2.2500	1	2.12E-02
0	99.1510	101.2530	2.2500	1	2.11E-02
0	99.2350	101.2670	2.2500	1	7.18E-03
0	98.0710	100.9750	2.2500	1	9.23E-03
0	98.2350	100.7630	2.2500	1	2.26E-02
0	98.2350	99.3410	2.2500	1	1.20E-01
0	98.2580	99.2680	2.2500	1	6.45E-03
0	98.2810	99.1950	2.2500	1	6.45E-03
0	98.2010	99.1380	2.2500	1	8.28E-03
0	98.1210	99.0810	2.2500	1	8.28E-03
0	98.0410	99.0240	2.2500	1	8.28E-03
0	98.1560	99.0460	2.2500	1	9.87E-03
0	98.2700	99.0690	2.2500	1	9.80E-03
0	98.3840	99.0920	2.2500	1	9.80E-03
0	98.5890	98.9870	2.2500	1	1.94E-02
0	98.5740	99.2390	2.2500	1	2.13E-02
0	98.5980	99.2900	2.2500	1	4.75E-03
0	98.6230	99.3410	2.2500	1	4.79E-03
0	98.6230	101.1110	2.2500	1	1.49E-01
0	98.5930	101.0480	2.2500	1	5.88E-03
0	98.4280	100.9540	2.2500	1	1.60E-02
0	98.1310	100.9720	2.2500	1	2.51E-02
0	101.3830	102.5460	2.2500	1	2.78E-02
0	100.7290	102.6630	2.2500	1	5.60E-02
0	100.1770	102.6890	2.2500	1	4.66E-02
0	99.3820	102.6750	2.2500	1	6.70E-02
0	98.4680	102.5540	2.2500	1	7.77E-02
0	97.5540	102.4330	2.2500	1	7.77E-02
0	97.4660	102.4170	2.2500	1	7.54E-03
0	97.4110	97.5920	2.2500	1	3.71E-02
0	98.0720	97.5030	2.2500	1	5.62E-02
0	98.7330	97.4130	2.2500	1	5.62E-02
0	99.3940	97.3240	2.2500	1	5.62E-02
0	100.0790	97.3090	2.2500	1	5.77E-02
0	100.8620	97.3590	2.2500	1	6.61E-02
0	101.3620	97.4540	2.2500	1	4.29E-02
0	101.3050	101.3040	2.2500	1	2.96E-02
0	101.3670	101.2670	2.2500	1	6.08E-03
0	101.4000	101.1710	2.2500	1	8.55E-03
0	101.4000	98.8290	2.2500	1	1.97E-01
0	101.3670	98.7330	2.2500	1	8.55E-03
0	101.2040	98.6340	2.2500	1	1.61E-02
0	101.5220	98.6160	2.2500	1	2.68E-02
0	101.5930	98.5490	2.2500	1	8.23E-03
0	101.6310	98.4260	2.2500	1	1.08E-02
0	101.6310	97.8080	2.2500	1	5.21E-02
0	101.5610	97.5980	2.2500	1	1.87E-02
0	101.3620	97.4540	2.2500	1	2.07E-02
0	101.7700	97.5770	2.2500	1	3.59E-02
0	102.3710	97.8010	2.2500	1	5.40E-02
0	103.0390	98.1760	2.2500	1	6.46E-02
0	103.4870	98.4970	2.2500	1	4.64E-02
0	104.1270	99.1140	2.2500	1	7.49E-02
0	104.4420	99.5110	2.2500	1	4.27E-02
0	104.7220	99.9630	2.2500	1	4.48E-02
0	104.6970	100.0960	2.2500	1	1.14E-02
0	104.4200	100.5150	2.2500	1	4.23E-02
0	103.9860	101.0330	2.2500	1	5.69E-02
0	103.5010	101.4890	2.2500	1	5.61E-02
0	103.0980	101.7890	2.2500	1	4.23E-02
0	102.6390	102.0670	2.2500	1	4.52E-02
0	102.1810	102.2820	2.2500	1	4.26E-02
0	101.3830	102.5460	2.2500	1	7.08E-02
0	101.5450	102.4150	2.2500	1	1.76E-02
0	101.6170	102.2630	2.2500	1	1.42E-02
0	101.6290	101.5460	2.2500	1	6.04E-02
0	101.5220	101.3840	2.2500	1	1.64E-02
0	101.1980	101.3660	2.2500	1	2.73E-02
0	101.2530	101.3340	2.2500	1	5.36E-03
0	101.7250	101.1390	2.2500	1	3.93E-03
0	101.7250	98.8600	2.2500	1	1.92E-01
0	101.8330	98.7630	2.2500	1	1.22E-02
0	101.9520	98.4710	2.2500	1	2.66E-02
0	101.9610	98.0110	2.2500	1	3.88E-02
0	102.2140	98.0950	2.2500	1	2.25E-02
0	102.9190	98.4860	2.2500	1	6.79E-02
0	103.3180	98.7910	2.2500	1	4.23E-02
0	103.8790	99.3320	2.2500	1	6.57E-02
0	104.3570	100.0020	2.2500	1	6.94E-02
0	103.9110	100.6310	2.2500	1	6.50E-02
0	103.2500	101.2700	2.2500	1	7.75E-02
0	102.4830	101.7750	2.2500	1	7.74E-02
0	101.9650	101.9940	2.2500	1	4.74E-02
0	101.9570	101.5330	2.2500	1	3.89E-02
0	101.8740	101.3000	2.2500	1	2.08E-02
0	102.2830	101.1360	2.2500	1	3.71E-02
0	102.3600	101.3300	2.2500	1	1.76E-02
0	102.9740	100.9250	2.2500	1	6.20E-02
0	103.5760	100.3440	2.2500	1	7.05E-02
0	103.8180	100.0030	2.2500	1	3.52E-02
0	103.5070	99.5840	2.2500	1	4.40E-02
0	103.0130	99.1070	2.2500	1	5.79E-02
0	102.3510	98.6730	2.2500	1	6.67E-02
0	102.2280	98.9750	2.2500	1	2.75E-02
0	102.1640	99.0470	2.2500	1	8.12E-03
0	102.1640	100.9510	2.2500	1	1.60E-01
0	102.6370	100.5820	2.2500	1	5.06E-02
0	102.6370	99.4120	2.2500	1	9.86E-02
0	103.2380	100.0040	2.2500	1	7.11E-02
0	102.7970	100.4310	2.2500	1	5.17E-02
0	102.7970	100.4310	2.3000	1	3.85E-04
0	94.7200	100.0910	2.3000	1	6.22E-02
0	94.7010	100.1600	2.3000	1	6.06E-03
0	94.5260	100.2670	2.3000	1	1.74E-02
0	94.3160	100.2260	2.3000	1	1.81E-02
0	94.1950	100.0500	2.3000	1	1.81E-02
0	94.2420	99.8430	2.3000	1	1.80E-02
0	94.4200	99.7350	2.3000	1	1.76E-02
0	94.6270	99.7740	2.3000	1	1.78E-02
0	94.7540	99.9700	2.3000	1	1.98E-02
0	94.7360	100.0330	2.3000	1	5.54E-03
0	98.5880	98.9840	2.3000	1	3.07E-02
0	98.6490	98.8170	2.3000	1	1.50E-02
0	99.2340	98.7320	2.3000	1	5.00E-02
0	98.0720	100.9770	2.3000	1	1.94E-02
0	98.0410	100.9790	2.3000	1	2.63E-03
0	96.6300	100.9780	2.3000	1	1.19E-01
0	96.4840	100.9200	2.3000	1	1.33E-02
0	96.4560	100.8050	2.3000	1	1.00E-02
0	96.4560	99.1950	2.3000	1	1.36E-01
0	96.4970	99.0590	2.3000	1	1.20E-02
0	96.6300	99.0210	2.3000	1	1.17E-02
0	98.0410	99.0210	2.3000	1	1.19E-01
0	98.6510	101.1940	2.3000	1	1.74E-02
0	98.9000	101.2240	2.3000	1	2.12E-02
0	99.1500	101.2540	2.3000	1	2.13E-02
0	99.2340	101.2680	2.3000	1	7.21E-03
0	98.0720	100.9770	2.3000	1	9.21E-03
0	98.2350	100.7680	2.3000	1	2.24E-02
0	98.2350	99.3370	2.3000	1	1.21E-01
0	98.2590	99.2660	2.3000	1	6.34E-03
0	98.2820	99.1950	2.3000	1	6.32E-03
0	98.2020	99.1370	2.3000	1	8.36E-03
0	98.1220	99.0790	2.3000	1	8.36E-03
0	98.0410	99.0210	2.3000	1	8.43E-03
0	98.1570	99.0440	2.3000	1	1.00E-02
0	98.2730	99.0660	2.3000	1	9.99E-03
0	98.3890	99.0890	2.3000	1	1.00E-02
0	98.5880	98.9840	2.3000	1	1.90E-02
0	98.5720	99.2340	2.3000	1	2.12E-02
0	98.5970	99.2860	2.3000	1	4.88E-03
0	98.6220	99.3370	2.3000	1	4.81E-03
0	98.6220	101.1140	2.3000	1	1.50E-01
0	98.5890	101.0500	2.3000	1	6.09E-03
0	98.4270	100.9590	2.3000	1	1.57E-02
0	98.1320	100.9740	2.3000	1	2.50E-02
0	97.9680	97.5050	2.3000	1	2.67E-02
0	98.7950	97.3940	2.3000	1	7.06E-02
0	99.6220	97.2830	2.3000	1	7.06E-02
0	100.3060	97.2930	2.3000	1	5.79E-02
0	101.1940	97.3920	2.3000	1	7.56E-02
0	101.3960	97.4420	2.3000	1	1.76E-02
0	101.4860	102.5210	2.3000	1	3.91E-02
0	101.4810	102.5220	2.3000	1	4.32E-04
0	100.8330	102.6620	2.3000	1	5.61E-02
0	100.1820	102.7130	2.3000	1	5.53E-02
0	99.9010	102.7150	2.3000	1	2.38E-02
0	99.6200	102.7170	2.3000	1	2.38E-02
0	98.7930	102.6060	2.3000	1	7.06E-02
0	97.9660	102.4940	2.3000	1	7.06E-02
0	97.8880	102.4790	2.3000	1	6.72E-03
0	101.3040	101.3000	2.3000	1	2.78E-02
0	101.3830	101.2480	2.3000	1	8.00E-03
0	101.4040	101.1720	2.3000	1	6.67E-03
0	101.4040	99.6080	2.3000	1	1.32E-01
0	101.3830	98.7520	2.3000	1	7.25E-02
0	101.2080	98.6330	2.3000	1	1.79E-02
0	101.4580	98.6350	2.3000	1	2.12E-02
0	101.6250	98.5520	2.3000	1	1.58E-02
0	101.6660	98.4230	2.3000	1	1.15E-02
0	101.6660	97.8470	2.3000	1	4.87E-02
0	101.6070	97.6080	2.3000	1	2.08E-02
0	101.3960	97.4420	2.3000	1	2.27E-02
0	101.5180	97.4810	2.3000	1	1.08E-02
0	102.0070	97.6290	2.3000	1	4.32E-02
0	102.8340	98.0180	2.3000	1	7.73E-02
0	103.2760	98.3110	2.3000	1	4.49E-02
0	103.6880	98.6380	2.3000	1	4.45E-02
0	104.1110	99.0590	2.3000	1	5.05E-02
0	104.5540	99.6310	2.3000	1	6.12E-02
0	104.7670	100.0060	2.3000	1	3.65E-02
0	104.4290	100.5490	2.3000	1	5.41E-02
0	103.9940	101.0460	2.3000	1	5.59E-02
0	103.5460	101.4760	2.3000	1	5.26E-02
0	102.8550	101.9650	2.3000	1	7.16E-02
0	102.1070	102.3340	2.3000	1	7.06E-02
0	101.4860	102.5210	2.3000	1	5.49E-02
0	101.6300	102.3630	2.3000	1	1.81E-02
0	101.6610	102.0120	2.3000	1	2.98E-02
0	101.6520	101.4980	2.3000	1	4.35E-02
0	101.5360	101.3770	2.3000	1	1.42E-02
0	101.2020	101.3670	2.3000	1	2.83E-02
0	101.2540	101.3330	2.3000	1	5.26E-03
0	101.9960	97.9870	2.3000	1	2.64E-02
0	102.5920	98.2620	2.3000	1	5.55E-02
0	103.4780	98.8930	2.3000	1	9.21E-02
0	104	99.4420	2.3000	1	6.41E-02
0	104.3950	99.9900	2.3000	1	5.72E-02
0	103.9520	100.6180	2.3000	1	6.50E-02
0	103.4220	101.1600	2.3000	1	6.42E-02
0	102.7490	101.6490	2.3000	1	7.04E-02
0	101.9910	102.0270	2.3000	1	7.17E-02
0	101.9960	101.5940	2.3000	1	3.66E-02
0	101.9260	101.3270	2.3000	1	2.34E-02
0	101.7380	101.1210	2.3000	1	2.36E-02
0	101.7380	98.8780	2.3000	1	1.90E-01
0	101.8550	98.7800	2.3000	1	1.29E-02
0	101.9680	98.5370	2.3000	1	2.27E-02
0	101.9850	98.2070	2.3000	1	2.80E-02
0	102.4090	98.6620	2.3000	1	5.26E-02
0	103.1400	99.1780	2.3000	1	7.57E-02
0	103.5190	99.5490	2.3000	1	4.49E-02
0	103.8670	99.9860	2.3000	1	4.73E-02
0	103.4810	100.4710	2.3000	1	5.25E-02
0	103.0940	100.8550	2.3000	1	4.61E-02
0	102.3880	101.3380	2.3000	1	7.24E-02
0	102.3490	101.2060	2.3000	1	1.16E-02
0	102.1770	100.9260	2.3000	1	2.78E-02
0	102.1770	99.0730	2.3000	1	1.57E-01
0	102.3010	98.8530	2.3000	1	2.14E-02
0	102.6570	99.4240	2.3000	1	5.69E-02
0	102.8400	99.5550	2.3000	1	1.90E-02
0	103.2700	100.0010	2.3000	1	5.24E-02
0	102.6570	100.5800	2.3000	1	7.14E-02
0	102.6570	99.6440	2.3000	1	7.92E-02
0	102.6570	99.6440	2.3500	1	3.85E-04
0	94.7030	100.0900	2.3500	1	6.13E-02
0	94.6870	100.1600	2.3500	1	6.19E-03
0	94.5110	100.2670	2.3500	1	1.78E-02
0	94.3010	100.2260	2.3500	1	1.84E-02
0	94.1800	100.0490	2.3500	1	1.85E-02
0	94.2220	99.8540	2.3500	1	1.72E-02
0	94.4060	99.7420	2.3500	1	1.86E-02
0	94.5790	99.7550	2.3500	1	1.50E-02
0	94.7360	99.9520	2.3500	1	2.17E-02
0	94.7170	100.0320	2.3500	1	7.09E-03
0	98.5870	98.9810	2.3500	1	3.08E-02
0	98.6470	98.8160	2.3500	1	1.51E-02
0	99.2320	98.7300	2.3500	1	5.10E-02
0	98.0720	100.9790	2.3500	1	1.95E-02
0	98.0410	100.9810	2.3500	1	2.68E-03
0	96.6300	100.9810	2.3500	1	1.22E-01
0	96.4820	100.9220	2.3500	1	1.37E-02
0	96.4540	100.8050	2.3500	1	1.04E-02
0	96.4540	99.1950	2.3500	1	1.39E-01
0	96.4950	99.0570	2.3500	1	1.24E-02
0	96.6300	99.0190	2.3500	1	1.21E-02
0	98.0410	99.0190	2.3500	1	1.22E-01
0	98.6490	101.1950	2.3500	1	1.74E-02
0	98.8990	101.2260	2.3500	1	2.17E-02
0	99.1490	101.2560	2.3500	1	2.17E-02
0	99.2320	101.2700	2.3500	1	7.26E-03
0	98.0720	100.9790	2.3500	1	9.20E-03
0	98.2340	100.7740	2.3500	1	2.25E-02
0	98.2340	99.3340	2.3500	1	1.24E-01
0	98.2510	99.2980	2.3500	1	3.43E-03
0	98.2680	99.2620	2.3500	1	3.43E-03
0	98.2850	99.2260	2.3500	1	3.43E-03
0	98.2040	99.1570	2.3500	1	9.17E-03
0	98.1230	99.0880	2.3500	1	9.17E-03
0	98.0410	99.0190	2.3500	1	9.24E-03
0	98.1590	99.0410	2.3500	1	1.03E-02
0	98.2760	99.0630	2.3500	1	1.03E-02
0	98.3930	99.0860	2.3500	1	1.03E-02
0	98.5870	98.9810	2.3500	1	1.90E-02
0	98.5700	99.2290	2.3500	1	2.14E-02
0	98.5870	99.2640	2.3500	1	3.35E-03
0	98.6040	99.2990	2.3500	1	3.35E-03
0	98.6210	99.3340	2.3500	1	3.35E-03
0	98.6200	101.1160	2.3500	1	1.54E-01
0	98.5860	101.0520	2.3500	1	6.25E-03
0	98.4260	100.9640	2.3500	1	1.57E-02
0	98.1320	100.9770	2.3500	1	2.54E-02
0	98.3240	97.4500	2.3500	1	2.72E-02
0	98.9970	97.3590	2.3500	1	5.85E-02
0	99.6710	97.2670	2.3500	1	5.86E-02
0	100.5940	97.2880	2.3500	1	7.96E-02
0	101.3990	97.4160	2.3500	1	7.03E-02
0	101.4850	102.5530	2.3500	1	3.95E-02
0	101.1800	102.6300	2.3500	1	2.71E-02
0	100.2840	102.7270	2.3500	1	7.77E-02
0	99.9990	102.7330	2.3500	1	2.46E-02
0	99.7130	102.7400	2.3500	1	2.47E-02
0	99.0170	102.6470	2.3500	1	6.05E-02
0	98.3210	102.5540	2.3500	1	6.05E-02
0	101.3040	101.2970	2.3500	1	2.49E-02
0	101.3960	101.2300	2.3500	1	9.81E-03
0	101.4080	99.2860	2.3500	1	1.68E-01
0	101.3950	98.7700	2.3500	1	4.45E-02
0	101.2120	98.6310	2.3500	1	1.98E-02
0	101.4940	98.6340	2.3500	1	2.43E-02
0	101.6560	98.5530	2.3500	1	1.56E-02
0	101.7020	98.4200	2.3500	1	1.21E-02
0	101.7020	97.7850	2.3500	1	5.47E-02
0	101.6590	97.6200	2.3500	1	1.47E-02
0	101.4680	97.4410	2.3500	1	2.26E-02
0	101.8610	97.5570	2.3500	1	3.53E-02
0	102.3500	97.7460	2.3500	1	4.52E-02
0	102.8930	98.0280	2.3500	1	5.27E-02
0	103.4070	98.3750	2.3500	1	5.35E-02
0	103.9060	98.8060	2.3500	1	5.68E-02
0	104.3660	99.3360	2.3500	1	6.05E-02
0	104.8040	100.0010	2.3500	1	6.86E-02
0	104.6550	100.2810	2.3500	1	2.73E-02
0	104.3550	100.6980	2.3500	1	4.43E-02
0	103.9940	101.1120	2.3500	1	4.74E-02
0	103.5710	101.4940	2.3500	1	4.91E-02
0	103.0180	101.8940	2.3500	1	5.88E-02
0	102.4360	102.2130	2.3500	1	5.72E-02
0	101.4850	102.5530	2.3500	1	8.71E-02
0	101.6430	102.4000	2.3500	1	1.90E-02
0	101.6940	102.2680	2.3500	1	1.22E-02
0	101.6780	101.4820	2.3500	1	6.78E-02
0	101.5510	101.3720	2.3500	1	1.45E-02
0	101.2060	101.3690	2.3500	1	2.97E-02
0	101.2560	101.3320	2.3500	1	5.36E-03
0	101.7380	101.1120	2.3500	1	4.08E-03
0	101.7380	98.8880	2.3500	1	1.92E-01
0	101.9190	98.7470	2.3500	1	1.98E-02
0	102.0200	98.4810	2.3500	1	2.45E-02
0	102.0310	97.9840	2.3500	1	4.29E-02
0	102.1970	98.0400	2.3500	1	1.51E-02
0	102.7140	98.3040	2.3500	1	5.00E-02
0	103.1950	98.6280	2.3500	1	5.00E-02
0	103.6660	99.0320	2.3500	1	5.35E-02
0	103.9960	99.3810	2.3500	1	4.14E-02
0	104.4270	99.9940	2.3500	1	6.46E-02
0	104.0650	100.5350	2.3500	1	5.61E-02
0	103.4730	101.1410	2.3500	1	7.30E-02
0	103.1230	101.4160	2.3500	1	3.84E-02
0	102.5810	101.7610	2.3500	1	5.54E-02
0	102.0260	102.0220	2.3500	1	5.29E-02
0	102.0310	101.6000	2.3500	1	3.64E-02
0	101.9500	101.3020	2.3500	1	2.66E-02
0	101.9020	101.2580	2.3500	1	5.61E-03
0	102.3110	101.0710	2.3500	1	3.88E-02
0	102.3530	101.1250	2.3500	1	5.90E-03
0	102.4240	101.3450	2.3500	1	1.99E-02
0	102.8610	101.0640	2.3500	1	4.48E-02
0	103.1590	100.8340	2.3500	1	3.25E-02
0	103.7220	100.2570	2.3500	1	6.95E-02
0	103.8940	100	2.3500	1	2.67E-02
0	103.4780	99.4730	2.3500	1	5.79E-02
0	102.9130	98.9640	2.3500	1	6.56E-02
0	102.4270	98.6480	2.3500	1	5.00E-02
0	102.2670	99.0150	2.3500	1	3.45E-02
0	102.1770	99.1020	2.3500	1	1.08E-02
0	102.1770	100.8970	2.3500	1	1.55E-01
0	102.6630	100.6050	2.3500	1	4.89E-02
0	102.6630	99.3900	2.3500	1	1.05E-01
0	102.9930	99.6680	2.3500	1	3.72E-02
0	103.2970	99.9970	2.3500	1	3.86E-02
0	102.8240	100.4540	2.3500	1	5.67E-02
0	102.8240	100.4540	2.4000	1	3.85E-04
0	94.6890	100.0900	2.4000	1	6.26E-02
0	94.6720	100.1600	2.4000	1	6.18E-03
0	94.4970	100.2670	2.4000	1	1.76E-02
0	94.2870	100.2260	2.4000	1	1.84E-02
0	94.1650	100.0490	2.4000	1	1.85E-02
0	94.2070	99.8540	2.4000	1	1.71E-02
0	94.3920	99.7420	2.4000	1	1.86E-02
0	94.5640	99.7550	2.4000	1	1.48E-02
0	94.7220	99.9520	2.4000	1	2.17E-02
0	94.7030	100.0310	2.4000	1	6.97E-03
0	98.5860	98.9770	2.4000	1	3.10E-02
0	98.6460	98.8140	2.4000	1	1.49E-02
0	99.2310	98.7290	2.4000	1	5.07E-02
0	98.0720	100.9820	2.4000	1	1.95E-02
0	98.0410	100.9830	2.4000	1	2.66E-03
0	96.6300	100.9830	2.4000	1	1.21E-01
0	96.4800	100.9250	2.4000	1	1.38E-02
0	96.4520	100.8050	2.4000	1	1.06E-02
0	96.4520	99.1950	2.4000	1	1.38E-01
0	96.4920	99.0550	2.4000	1	1.25E-02
0	96.6300	99.0170	2.4000	1	1.23E-02
0	98.0410	99.0170	2.4000	1	1.21E-01
0	98.6480	101.1970	2.4000	1	1.74E-02
0	98.8980	101.2270	2.4000	1	2.16E-02
0	99.1480	101.2570	2.4000	1	2.16E-02
0	99.2310	101.2710	2.4000	1	7.23E-03
0	98.0720	100.9820	2.4000	1	9.19E-03
0	98.2340	100.7800	2.4000	1	2.22E-02
0	98.2340	99.3300	2.4000	1	1.24E-01
0	98.2510	99.2950	2.4000	1	3.34E-03
0	98.2680	99.2600	2.4000	1	3.34E-03
0	98.2850	99.2240	2.4000	1	3.42E-03
0	98.2040	99.1550	2.4000	1	9.13E-03
0	98.1230	99.0860	2.4000	1	9.13E-03
0	98.0410	99.0170	2.4000	1	9.20E-03
0	98.1600	99.0390	2.4000	1	1.04E-02
0	98.2790	99.0610	2.4000	1	1.04E-02
0	98.3980	99.0820	2.4000	1	1.04E-02
0	98.5860	98.9770	2.4000	1	1.85E-02
0	98.5690	99.2240	2.4000	1	2.13E-02
0	98.5860	99.2600	2.4000	1	3.42E-03
0	98.6030	99.2950	2.4000	1	3.34E-03
0	98.6200	99.3300	2.4000	1	3.34E-03
0	98.6190	101.1190	2.4000	1	1.54E-01
0	98.5830	101.0540	2.4000	1	6.38E-03
0	98.4250	100.9680	2.4000	1	1.54E-02
0	98.1320	100.9790	2.4000	1	2.52E-02
0	101.4570	102.5840	2.4000	1	2.84E-02
0	100.9640	102.6840	2.4000	1	4.32E-02
0	100.0840	102.7580	2.4000	1	7.58E-02
0	99.7250	102.7460	2.4000	1	3.08E-02
0	99.2060	102.6760	2.4000	1	4.50E-02
0	98.6870	102.6060	2.4000	1	4.50E-02
0	98.6380	97.3960	2.4000	1	4.01E-02
0	99.2030	97.3200	2.4000	1	4.89E-02
0	99.7680	97.2440	2.4000	1	4.89E-02
0	100.0780	97.2510	2.4000	1	2.66E-02
0	100.3880	97.2590	2.4000	1	2.66E-02
0	100.8920	97.3030	2.4000	1	4.34E-02
0	101.4960	97.4320	2.4000	1	5.30E-02
0	101.2970	101.2860	2.4000	1	2.97E-02
0	101.4120	101.1760	2.4000	1	1.37E-02
0	101.4120	98.8240	2.4000	1	2.02E-01
0	101.2150	98.6300	2.4000	1	2.37E-02
0	101.5290	98.6330	2.4000	1	2.70E-02
0	101.6880	98.5550	2.4000	1	1.52E-02
0	101.7370	98.4140	2.4000	1	1.28E-02
0	101.7290	97.7210	2.4000	1	5.95E-02
0	101.6860	97.5970	2.4000	1	1.13E-02
0	101.4960	97.4320	2.4000	1	2.16E-02
0	101.7550	97.5060	2.4000	1	2.31E-02
0	102.3530	97.7250	2.4000	1	5.47E-02
0	102.9670	98.0440	2.4000	1	5.94E-02
0	103.5780	98.4750	2.4000	1	6.42E-02
0	104.0410	98.9090	2.4000	1	5.45E-02
0	104.3820	99.3150	2.4000	1	4.55E-02
0	104.8060	99.9070	2.4000	1	6.25E-02
0	104.8300	100.0390	2.4000	1	1.15E-02
0	104.3300	100.7680	2.4000	1	7.59E-02
0	103.8030	101.3230	2.4000	1	6.57E-02
0	103.2530	101.7680	2.4000	1	6.07E-02
0	102.6350	102.1280	2.4000	1	6.14E-02
0	101.9950	102.4060	2.4000	1	5.99E-02
0	101.5010	102.5680	2.4000	1	4.46E-02
0	101.6580	102.4500	2.4000	1	1.69E-02
0	101.7370	102.2250	2.4000	1	2.05E-02
0	101.7230	101.5070	2.4000	1	6.16E-02
0	101.5670	101.3700	2.4000	1	1.78E-02
0	101.2100	101.3700	2.4000	1	3.06E-02
0	101.2540	101.3280	2.4000	1	5.22E-03
0	102.0610	97.9790	2.4000	1	2.65E-02
0	102.2120	98.0250	2.4000	1	1.35E-02
0	102.7960	98.3260	2.4000	1	5.64E-02
0	103.3690	98.7310	2.4000	1	6.02E-02
0	103.7780	99.1140	2.4000	1	4.81E-02
0	104.1240	99.5190	2.4000	1	4.57E-02
0	104.4720	99.9930	2.4000	1	5.05E-02
0	104.0870	100.5460	2.4000	1	5.78E-02
0	103.5930	101.0680	2.4000	1	6.17E-02
0	103.0710	101.4930	2.4000	1	5.78E-02
0	102.6340	101.7570	2.4000	1	4.38E-02
0	102.0660	102.0200	2.4000	1	5.37E-02
0	102.0660	101.5930	2.4000	1	3.67E-02
0	101.9610	101.2650	2.4000	1	2.96E-02
0	101.7410	101.1050	2.4000	1	2.34E-02
0	101.7410	98.8950	2.4000	1	1.90E-01
0	101.9460	98.7540	2.4000	1	2.14E-02
0	102.0550	98.4720	2.4000	1	2.60E-02
0	102.0590	98.1990	2.4000	1	2.34E-02
0	102.4600	98.6470	2.4000	1	5.16E-02
0	102.5670	98.7030	2.4000	1	1.04E-02
0	103.0910	99.0720	2.4000	1	5.50E-02
0	103.5540	99.5060	2.4000	1	5.45E-02
0	103.9400	99.9950	2.4000	1	5.35E-02
0	103.7630	100.2490	2.4000	1	2.66E-02
0	103.3520	100.6990	2.4000	1	5.23E-02
0	102.9460	101.0330	2.4000	1	4.51E-02
0	102.4610	101.3520	2.4000	1	4.98E-02
0	102.3280	101.0240	2.4000	1	3.04E-02
0	102.1810	100.8750	2.4000	1	1.80E-02
0	102.1810	99.1250	2.4000	1	1.50E-01
0	102.2860	99.0320	2.4000	1	1.20E-02
0	102.3700	98.8480	2.4000	1	1.74E-02
0	102.6750	99.3850	2.4000	1	5.30E-02
0	102.7810	99.4600	2.4000	1	1.11E-02
0	103.3160	100.0040	2.4000	1	6.55E-02
0	103.1540	100.1820	2.4000	1	2.07E-02
0	102.6750	100.6150	2.4000	1	5.54E-02
0	102.6750	99.6040	2.4000	1	8.68E-02
0	102.6750	99.6040	2.4500	1	3.85E-04
0	94.3020	99.7640	2.4500	1	6.44E-02
0	94.4440	99.7300	2.4500	1	1.28E-02
0	94.6070	99.7910	2.4500	1	1.52E-02
0	94.7080	99.9640	2.4500	1	1.75E-02
0	94.6500	100.1690	2.4500	1	1.87E-02
0	94.4710	100.2690	2.4500	1	1.80E-02
0	94.2450	100.2010	2.4500	1	2.07E-02
0	98.5850	98.9740	2.4500	1	3.47E-02
0	98.6440	98.8130	2.4500	1	1.50E-02
0	99.2300	98.7280	2.4500	1	5.19E-02
0	98.0730	100.9840	2.4500	1	1.95E-02
0	98.0410	100.9850	2.4500	1	2.80E-03
0	96.6300	100.9850	2.4500	1	1.24E-01
0	96.4790	100.9270	2.4500	1	1.42E-02
0	96.4500	100.8050	2.4500	1	1.10E-02
0	96.4500	99.1950	2.4500	1	1.41E-01
0	96.4900	99.0540	2.4500	1	1.28E-02
0	96.6300	99.0150	2.4500	1	1.27E-02
0	98.0410	99.0150	2.4500	1	1.24E-01
0	98.6470	101.1980	2.4500	1	1.74E-02
0	98.8970	101.2280	2.4500	1	2.21E-02
0	99.1460	101.2580	2.4500	1	2.20E-02
0	99.2300	101.2720	2.4500	1	7.46E-03
0	98.0730	100.9840	2.4500	1	9.17E-03
0	98.2340	100.7850	2.4500	1	2.24E-02
0	98.2340	99.3270	2.4500	1	1.28E-01
0	98.2510	99.2910	2.4500	1	3.49E-03
0	98.2680	99.2550	2.4500	1	3.49E-03
0	98.2860	99.2190	2.4500	1	3.53E-03
0	98.2040	99.1510	2.4500	1	9.33E-03
0	98.1230	99.0830	2.4500	1	9.26E-03
0	98.0410	99.0150	2.4500	1	9.33E-03
0	98.1620	99.0360	2.4500	1	1.08E-02
0	98.2820	99.0570	2.4500	1	1.07E-02
0	98.4020	99.0790	2.4500	1	1.07E-02
0	98.5850	98.9740	2.4500	1	1.85E-02
0	98.5670	99.2190	2.4500	1	2.15E-02
0	98.5840	99.2550	2.4500	1	3.49E-03
0	98.6010	99.2910	2.4500	1	3.49E-03
0	98.6190	99.3270	2.4500	1	3.53E-03
0	98.6190	101.1220	2.4500	1	1.57E-01
0	98.5800	101.0570	2.4500	1	6.64E-03
0	98.4240	100.9730	2.4500	1	1.55E-02
0	98.1330	100.9820	2.4500	1	2.55E-02
0	98.9730	97.3430	2.4500	1	2.87E-02
0	99.4220	97.2840	2.4500	1	3.97E-02
0	99.8720	97.2250	2.4500	1	3.98E-02
0	100.4950	97.2470	2.4500	1	5.46E-02
0	101.1650	97.3370	2.4500	1	5.92E-02
0	101.4910	97.4080	2.4500	1	2.92E-02
0	101.5150	102.5860	2.4500	1	3.98E-02
0	101.1230	102.6760	2.4500	1	3.52E-02
0	100.2780	102.7700	2.4500	1	7.45E-02
0	99.7490	102.7590	2.4500	1	4.63E-02
0	99.3420	102.7030	2.4500	1	3.60E-02
0	98.9350	102.6470	2.4500	1	3.60E-02
0	101.3010	101.2880	2.4500	1	2.10E-02
0	101.4160	101.1770	2.4500	1	1.40E-02
0	101.4160	98.8230	2.4500	1	2.06E-01
0	101.2190	98.6280	2.4500	1	2.43E-02
0	101.5830	98.6310	2.4500	1	3.19E-02
0	101.7550	98.4990	2.4500	1	1.90E-02
0	101.7710	98.2000	2.4500	1	2.62E-02
0	101.7530	97.6490	2.4500	1	4.83E-02
0	101.5930	97.4560	2.4500	1	2.20E-02
0	101.8710	97.5210	2.4500	1	2.50E-02
0	102.4660	97.7550	2.4500	1	5.60E-02
0	103.0780	98.0880	2.4500	1	6.10E-02
0	103.6830	98.5320	2.4500	1	6.57E-02
0	104.2190	99.0540	2.4500	1	6.55E-02
0	104.7010	99.6850	2.4500	1	6.96E-02
0	104.8660	99.9690	2.4500	1	2.88E-02
0	104.8570	100.0620	2.4500	1	8.18E-03
0	104.4620	100.6440	2.4500	1	6.16E-02
0	104.2020	100.9460	2.4500	1	3.49E-02
0	103.8320	101.3290	2.4500	1	4.66E-02
0	103.2510	101.7870	2.4500	1	6.48E-02
0	102.3890	102.2780	2.4500	1	8.69E-02
0	101.5730	102.5690	2.4500	1	7.59E-02
0	101.6670	102.4780	2.4500	1	1.15E-02
0	101.7500	102.3250	2.4500	1	1.52E-02
0	101.7720	101.5940	2.4500	1	6.41E-02
0	101.7310	101.4590	2.4500	1	1.24E-02
0	101.5830	101.3690	2.4500	1	1.52E-02
0	101.2140	101.3720	2.4500	1	3.23E-02
0	101.2580	101.3290	2.4500	1	5.39E-03
0	101.7450	101.0990	2.4500	1	4.14E-03
0	101.7450	98.9010	2.4500	1	1.93E-01
0	101.9750	98.7590	2.4500	1	2.37E-02
0	102.0900	98.4710	2.4500	1	2.72E-02
0	102.0990	97.9650	2.4500	1	4.43E-02
0	102.3190	98.0520	2.4500	1	2.07E-02
0	102.9400	98.3950	2.4500	1	6.21E-02
0	103.5220	98.8350	2.4500	1	6.39E-02
0	103.8190	99.1240	2.4500	1	3.63E-02
0	104.1630	99.5240	2.4500	1	4.62E-02
0	104.5060	99.9930	2.4500	1	5.09E-02
0	104.1570	100.5070	2.4500	1	5.44E-02
0	103.6840	101.0240	2.4500	1	6.14E-02
0	103.1470	101.4670	2.4500	1	6.10E-02
0	102.6320	101.7640	2.4500	1	5.21E-02
0	102.0880	102.0400	2.4500	1	5.34E-02
0	102.1010	101.6220	2.4500	1	3.66E-02
0	101.9910	101.2600	2.4500	1	3.31E-02
0	101.9290	101.2190	2.4500	1	6.51E-03
0	102.1850	100.8530	2.4500	1	3.91E-02
0	102.1850	99.1460	2.4500	1	1.50E-01
0	102.3070	99.0470	2.4500	1	1.38E-02
0	102.4940	98.6460	2.4500	1	3.88E-02
0	102.6800	98.7490	2.4500	1	1.86E-02
0	103.2150	99.1490	2.4500	1	5.85E-02
0	103.6420	99.5660	2.4500	1	5.23E-02
0	103.9720	99.9970	2.4500	1	4.75E-02
0	103.8110	100.2340	2.4500	1	2.51E-02
0	103.3810	100.7050	2.4500	1	5.59E-02
0	102.9210	101.0840	2.4500	1	5.22E-02
0	102.4870	101.3410	2.4500	1	4.42E-02
0	102.3460	101.0030	2.4500	1	3.21E-02
0	102.6870	100.2190	2.4500	1	7.49E-02
0	102.6890	100.6220	2.4500	1	3.53E-02
0	103.1740	100.1890	2.4500	1	5.69E-02
0	103.3450	100.0020	2.4500	1	2.22E-02
0	102.8660	99.5080	2.4500	1	6.03E-02
0	102.6860	99.3750	2.4500	1	1.96E-02
0	102.6850	99.9990	2.4500	1	5.47E-02
0	102.6850	99.9990	2.5000	1	3.85E-04
0	94.4250	99.7380	2.5000	1	6.36E-02
0	94.6210	99.8250	2.5000	1	1.88E-02
0	94.6880	100.0110	2.5000	1	1.74E-02
0	94.5970	100.2040	2.5000	1	1.87E-02
0	94.4130	100.2520	2.5000	1	1.67E-02
0	98.5950	98.9540	2.5000	1	3.37E-02
0	98.6430	98.8120	2.5000	1	1.32E-02
0	99.2290	98.7270	2.5000	1	5.20E-02
0	98.0730	100.9860	2.5000	1	1.95E-02
0	98.0410	100.9870	2.5000	1	2.81E-03
0	96.6300	100.9870	2.5000	1	1.24E-01
0	96.4770	100.9300	2.5000	1	1.43E-02
0	96.4480	100.8050	2.5000	1	1.13E-02
0	96.4480	99.1950	2.5000	1	1.41E-01
0	96.4870	99.0520	2.5000	1	1.30E-02
0	96.6300	99.0130	2.5000	1	1.30E-02
0	98.0410	99.0130	2.5000	1	1.24E-01
0	98.6450	101.1990	2.5000	1	1.74E-02
0	98.8950	101.2290	2.5000	1	2.21E-02
0	99.1450	101.2590	2.5000	1	2.21E-02
0	99.2290	101.2730	2.5000	1	7.48E-03
0	98.0730	100.9860	2.5000	1	9.16E-03
0	98.2330	100.7910	2.5000	1	2.22E-02
0	98.2330	99.3230	2.5000	1	1.29E-01
0	98.2510	99.2870	2.5000	1	3.54E-03
0	98.2680	99.2510	2.5000	1	3.50E-03
0	98.2860	99.2140	2.5000	1	3.61E-03
0	98.2040	99.1470	2.5000	1	9.30E-03
0	98.1230	99.0800	2.5000	1	9.23E-03
0	98.0410	99.0130	2.5000	1	9.30E-03
0	98.1630	99.0330	2.5000	1	1.09E-02
0	98.2850	99.0540	2.5000	1	1.09E-02
0	98.4060	99.0750	2.5000	1	1.08E-02
0	98.5010	99.0140	2.5000	1	9.92E-03
0	98.5950	98.9540	2.5000	1	9.80E-03
0	98.5800	99.0840	2.5000	1	1.15E-02
0	98.5650	99.2140	2.5000	1	1.15E-02
0	98.5830	99.2510	2.5000	1	3.61E-03
0	98.6000	99.2870	2.5000	1	3.50E-03
0	98.6170	99.3230	2.5000	1	3.50E-03
0	98.6170	101.1240	2.5000	1	1.58E-01
0	98.5770	101.0590	2.5000	1	6.70E-03
0	98.4230	100.9780	2.5000	1	1.53E-02
0	98.1330	100.9850	2.5000	1	2.55E-02
0	99.1670	97.3230	2.5000	1	2.93E-02
0	99.5600	97.2670	2.5000	1	3.49E-02
0	99.9540	97.2100	2.5000	1	3.50E-02
0	100.3610	97.1920	2.5000	1	3.58E-02
0	100.8440	97.2710	2.5000	1	4.30E-02
0	101.3260	97.3490	2.5000	1	4.29E-02
0	101.5250	97.3980	2.5000	1	1.80E-02
0	101.5730	102.5860	2.5000	1	3.99E-02
0	101.2840	102.6610	2.5000	1	2.62E-02
0	100.8340	102.7310	2.5000	1	4.00E-02
0	100.3830	102.8000	2.5000	1	4.01E-02
0	99.8430	102.7780	2.5000	1	4.75E-02
0	99.5040	102.7350	2.5000	1	3.00E-02
0	99.1650	102.6920	2.5000	1	3.00E-02
0	101.3050	101.2900	2.5000	1	1.97E-02
0	101.4200	101.1790	2.5000	1	1.40E-02
0	101.4200	98.8210	2.5000	1	2.07E-01
0	101.2230	98.6270	2.5000	1	2.43E-02
0	101.6000	98.6290	2.5000	1	3.31E-02
0	101.7520	98.5560	2.5000	1	1.48E-02
0	101.8080	98.4090	2.5000	1	1.38E-02
0	101.8040	97.7210	2.5000	1	6.04E-02
0	101.7170	97.5250	2.5000	1	1.88E-02
0	101.5250	97.3980	2.5000	1	2.02E-02
0	102.0320	97.5580	2.5000	1	4.67E-02
0	102.6250	97.8100	2.5000	1	5.66E-02
0	103.1880	98.1340	2.5000	1	5.71E-02
0	103.7490	98.5580	2.5000	1	6.18E-02
0	104.2490	99.0490	2.5000	1	6.16E-02
0	104.7490	99.7060	2.5000	1	7.25E-02
0	104.9050	100.0030	2.5000	1	2.95E-02
0	104.7660	100.2500	2.5000	1	2.49E-02
0	104.4730	100.6800	2.5000	1	4.57E-02
0	104.0830	101.1140	2.5000	1	5.13E-02
0	103.5120	101.6190	2.5000	1	6.70E-02
0	103.0980	101.9200	2.5000	1	4.50E-02
0	102.5550	102.2220	2.5000	1	5.46E-02
0	101.6350	102.5670	2.5000	1	8.63E-02
0	101.7100	102.4810	2.5000	1	1.00E-02
0	101.7860	102.3050	2.5000	1	1.68E-02
0	101.7870	101.4980	2.5000	1	7.09E-02
0	101.6010	101.3710	2.5000	1	1.98E-02
0	101.2180	101.3740	2.5000	1	3.36E-02
0	101.2620	101.3310	2.5000	1	5.40E-03
0	102.1350	97.9600	2.5000	1	2.68E-02
0	102.4590	98.0970	2.5000	1	3.09E-02
0	103.0060	98.4090	2.5000	1	5.53E-02
0	103.4780	98.7650	2.5000	1	5.19E-02
0	103.8510	99.1200	2.5000	1	4.52E-02
0	104.2360	99.5770	2.5000	1	5.25E-02
0	104.5400	99.9940	2.5000	1	4.53E-02
0	104.2630	100.4110	2.5000	1	4.40E-02
0	103.8520	100.8790	2.5000	1	5.47E-02
0	103.3100	101.3600	2.5000	1	6.37E-02
0	102.7010	101.7660	2.5000	1	6.43E-02
0	102.1230	102.0450	2.5000	1	5.64E-02
0	102.1250	101.5440	2.5000	1	4.40E-02
0	102.0030	101.2360	2.5000	1	2.91E-02
0	101.7490	101.0950	2.5000	1	2.55E-02
0	101.7490	98.9050	2.5000	1	1.92E-01
0	102.0040	98.7640	2.5000	1	2.56E-02
0	102.1250	98.4660	2.5000	1	2.83E-02
0	102.1310	98.1790	2.5000	1	2.52E-02
0	102.5290	98.6430	2.5000	1	5.37E-02
0	102.7640	98.7770	2.5000	1	2.38E-02
0	103.2460	99.1410	2.5000	1	5.31E-02
0	103.6700	99.5590	2.5000	1	5.23E-02
0	104.0080	100.0020	2.5000	1	4.90E-02
0	103.5430	100.5660	2.5000	1	6.42E-02
0	103.0460	101.0080	2.5000	1	5.84E-02
0	102.5270	101.3600	2.5000	1	5.51E-02
0	102.4660	101.1760	2.5000	1	1.70E-02
0	102.3280	100.9400	2.5000	1	2.40E-02
0	102.1890	100.8360	2.5000	1	1.53E-02
0	102.1890	99.1650	2.5000	1	1.47E-01
0	102.3290	99.0600	2.5000	1	1.54E-02
0	102.4560	98.8500	2.5000	1	2.16E-02
0	102.7190	99.3790	2.5000	1	5.19E-02
0	102.9200	99.5320	2.5000	1	2.22E-02
0	103.3740	100.0070	2.5000	1	5.77E-02
0	103.1870	100.2050	2.5000	1	2.39E-02
0	102.7410	100.6020	2.5000	1	5.25E-02
0	102.6960	100.5930	2.5000	1	4.03E-03
0	102.7110	99.5980	2.5000	1	8.74E-02
0	102.7110	99.5980	2.5500	1	3.85E-04
0	94.6320	99.8450	2.5500	1	6.22E-02
0	94.6800	100.0190	2.5500	1	1.62E-02
0	94.6330	100.1550	2.5500	1	1.29E-02
0	94.5850	99.8050	2.5500	1	3.17E-02
0	94.6320	99.8450	2.5500	1	5.54E-03
0	98.5930	98.9530	2.5500	1	3.12E-02
0	98.6410	98.8110	2.5500	1	1.35E-02
0	99.2270	98.7250	2.5500	1	5.32E-02
0	98.0740	100.9880	2.5500	1	1.95E-02
0	98.0410	100.9900	2.5500	1	2.97E-03
0	96.6300	100.9890	2.5500	1	1.27E-01
0	96.4750	100.9330	2.5500	1	1.48E-02
0	96.4460	100.8050	2.5500	1	1.18E-02
0	96.4460	99.1950	2.5500	1	1.45E-01
0	96.4840	99.0510	2.5500	1	1.34E-02
0	96.6300	99.0100	2.5500	1	1.36E-02
0	98.0410	99.0100	2.5500	1	1.27E-01
0	98.6440	101.2000	2.5500	1	1.75E-02
0	98.8940	101.2300	2.5500	1	2.26E-02
0	99.1440	101.2610	2.5500	1	2.26E-02
0	99.2270	101.2750	2.5500	1	7.56E-03
0	98.0740	100.9880	2.5500	1	9.14E-03
0	98.2330	100.7910	2.5500	1	2.27E-02
0	98.2330	99.3200	2.5500	1	1.32E-01
0	98.2510	99.2830	2.5500	1	3.70E-03
0	98.2680	99.2460	2.5500	1	3.66E-03
0	98.2860	99.2090	2.5500	1	3.70E-03
0	98.2050	99.1430	2.5500	1	9.38E-03
0	98.1230	99.0770	2.5500	1	9.45E-03
0	98.0410	99.0100	2.5500	1	9.51E-03
0	98.1650	99.0300	2.5500	1	1.13E-02
0	98.2880	99.0500	2.5500	1	1.12E-02
0	98.4110	99.0700	2.5500	1	1.12E-02
0	98.5020	99.0120	2.5500	1	9.69E-03
0	98.5930	98.9530	2.5500	1	9.74E-03
0	98.5780	99.0810	2.5500	1	1.16E-02
0	98.5640	99.2090	2.5500	1	1.16E-02
0	98.5810	99.2460	2.5500	1	3.66E-03
0	98.5990	99.2830	2.5500	1	3.70E-03
0	98.6170	99.3200	2.5500	1	3.70E-03
0	98.6170	101.1270	2.5500	1	1.62E-01
0	98.5730	101.0610	2.5500	1	7.12E-03
0	98.4220	100.9820	2.5500	1	1.53E-02
0	98.1340	100.9870	2.5500	1	2.59E-02
0	99.4430	97.2670	2.5500	1	3.03E-02
0	100.1200	97.2010	2.5500	1	6.11E-02
0	100.3260	97.1920	2.5500	1	1.85E-02
0	100.5330	97.1820	2.5500	1	1.86E-02
0	101.0110	97.2740	2.5500	1	4.37E-02
0	101.4890	97.3660	2.5500	1	4.37E-02
0	101.5780	97.3930	2.5500	1	8.35E-03
0	101.5250	102.6260	2.5500	1	4.03E-02
0	101.4960	102.6330	2.5500	1	2.68E-03
0	101.0130	102.7270	2.5500	1	4.42E-02
0	100.5300	102.8210	2.5500	1	4.42E-02
0	100.2570	102.8100	2.5500	1	2.45E-02
0	99.9850	102.7980	2.5500	1	2.45E-02
0	99.7070	102.7660	2.5500	1	2.51E-02
0	99.4300	102.7340	2.5500	1	2.50E-02
0	101.3090	101.2910	2.5500	1	1.82E-02
0	101.4240	101.1800	2.5500	1	1.44E-02
0	101.4240	98.8500	2.5500	1	2.09E-01
0	101.2270	98.6250	2.5500	1	2.69E-02
0	101.6060	98.6270	2.5500	1	3.40E-02
0	101.7840	98.5560	2.5500	1	1.72E-02
0	101.8430	98.4050	2.5500	1	1.46E-02
0	101.8390	97.7130	2.5500	1	6.22E-02
0	101.7710	97.5380	2.5500	1	1.69E-02
0	101.5960	97.4010	2.5500	1	2.00E-02
0	101.7040	97.4370	2.5500	1	1.02E-02
0	102.1930	97.6000	2.5500	1	4.63E-02
0	102.7830	97.8700	2.5500	1	5.83E-02
0	103.2430	98.1490	2.5500	1	4.83E-02
0	103.5940	98.4160	2.5500	1	3.96E-02
0	104.1260	98.8980	2.5500	1	6.45E-02
0	104.5630	99.4160	2.5500	1	6.09E-02
0	104.9110	99.9180	2.5500	1	5.49E-02
0	104.9320	100.0310	2.5500	1	1.03E-02
0	104.5360	100.6410	2.5500	1	6.53E-02
0	104.1170	101.1120	2.5500	1	5.66E-02
0	103.7460	101.4680	2.5500	1	4.62E-02
0	103.2070	101.8740	2.5500	1	6.06E-02
0	102.6680	102.1870	2.5500	1	5.60E-02
0	102.1390	102.4200	2.5500	1	5.19E-02
0	101.5940	102.5970	2.5500	1	5.15E-02
0	101.7400	102.4880	2.5500	1	1.64E-02
0	101.8280	102.3240	2.5500	1	1.67E-02
0	101.8160	101.4890	2.5500	1	7.50E-02
0	101.6360	101.3740	2.5500	1	1.92E-02
0	101.2220	101.3750	2.5500	1	3.72E-02
0	101.2660	101.3320	2.5500	1	5.53E-03
0	101.7580	101.0820	2.5500	1	4.25E-03
0	101.7580	98.9100	2.5500	1	1.95E-01
0	102.0580	98.7330	2.5500	1	3.13E-02
0	102.1640	98.4670	2.5500	1	2.57E-02
0	102.1700	97.9520	2.5500	1	4.63E-02
0	102.6440	98.1710	2.5500	1	4.69E-02
0	103.1410	98.4790	2.5500	1	5.25E-02
0	103.6840	98.9170	2.5500	1	6.27E-02
0	104.0930	99.3350	2.5500	1	5.25E-02
0	104.5690	99.9980	2.5500	1	7.33E-02
0	104.2800	100.4340	2.5500	1	4.70E-02
0	103.8850	100.8780	2.5500	1	5.34E-02
0	103.3780	101.3360	2.5500	1	6.14E-02
0	102.7520	101.7600	2.5500	1	6.79E-02
0	102.1630	102.0480	2.5500	1	5.89E-02
0	102.1600	101.5430	2.5500	1	4.54E-02
0	102.0320	101.2300	2.5500	1	3.04E-02
0	101.9510	101.1860	2.5500	1	8.28E-03
0	102.1970	99.4200	2.5500	1	1.37E-02
0	102.1970	100.8160	2.5500	1	1.25E-01
0	102.3510	100.9290	2.5500	1	1.72E-02
0	102.4950	101.1660	2.5500	1	2.49E-02
0	102.5620	101.3620	2.5500	1	1.86E-02
0	103.1090	100.9880	2.5500	1	5.95E-02
0	103.5740	100.5680	2.5500	1	5.63E-02
0	103.9380	100.1570	2.5500	1	4.93E-02
0	104.0360	100.0100	2.5500	1	1.59E-02
0	103.7240	99.5860	2.5500	1	4.73E-02
0	103.3700	99.2240	2.5500	1	4.55E-02
0	102.8700	98.8240	2.5500	1	5.75E-02
0	102.5710	98.6410	2.5500	1	3.15E-02
0	102.4770	98.9010	2.5500	1	2.48E-02
0	102.1970	99.2000	2.5500	1	3.68E-02
0	102.7100	99.4470	2.5500	1	5.11E-02
0	102.7490	99.3810	2.5500	1	6.89E-03
0	103.0040	99.5830	2.5500	1	2.92E-02
0	103.4020	100.0050	2.5500	1	5.21E-02
0	103.2100	100.2070	2.5500	1	2.50E-02
0	102.7510	100.6170	2.5500	1	5.53E-02
0	102.7100	100.5660	2.5500	1	5.88E-03
0	102.7100	99.6660	2.5500	1	8.08E-02
0	102.7100	99.6660	2.6000	1	3.85E-04
0	98.5900	98.9520	2.6000	1	3.22E-02
0	98.6400	98.8100	2.6000	1	1.37E-02
0	99.2260	98.7240	2.6000	1	5.40E-02
0	98.0740	100.9900	2.6000	1	1.96E-02
0	98.0410	100.9920	2.6000	1	3.01E-03
0	96.6300	100.9910	2.6000	1	1.29E-01
0	96.4730	100.9350	2.6000	1	1.52E-02
0	96.4430	100.8050	2.6000	1	1.22E-02
0	96.4430	99.1950	2.6000	1	1.47E-01
0	96.4810	99.0490	2.6000	1	1.38E-02
0	96.6300	99.0080	2.6000	1	1.41E-02
0	98.0410	99.0080	2.6000	1	1.29E-01
0	98.6430	101.2020	2.6000	1	1.75E-02
0	98.8920	101.2320	2.6000	1	2.29E-02
0	99.1420	101.2620	2.6000	1	2.30E-02
0	99.2260	101.2760	2.6000	1	7.77E-03
0	98.0740	100.9900	2.6000	1	9.13E-03
0	98.2330	100.7960	2.6000	1	2.29E-02
0	98.2330	99.3160	2.6000	1	1.35E-01
0	98.2510	99.2790	2.6000	1	3.75E-03
0	98.2690	99.2410	2.6000	1	3.83E-03
0	98.2860	99.2040	2.6000	1	3.71E-03
0	98.2050	99.1390	2.6000	1	9.47E-03
0	98.1230	99.0740	2.6000	1	9.54E-03
0	98.0410	99.0080	2.6000	1	9.60E-03
0	98.1660	99.0280	2.6000	1	1.15E-02
0	98.2910	99.0470	2.6000	1	1.15E-02
0	98.4150	99.0660	2.6000	1	1.14E-02
0	98.5030	99.0090	2.6000	1	9.56E-03
0	98.5900	98.9520	2.6000	1	9.48E-03
0	98.5760	99.0780	2.6000	1	1.16E-02
0	98.5620	99.2040	2.6000	1	1.16E-02
0	98.5800	99.2410	2.6000	1	3.75E-03
0	98.5980	99.2790	2.6000	1	3.83E-03
0	98.6160	99.3160	2.6000	1	3.75E-03
0	98.6160	101.1300	2.6000	1	1.65E-01
0	98.5700	101.0630	2.6000	1	7.41E-03
0	98.4210	100.9870	2.6000	1	1.53E-02
0	98.1340	100.9900	2.6000	1	2.62E-02
0	99.6930	97.2290	2.6000	1	3.13E-02
0	99.9470	97.2040	2.6000	1	2.33E-02
0	100.2020	97.1800	2.6000	1	2.34E-02
0	100.4390	97.1780	2.6000	1	2.16E-02
0	100.6760	97.1750	2.6000	1	2.16E-02
0	100.9700	97.2390	2.6000	1	2.74E-02
0	101.2630	97.3030	2.6000	1	2.73E-02
0	101.5570	97.3680	2.6000	1	2.75E-02
0	101.6170	97.3840	2.6000	1	5.66E-03
0	101.5720	102.6290	2.6000	1	4.03E-02
0	101.5360	102.6370	2.6000	1	3.36E-03
0	101.1160	102.7270	2.6000	1	3.92E-02
0	100.6960	102.8160	2.6000	1	3.91E-02
0	100.2760	102.8190	2.6000	1	3.83E-02
0	99.9770	102.7950	2.6000	1	2.74E-02
0	99.6780	102.7720	2.6000	1	2.73E-02
0	101.3130	101.2920	2.6000	1	1.70E-02
0	101.4280	101.1820	2.6000	1	1.45E-02
0	101.4280	98.8180	2.6000	1	2.16E-01
0	101.2310	98.6240	2.6000	1	2.52E-02
0	101.6100	98.6260	2.6000	1	3.46E-02
0	101.8160	98.5560	2.6000	1	1.98E-02
0	101.8780	98.4020	2.6000	1	1.51E-02
0	101.8750	97.7060	2.6000	1	6.35E-02
0	101.7870	97.5080	2.6000	1	1.98E-02
0	101.6240	97.3870	2.6000	1	1.85E-02
0	101.8260	97.4620	2.6000	1	1.96E-02
0	102.3190	97.6320	2.6000	1	4.76E-02
0	102.8510	97.8860	2.6000	1	5.38E-02
0	103.3100	98.1710	2.6000	1	4.93E-02
0	103.6610	98.4410	2.6000	1	4.04E-02
0	104.1510	98.8870	2.6000	1	6.04E-02
0	104.5870	99.4060	2.6000	1	6.18E-02
0	104.9610	99.9670	2.6000	1	6.15E-02
0	104.9520	100.0670	2.6000	1	9.16E-03
0	104.5710	100.6390	2.6000	1	6.27E-02
0	103.7940	101.4540	2.6000	1	1.03E-01
0	103.3090	101.8300	2.6000	1	5.60E-02
0	102.7480	102.1630	2.6000	1	5.95E-02
0	102.2950	102.3760	2.6000	1	4.56E-02
0	101.6320	102.6120	2.6000	1	6.42E-02
0	101.7760	102.4940	2.6000	1	1.70E-02
0	101.8640	102.3310	2.6000	1	1.69E-02
0	101.8780	101.6010	2.6000	1	6.66E-02
0	101.8460	101.4820	2.6000	1	1.12E-02
0	101.6710	101.3770	2.6000	1	1.86E-02
0	101.2250	101.3770	2.6000	1	4.07E-02
0	101.2700	101.3340	2.6000	1	5.68E-03
0	102.2050	97.9440	2.6000	1	2.71E-02
0	102.6930	98.1750	2.6000	1	4.92E-02
0	103.1740	98.4740	2.6000	1	5.16E-02
0	103.6960	98.8920	2.6000	1	6.10E-02
0	104.1210	99.3300	2.6000	1	5.57E-02
0	104.6010	99.9990	2.6000	1	7.51E-02
0	104.2740	100.4740	2.6000	1	5.26E-02
0	103.6580	101.1420	2.6000	1	8.29E-02
0	103.1710	101.5280	2.6000	1	5.67E-02
0	102.6980	101.8220	2.6000	1	5.08E-02
0	102.1980	102.0600	2.6000	1	5.05E-02
0	102.2050	101.5590	2.6000	1	4.57E-02
0	102.0610	101.2260	2.6000	1	3.31E-02
0	101.7570	101.0830	2.6000	1	3.06E-02
0	101.7570	98.9090	2.6000	1	1.98E-01
0	102.0850	98.7410	2.6000	1	3.36E-02
0	102.1960	98.4840	2.6000	1	2.55E-02
0	102.2010	98.1630	2.6000	1	2.93E-02
0	102.6080	98.6390	2.6000	1	5.71E-02
0	102.9200	98.8330	2.6000	1	3.35E-02
0	103.4000	99.2180	2.6000	1	5.61E-02
0	103.7530	99.5820	2.6000	1	4.62E-02
0	104.0670	100.0090	2.6000	1	4.83E-02
0	103.9520	100.1760	2.6000	1	1.85E-02
0	103.6120	100.5440	2.6000	1	4.57E-02
0	103.1760	100.9640	2.6000	1	5.52E-02
0	102.6040	101.3630	2.6000	1	6.36E-02
0	102.5140	101.1300	2.6000	1	2.28E-02
0	102.3720	100.9170	2.6000	1	2.33E-02
0	102.1960	100.7990	2.6000	1	1.93E-02
0	102.1960	99.2100	2.6000	1	1.45E-01
0	102.3850	99.0610	2.6000	1	2.19E-02
0	102.4990	98.9220	2.6000	1	1.64E-02
0	102.5280	98.8440	2.6000	1	7.59E-03
0	102.7820	99.3860	2.6000	1	5.46E-02
0	103.0600	99.6110	2.6000	1	3.26E-02
0	103.4180	99.9920	2.6000	1	4.77E-02
0	103.2320	100.1930	2.6000	1	2.50E-02
0	102.7850	100.6130	2.6000	1	5.59E-02
0	102.7140	100.5350	2.6000	1	9.62E-03
0	102.7140	99.5870	2.6000	1	8.64E-02
0	102.7140	99.5870	2.6500	1	3.85E-04
0	100.0660	97.1840	2.6500	1	2.75E-02
0	100.4150	97.1770	2.6500	1	3.26E-02
0	100.7650	97.1710	2.6500	1	3.27E-02
0	101.0410	97.2350	2.6500	1	2.65E-02
0	101.3170	97.2990	2.6500	1	2.65E-02
0	101.5940	97.3630	2.6500	1	2.66E-02
0	101.5950	97.3640	2.6500	1	1.32E-04
0	101.6280	102.6280	2.6500	1	4.05E-02
0	101.5940	102.6360	2.6500	1	3.26E-03
0	101.1870	102.7290	2.6500	1	3.90E-02
0	100.7800	102.8210	2.6500	1	3.90E-02
0	100.2740	102.8290	2.6500	1	4.73E-02
0	101.3170	101.2940	2.6500	1	1.43E-02
0	101.4320	101.1830	2.6500	1	1.49E-02
0	101.4320	98.8170	2.6500	1	2.21E-01
0	101.2350	98.6220	2.6500	1	2.59E-02
0	101.6140	98.6240	2.6500	1	3.54E-02
0	101.8490	98.5560	2.6500	1	2.29E-02
0	101.9140	98.3990	2.6500	1	1.59E-02
0	101.9100	97.7000	2.6500	1	6.53E-02
0	101.8420	97.5240	2.6500	1	1.76E-02
0	101.6660	97.3860	2.6500	1	2.09E-02
0	101.8910	97.4670	2.6500	1	2.23E-02
0	102.4440	97.6690	2.6500	1	5.50E-02
0	102.9960	97.9490	2.6500	1	5.78E-02
0	103.7320	98.4700	2.6500	1	8.43E-02
0	104.1860	98.8910	2.6500	1	5.79E-02
0	104.6450	99.4440	2.6500	1	6.72E-02
0	104.9710	99.9150	2.6500	1	5.35E-02
0	104.9880	100.0530	2.6500	1	1.30E-02
0	104.6300	100.6010	2.6500	1	6.12E-02
0	104.2120	101.0630	2.6500	1	5.82E-02
0	103.8590	101.4270	2.6500	1	4.74E-02
0	103.3840	101.8020	2.6500	1	5.66E-02
0	102.8910	102.1110	2.6500	1	5.44E-02
0	102.4080	102.3470	2.6500	1	5.02E-02
0	101.6940	102.6100	2.6500	1	7.11E-02
0	101.8170	102.4940	2.6500	1	1.58E-02
0	101.8990	102.3370	2.6500	1	1.66E-02
0	101.9140	101.6040	2.6500	1	6.85E-02
0	101.8770	101.4790	2.6500	1	1.22E-02
0	101.7060	101.3810	2.6500	1	1.84E-02
0	101.2290	101.3780	2.6500	1	4.46E-02
0	101.2740	101.3360	2.6500	1	5.75E-03
0	101.7610	101.0600	2.6500	1	4.31E-03
0	101.7610	98.9340	2.6500	1	1.99E-01
0	102.1400	98.7180	2.6500	1	4.08E-02
0	102.2380	98.4480	2.6500	1	2.68E-02
0	102.2390	97.9470	2.6500	1	4.68E-02
0	102.8180	98.2260	2.6500	1	6.01E-02
0	103.3140	98.5530	2.6500	1	5.55E-02
0	103.8070	98.9710	2.6500	1	6.04E-02
0	104.1810	99.3630	2.6500	1	5.06E-02
0	104.6310	99.9970	2.6500	1	7.27E-02
0	104.3960	100.3580	2.6500	1	4.03E-02
0	103.6510	101.1710	2.6500	1	1.03E-01
0	103.2070	101.5250	2.6500	1	5.31E-02
0	102.7450	101.8160	2.6500	1	5.10E-02
0	102.2330	102.0530	2.6500	1	5.27E-02
0	102.2380	101.5430	2.6500	1	4.77E-02
0	102.0880	101.2200	2.6500	1	3.33E-02
0	101.9580	101.1570	2.6500	1	1.35E-02
0	102.2020	100.6680	2.6500	1	5.11E-02
0	102.2030	100.7730	2.6500	1	9.81E-03
0	102.3930	100.9050	2.6500	1	2.16E-02
0	102.5360	101.1090	2.6500	1	2.33E-02
0	102.6400	101.3640	2.6500	1	2.57E-02
0	103.2360	100.9420	2.6500	1	6.82E-02
0	103.6420	100.5470	2.6500	1	5.29E-02
0	104.0200	100.1300	2.6500	1	5.26E-02
0	104.1000	100.0080	2.6500	1	1.36E-02
0	103.8140	99.6160	2.6500	1	4.53E-02
0	103.4890	99.2740	2.6500	1	4.41E-02
0	103.0350	98.8920	2.6500	1	5.55E-02
0	102.6450	98.6370	2.6500	1	4.35E-02
0	102.5020	98.9670	2.6500	1	3.36E-02
0	102.2000	99.2090	2.6500	1	3.62E-02
0	102.2000	100.4490	2.6500	1	1.16E-01
0	102.6400	100.5490	2.6500	1	4.22E-02
0	102.6400	99.4450	2.6500	1	1.03E-01
0	102.8110	99.2770	2.6500	1	2.24E-02
0	103.1710	99.5760	2.6500	1	4.37E-02
0	103.5510	99.9940	2.6500	1	5.28E-02
0	103.1290	100.4590	2.6500	1	5.87E-02
0	102.8060	100.7250	2.6500	1	3.91E-02
0	102.7910	100.7090	2.6500	1	2.05E-03
0	99.2250	98.7230	2.6500	1	3.14E-02
0	98.6410	98.7970	2.6500	1	5.50E-02
0	98.1650	100.9440	2.6500	1	1.69E-02
0	98.0410	100.9940	2.6500	1	1.25E-02
0	96.6300	100.9940	2.6500	1	1.32E-01
0	96.4710	100.9380	2.6500	1	1.58E-02
0	96.4410	100.8050	2.6500	1	1.27E-02
0	96.4410	99.1950	2.6500	1	1.50E-01
0	96.4780	99.0480	2.6500	1	1.42E-02
0	96.6300	99.0060	2.6500	1	1.47E-02
0	98.0410	99.0060	2.6500	1	1.32E-01
0	98.6410	101.2030	2.6500	1	1.75E-02
0	98.8910	101.2330	2.6500	1	2.35E-02
0	99.1410	101.2630	2.6500	1	2.35E-02
0	99.2250	101.2770	2.6500	1	7.96E-03
0	98.1650	100.9440	2.6500	1	8.55E-03
0	98.2040	100.8980	2.6500	1	5.64E-03
0	98.2430	100.8530	2.6500	1	5.57E-03
0	98.2820	100.8070	2.6500	1	5.64E-03
0	98.2570	100.7520	2.6500	1	5.65E-03
0	98.2330	100.6970	2.6500	1	5.61E-03
0	98.2330	99.1990	2.6500	1	1.40E-01
0	98.0410	99.0060	2.6500	1	2.54E-02
0	98.4160	99.0080	2.6500	1	3.50E-02
0	98.5910	98.8950	2.6500	1	1.95E-02
0	98.6150	98.9510	2.6500	1	5.69E-03
0	98.6150	100.6970	2.6500	1	1.63E-01
0	98.5900	100.7490	2.6500	1	5.39E-03
0	98.5650	100.8010	2.6500	1	5.39E-03
0	98.5650	101.0150	2.6500	1	2.00E-02
0	98.4210	100.9420	2.6500	1	1.51E-02
0	98.3350	100.9430	2.6500	1	8.04E-03
0	98.2500	100.9430	2.6500	1	7.94E-03
0	98.2250	100.9430	2.6500	1	2.34E-03
0	98.2250	100.9430	2.7000	1	3.85E-04
0	101.7150	102.6160	2.7000	1	2.98E-02
0	101.2860	102.7200	2.7000	1	4.06E-02
0	101.0060	102.7780	2.7000	1	2.63E-02
0	100.7270	102.8360	2.7000	1	2.62E-02
0	100.4390	102.8330	2.7000	1	2.65E-02
0	100.1510	102.8290	2.7000	1	2.65E-02
0	100.3510	97.1650	2.7000	1	4.36E-02
0	100.8270	97.1650	2.7000	1	4.37E-02
0	100.9100	97.2000	2.7000	1	8.28E-03
0	100.9930	97.2360	2.7000	1	8.31E-03
0	101.6420	97.3630	2.7000	1	6.08E-02
0	101.6480	97.3650	2.7000	1	5.81E-04
0	101.3210	101.2950	2.7000	1	3.03E-02
0	101.4360	101.1850	2.7000	1	1.46E-02
0	101.4360	98.8150	2.7000	1	2.18E-01
0	101.2390	98.6200	2.7000	1	2.55E-02
0	101.6180	98.6230	2.7000	1	3.48E-02
0	101.8810	98.5560	2.7000	1	2.49E-02
0	101.9490	98.3940	2.7000	1	1.61E-02
0	101.9410	97.6760	2.7000	1	6.60E-02
0	101.8760	97.5300	2.7000	1	1.47E-02
0	101.6480	97.3650	2.7000	1	2.59E-02
0	101.9220	97.4590	2.7000	1	2.66E-02
0	102.4920	97.6710	2.7000	1	5.59E-02
0	103.0310	97.9460	2.7000	1	5.56E-02
0	103.5390	98.2820	2.7000	1	5.60E-02
0	104.0720	98.7330	2.7000	1	6.42E-02
0	104.5270	99.2280	2.7000	1	6.18E-02
0	104.9980	99.9100	2.7000	1	7.62E-02
0	105.0110	100.0660	2.7000	1	1.44E-02
0	104.5120	100.7670	2.7000	1	7.91E-02
0	104.1330	101.1970	2.7000	1	5.27E-02
0	103.5900	101.6720	2.7000	1	6.63E-02
0	102.9520	102.0970	2.7000	1	7.04E-02
0	102.4920	102.3280	2.7000	1	4.73E-02
0	101.7150	102.6160	2.7000	1	7.61E-02
0	101.9040	102.4130	2.7000	1	2.55E-02
0	101.9480	102.2870	2.7000	1	1.23E-02
0	101.9490	101.6040	2.7000	1	6.28E-02
0	101.8940	101.4580	2.7000	1	1.43E-02
0	101.7420	101.3840	2.7000	1	1.55E-02
0	101.2330	101.3800	2.7000	1	4.68E-02
0	101.2780	101.3370	2.7000	1	5.72E-03
0	102.2730	97.9490	2.7000	1	2.72E-02
0	102.3570	97.9730	2.7000	1	8.03E-03
0	102.8650	98.2310	2.7000	1	5.24E-02
0	103.3410	98.5460	2.7000	1	5.24E-02
0	103.8440	98.9710	2.7000	1	6.05E-02
0	104.2690	99.4330	2.7000	1	5.77E-02
0	104.6610	100.0070	2.7000	1	6.39E-02
0	104.2570	100.5590	2.7000	1	6.29E-02
0	103.9120	100.9530	2.7000	1	4.81E-02
0	103.4050	101.3990	2.7000	1	6.20E-02
0	102.8020	101.8030	2.7000	1	6.67E-02
0	102.2770	102.0510	2.7000	1	5.34E-02
0	102.2740	101.5660	2.7000	1	4.46E-02
0	102.1330	101.2320	2.7000	1	3.33E-02
0	101.7650	101.0500	2.7000	1	3.77E-02
0	101.7650	98.9450	2.7000	1	1.93E-01
0	102.1360	98.7610	2.7000	1	3.81E-02
0	102.2670	98.4560	2.7000	1	3.05E-02
0	102.2710	98.1680	2.7000	1	2.65E-02
0	102.6720	98.6310	2.7000	1	5.63E-02
0	103.0780	98.8980	2.7000	1	4.46E-02
0	103.5390	99.2880	2.7000	1	5.55E-02
0	103.9020	99.6840	2.7000	1	4.94E-02
0	104.1250	100.0280	2.7000	1	3.77E-02
0	103.6290	100.6170	2.7000	1	7.08E-02
0	103.1910	101.0140	2.7000	1	5.43E-02
0	102.6750	101.3630	2.7000	1	5.72E-02
0	102.4640	100.9440	2.7000	1	4.31E-02
0	102.2040	100.7610	2.7000	1	2.92E-02
0	102.2040	99.2240	2.7000	1	1.41E-01
0	102.2710	99.1930	2.7000	1	6.78E-03
0	102.5240	98.9830	2.7000	1	3.02E-02
0	102.5870	98.8330	2.7000	1	1.49E-02
0	102.8460	99.2770	2.7000	1	4.72E-02
0	103.2340	99.6060	2.7000	1	4.67E-02
0	103.5780	99.9810	2.7000	1	4.68E-02
0	103.3210	100.3030	2.7000	1	3.79E-02
0	102.8380	100.7220	2.7000	1	5.88E-02
0	102.6440	100.5260	2.7000	1	2.53E-02
0	102.6440	99.4680	2.7000	1	9.72E-02
0	102.6860	99.4280	2.7000	1	5.33E-03
0	99.2230	98.7220	2.7000	1	2.72E-02
0	98.6400	98.7960	2.7000	1	5.40E-02
0	98.1640	100.9470	2.7000	1	1.69E-02
0	98.0410	100.9960	2.7000	1	1.22E-02
0	96.6300	100.9960	2.7000	1	1.30E-01
0	96.4700	100.9400	2.7000	1	1.56E-02
0	96.4390	100.8050	2.7000	1	1.27E-02
0	96.4390	99.1950	2.7000	1	1.48E-01
0	96.4750	99.0460	2.7000	1	1.41E-02
0	96.6300	99.0040	2.7000	1	1.48E-02
0	98.0410	99.0040	2.7000	1	1.30E-01
0	98.6400	101.2040	2.7000	1	1.75E-02
0	98.8900	101.2340	2.7000	1	2.31E-02
0	99.1400	101.2640	2.7000	1	2.31E-02
0	99.2230	101.2780	2.7000	1	7.73E-03
0	98.1640	100.9470	2.7000	1	8.53E-03
0	98.2030	100.9020	2.7000	1	5.47E-03
0	98.2430	100.8560	2.7000	1	5.60E-03
0	98.2820	100.8110	2.7000	1	5.47E-03
0	98.2660	100.7740	2.7000	1	3.70E-03
0	98.2490	100.7380	2.7000	1	3.66E-03
0	98.2320	100.7010	2.7000	1	3.74E-03
0	98.2320	99.1950	2.7000	1	1.38E-01
0	98.0410	99.0040	2.7000	1	2.48E-02
0	98.4150	99.0030	2.7000	1	3.44E-02
0	98.5890	98.8910	2.7000	1	1.90E-02
0	98.6140	98.9490	2.7000	1	5.80E-03
0	98.6140	100.7010	2.7000	1	1.61E-01
0	98.5890	100.7530	2.7000	1	5.30E-03
0	98.5640	100.8050	2.7000	1	5.30E-03
0	98.5640	101.0180	2.7000	1	1.96E-02
0	98.4200	100.9470	2.7000	1	1.48E-02
0	98.3350	100.9470	2.7000	1	7.81E-03
0	98.2490	100.9470	2.7000	1	7.90E-03
0	98.2240	100.9470	2.7000	1	2.30E-03
0	98.2240	100.9470	2.7500	1	3.85E-04
0	100.3670	97.1660	2.7500	1	3.34E-02
0	100.6250	97.1650	2.7500	1	2.43E-02
0	100.8840	97.1640	2.7500	1	2.44E-02
0	100.9640	97.1980	2.7500	1	8.17E-03
0	101.0440	97.2310	2.7500	1	8.14E-03
0	101.6780	97.3600	2.7500	1	6.08E-02
0	101.6840	97.3610	2.7500	1	5.72E-04
0	101.7500	102.6200	2.7500	1	4.05E-02
0	101.5790	102.6700	2.7500	1	1.68E-02
0	101.0500	102.7720	2.7500	1	5.07E-02
0	100.9670	102.8050	2.7500	1	8.40E-03
0	100.8830	102.8390	2.7500	1	8.52E-03
0	100.6240	102.8430	2.7500	1	2.44E-02
0	100.3660	102.8460	2.7500	1	2.43E-02
0	101.3250	101.2970	2.7500	1	1.40E-02
0	101.4400	101.1860	2.7500	1	1.50E-02
0	101.4400	98.8140	2.7500	1	2.23E-01
0	101.2430	98.6190	2.7500	1	2.61E-02
0	101.7770	98.6130	2.7500	1	5.02E-02
0	101.9130	98.5550	2.7500	1	1.39E-02
0	101.9840	98.3910	2.7500	1	1.68E-02
0	101.9760	97.6720	2.7500	1	6.76E-02
0	101.9110	97.5260	2.7500	1	1.50E-02
0	101.6840	97.3610	2.7500	1	2.64E-02
0	101.9580	97.4530	2.7500	1	2.72E-02
0	102.5620	97.6850	2.7500	1	6.08E-02
0	103.0550	97.9400	2.7500	1	5.22E-02
0	103.5070	98.2390	2.7500	1	5.10E-02
0	103.8480	98.5180	2.7500	1	4.14E-02
0	104.2600	98.9040	2.7500	1	5.31E-02
0	104.6020	99.2950	2.7500	1	4.89E-02
0	105.0460	100.0120	2.7500	1	7.93E-02
0	104.8330	100.3900	2.7500	1	4.08E-02
0	104.5460	100.7610	2.7500	1	4.41E-02
0	104.1660	101.1920	2.7500	1	5.40E-02
0	103.6560	101.6460	2.7500	1	6.42E-02
0	103.0620	102.0530	2.7500	1	6.77E-02
0	102.5900	102.3010	2.7500	1	5.01E-02
0	101.7500	102.6200	2.7500	1	8.45E-02
0	101.9390	102.4180	2.7500	1	2.60E-02
0	101.9830	102.2920	2.7500	1	1.26E-02
0	101.9840	101.6070	2.7500	1	6.44E-02
0	101.9260	101.4580	2.7500	1	1.50E-02
0	101.7770	101.3870	2.7500	1	1.55E-02
0	101.2370	101.3810	2.7500	1	5.08E-02
0	101.2810	101.3390	2.7500	1	5.72E-03
0	101.7690	99.1700	2.7500	1	1.71E-02
0	101.7690	101.0570	2.7500	1	1.77E-01
0	102.1340	101.2080	2.7500	1	3.71E-02
0	102.2970	101.4870	2.7500	1	3.04E-02
0	102.3100	102.0590	2.7500	1	5.38E-02
0	102.7910	101.8240	2.7500	1	5.03E-02
0	103.2830	101.5050	2.7500	1	5.51E-02
0	103.6660	101.2060	2.7500	1	4.57E-02
0	104.0520	100.8490	2.7500	1	4.94E-02
0	104.5280	100.2600	2.7500	1	7.12E-02
0	104.6810	99.9890	2.7500	1	2.93E-02
0	104.2960	99.4310	2.7500	1	6.38E-02
0	103.9340	99.0350	2.7500	1	5.05E-02
0	103.4040	98.5730	2.7500	1	6.61E-02
0	102.9060	98.2360	2.7500	1	5.65E-02
0	102.4290	97.9890	2.7500	1	5.05E-02
0	102.3070	97.9490	2.7500	1	1.21E-02
0	102.3070	98.4500	2.7500	1	4.71E-02
0	102.2050	98.7200	2.7500	1	2.71E-02
0	101.8630	98.9200	2.7500	1	3.73E-02
0	101.7690	98.9500	2.7500	1	9.28E-03
0	102.2080	100.7490	2.7500	1	1.42E-02
0	102.2080	99.2380	2.7500	1	1.42E-01
0	102.3220	99.1810	2.7500	1	1.20E-02
0	102.5620	98.9760	2.7500	1	2.97E-02
0	102.7150	98.6370	2.7500	1	3.50E-02
0	103.1200	98.9070	2.7500	1	4.58E-02
0	103.7340	99.4680	2.7500	1	7.82E-02
0	104.1630	100.0120	2.7500	1	6.52E-02
0	103.7300	100.5480	2.7500	1	6.48E-02
0	103.2490	100.9930	2.7500	1	6.16E-02
0	102.7160	101.3640	2.7500	1	6.11E-02
0	102.6530	101.2070	2.7500	1	1.59E-02
0	102.4760	100.9300	2.7500	1	3.09E-02
0	102.3900	100.8720	2.7500	1	9.76E-03
0	102.6480	99.7080	2.7500	1	9.17E-03
0	102.6480	100.5090	2.7500	1	7.53E-02
0	102.8020	100.6360	2.7500	1	1.88E-02
0	102.8660	100.7240	2.7500	1	1.02E-02
0	103.3450	100.3050	2.7500	1	5.98E-02
0	103.6060	99.9790	2.7500	1	3.93E-02
0	103.2860	99.6290	2.7500	1	4.46E-02
0	102.8770	99.2770	2.7500	1	5.07E-02
0	102.6480	99.4880	2.7500	1	2.93E-02
0	99.2220	98.7200	2.7500	1	2.70E-02
0	98.6390	98.7950	2.7500	1	5.53E-02
0	98.1630	100.9510	2.7500	1	1.70E-02
0	98.0410	100.9980	2.7500	1	1.23E-02
0	96.6300	100.9980	2.7500	1	1.33E-01
0	96.4680	100.9430	2.7500	1	1.61E-02
0	96.4370	100.8050	2.7500	1	1.33E-02
0	96.4370	99.1950	2.7500	1	1.51E-01
0	96.4930	99.0340	2.7500	1	1.60E-02
0	96.6300	99.0020	2.7500	1	1.32E-02
0	98.0410	99.0020	2.7500	1	1.33E-01
0	98.6390	101.2050	2.7500	1	1.76E-02
0	98.8880	101.2350	2.7500	1	2.36E-02
0	99.1380	101.2660	2.7500	1	2.37E-02
0	99.2220	101.2800	2.7500	1	8.01E-03
0	98.1630	100.9510	2.7500	1	8.53E-03
0	98.2030	100.9050	2.7500	1	5.73E-03
0	98.2420	100.8600	2.7500	1	5.60E-03
0	98.2820	100.8140	2.7500	1	5.73E-03
0	98.2650	100.7780	2.7500	1	3.74E-03
0	98.2490	100.7420	2.7500	1	3.70E-03
0	98.2320	100.7060	2.7500	1	3.74E-03
0	98.2320	99.1950	2.7500	1	1.42E-01
0	98.0410	99.0020	2.7500	1	2.55E-02
0	98.4140	98.9990	2.7500	1	3.51E-02
0	98.5870	98.8880	2.7500	1	1.93E-02
0	98.6190	98.9000	2.7500	1	3.21E-03
0	98.6130	100.7060	2.7500	1	1.70E-01
0	98.5890	100.7550	2.7500	1	5.13E-03
0	98.5650	100.8050	2.7500	1	5.22E-03
0	98.5630	101.0210	2.7500	1	2.03E-02
0	98.4190	100.9510	2.7500	1	1.51E-02
0	98.3340	100.9510	2.7500	1	7.99E-03
0	98.2480	100.9510	2.7500	1	8.09E-03
0	98.2230	100.9510	2.7500	1	2.35E-03
0	98.2230	100.9510	2.8000	1	3.85E-04
0	100.5640	97.1580	2.8000	1	3.43E-02
0	100.9670	97.1780	2.8000	1	3.72E-02
0	101.7350	97.3630	2.8000	1	7.29E-02
0	101.7370	97.3630	2.8000	1	1.85E-04
0	101.6740	102.6570	2.8000	1	4.07E-02
0	101.6110	102.6770	2.8000	1	6.10E-03
0	101.2680	102.7600	2.8000	1	3.26E-02
0	100.9250	102.8430	2.8000	1	3.26E-02
0	100.5710	102.8550	2.8000	1	3.27E-02
0	101.3290	101.2990	2.8000	1	1.33E-02
0	101.4430	101.1880	2.8000	1	1.47E-02
0	101.4430	98.8120	2.8000	1	2.19E-01
0	101.2470	98.6170	2.8000	1	2.55E-02
0	101.8120	98.6090	2.8000	1	5.22E-02
0	101.9460	98.5550	2.8000	1	1.33E-02
0	102.0200	98.3880	2.8000	1	1.69E-02
0	102.0110	97.6680	2.8000	1	6.65E-02
0	101.9530	97.5290	2.8000	1	1.39E-02
0	101.7370	97.3630	2.8000	1	2.51E-02
0	102.0040	97.4560	2.8000	1	2.61E-02
0	102.5840	97.6790	2.8000	1	5.74E-02
0	103.0860	97.9390	2.8000	1	5.22E-02
0	103.5890	98.2720	2.8000	1	5.57E-02
0	104.0980	98.7010	2.8000	1	6.14E-02
0	104.5490	99.1840	2.8000	1	6.10E-02
0	105.0050	99.8330	2.8000	1	7.32E-02
0	105.0720	100.0540	2.8000	1	2.13E-02
0	104.5730	100.7840	2.8000	1	8.16E-02
0	104.2030	101.1830	2.8000	1	5.02E-02
0	103.7620	101.5870	2.8000	1	5.52E-02
0	103.2060	101.9850	2.8000	1	6.31E-02
0	102.7380	102.2470	2.8000	1	4.95E-02
0	102.1550	102.4920	2.8000	1	5.84E-02
0	101.6740	102.6570	2.8000	1	4.69E-02
0	101.8830	102.5480	2.8000	1	2.18E-02
0	101.9960	102.3700	2.8000	1	1.95E-02
0	102.0200	101.6170	2.8000	1	6.95E-02
0	101.9540	101.4530	2.8000	1	1.63E-02
0	101.8120	101.3910	2.8000	1	1.43E-02
0	101.2410	101.3830	2.8000	1	5.27E-02
0	101.2850	101.3400	2.8000	1	5.68E-03
0	102.3420	97.9470	2.8000	1	2.73E-02
0	102.4450	97.9790	2.8000	1	9.96E-03
0	102.9190	98.2240	2.8000	1	4.93E-02
0	103.3920	98.5370	2.8000	1	5.24E-02
0	103.8710	98.9400	2.8000	1	5.78E-02
0	104.2920	99.3910	2.8000	1	5.70E-02
0	104.7110	100.0070	2.8000	1	6.88E-02
0	104.3810	100.4930	2.8000	1	5.42E-02
0	104.0730	100.8520	2.8000	1	4.37E-02
0	103.6750	101.2310	2.8000	1	5.07E-02
0	103.2530	101.5500	2.8000	1	4.88E-02
0	102.8190	101.8260	2.8000	1	4.75E-02
0	102.3350	102.0620	2.8000	1	4.97E-02
0	102.3260	101.4700	2.8000	1	5.47E-02
0	102.2010	101.2470	2.8000	1	2.36E-02
0	102.1030	101.1670	2.8000	1	1.17E-02
0	101.7730	101.0580	2.8000	1	3.21E-02
0	101.7730	98.9420	2.8000	1	1.95E-01
0	101.8120	98.9390	2.8000	1	3.61E-03
0	102.2000	98.7580	2.8000	1	3.95E-02
0	102.3380	98.4880	2.8000	1	2.80E-02
0	102.3400	98.1670	2.8000	1	2.96E-02
0	102.7490	98.6380	2.8000	1	5.76E-02
0	103.3880	99.1080	2.8000	1	7.32E-02
0	103.8010	99.5090	2.8000	1	5.31E-02
0	104.1800	100.0080	2.8000	1	5.78E-02
0	103.7700	100.5340	2.8000	1	6.16E-02
0	103.3090	100.9660	2.8000	1	5.83E-02
0	102.7500	101.3610	2.8000	1	6.32E-02
0	102.7290	101.2790	2.8000	1	7.81E-03
0	102.4840	100.9030	2.8000	1	4.14E-02
0	102.2120	100.7370	2.8000	1	2.94E-02
0	102.2120	99.2500	2.8000	1	1.37E-01
0	102.3590	99.1760	2.8000	1	1.52E-02
0	102.5980	98.9720	2.8000	1	2.90E-02
0	102.6580	98.8380	2.8000	1	1.36E-02
0	102.9070	99.2780	2.8000	1	4.67E-02
0	103.2800	99.5940	2.8000	1	4.51E-02
0	103.6480	100.0070	2.8000	1	5.11E-02
0	103.3700	100.3080	2.8000	1	3.78E-02
0	102.9000	100.7210	2.8000	1	5.78E-02
0	102.7940	100.5920	2.8000	1	1.54E-02
0	102.6510	100.4880	2.8000	1	1.63E-02
0	102.6510	99.5070	2.8000	1	9.06E-02
0	102.7440	99.4240	2.8000	1	1.15E-02
0	99.2210	98.7190	2.8000	1	2.76E-02
0	98.6370	98.7940	2.8000	1	5.44E-02
0	98.1630	100.9530	2.8000	1	1.70E-02
0	98.0410	101	2.8000	1	1.21E-02
0	96.6300	100.9990	2.8000	1	1.30E-01
0	96.4670	100.9440	2.8000	1	1.59E-02
0	96.4360	100.8050	2.8000	1	1.31E-02
0	96.4360	99.1950	2.8000	1	1.49E-01
0	96.4710	99.0440	2.8000	1	1.43E-02
0	96.6300	99	2.8000	1	1.52E-02
0	98.0410	99	2.8000	1	1.30E-01
0	98.6370	101.2060	2.8000	1	1.76E-02
0	98.8870	101.2370	2.8000	1	2.33E-02
0	99.1370	101.2670	2.8000	1	2.32E-02
0	99.2210	101.2810	2.8000	1	7.86E-03
0	98.1630	100.9530	2.8000	1	8.52E-03
0	98.2230	100.8850	2.8000	1	8.37E-03
0	98.2820	100.8170	2.8000	1	8.31E-03
0	98.2650	100.7800	2.8000	1	3.76E-03
0	98.2480	100.7440	2.8000	1	3.67E-03
0	98.2320	100.7080	2.8000	1	3.64E-03
0	98.2320	99.1950	2.8000	1	1.40E-01
0	98.0410	99	2.8000	1	2.52E-02
0	98.4120	98.9960	2.8000	1	3.42E-02
0	98.5850	98.8860	2.8000	1	1.89E-02
0	98.6180	98.8980	2.8000	1	3.24E-03
0	98.6120	100.7080	2.8000	1	1.67E-01
0	98.5890	100.7560	2.8000	1	4.91E-03
0	98.5660	100.8050	2.8000	1	5.00E-03
0	98.5610	101.0230	2.8000	1	2.01E-02
0	98.4180	100.9540	2.8000	1	1.47E-02
0	98.2910	100.9530	2.8000	1	1.17E-02
0	98.2230	100.9530	2.8000	1	6.28E-03
0	98.2230	100.9530	2.8500	1	3.85E-04
0	100.9660	97.1600	2.8500	1	3.60E-02
0	101.3930	97.2680	2.8500	1	4.17E-02
0	101.8190	97.3770	2.8500	1	4.16E-02
0	101.7770	102.6410	2.8500	1	4.05E-02
0	101.6670	102.6750	2.8500	1	1.09E-02
0	101.3160	102.7610	2.8500	1	3.42E-02
0	100.9660	102.8460	2.8500	1	3.41E-02
0	101.3330	101.3000	2.8500	1	1.22E-02
0	101.4470	101.1890	2.8500	1	1.51E-02
0	101.4470	98.8110	2.8500	1	2.25E-01
0	101.2510	98.6160	2.8500	1	2.62E-02
0	101.8480	98.6060	2.8500	1	5.65E-02
0	101.9780	98.5540	2.8500	1	1.33E-02
0	102.0500	98.4340	2.8500	1	1.32E-02
0	102.0540	98.0320	2.8500	1	3.80E-02
0	102.0230	97.5930	2.8500	1	4.16E-02
0	101.8930	97.4120	2.8500	1	2.11E-02
0	102.1130	97.4860	2.8500	1	2.20E-02
0	102.6270	97.6840	2.8500	1	5.21E-02
0	103.1790	97.9780	2.8500	1	5.92E-02
0	103.6610	98.3080	2.8500	1	5.53E-02
0	104.2840	98.8700	2.8500	1	7.94E-02
0	104.7140	99.3780	2.8500	1	6.30E-02
0	105.1080	99.9830	2.8500	1	6.83E-02
0	105.0950	100.0680	2.8500	1	8.14E-03
0	104.6780	100.6890	2.8500	1	7.08E-02
0	103.9360	101.4720	2.8500	1	1.02E-01
0	103.3670	101.9040	2.8500	1	6.76E-02
0	102.7470	102.2600	2.8500	1	6.77E-02
0	101.7770	102.6410	2.8500	1	9.86E-02
0	101.9860	102.4850	2.8500	1	2.47E-02
0	102.0540	102.2990	2.8500	1	1.87E-02
0	102.0550	101.6130	2.8500	1	6.49E-02
0	101.9850	101.4520	2.8500	1	1.66E-02
0	101.8480	101.3940	2.8500	1	1.41E-02
0	101.2450	101.3840	2.8500	1	5.71E-02
0	101.2890	101.3420	2.8500	1	5.76E-03
0	101.7770	101.0600	2.8500	1	4.34E-03
0	101.7770	98.9400	2.8500	1	2.01E-01
0	101.9360	98.9120	2.8500	1	1.53E-02
0	102.2780	98.7090	2.8500	1	3.76E-02
0	102.3740	98.4480	2.8500	1	2.63E-02
0	102.3840	97.9480	2.8500	1	4.73E-02
0	102.4720	97.9760	2.8500	1	8.74E-03
0	102.9970	98.2520	2.8500	1	5.61E-02
0	103.4490	98.5600	2.8500	1	5.18E-02
0	103.9480	98.9920	2.8500	1	6.25E-02
0	104.3190	99.3900	2.8500	1	5.15E-02
0	104.7450	99.9980	2.8500	1	7.03E-02
0	104.4200	100.4830	2.8500	1	5.53E-02
0	103.7780	101.1600	2.8500	1	8.83E-02
0	103.3660	101.4920	2.8500	1	5.01E-02
0	102.8830	101.8030	2.8500	1	5.44E-02
0	102.3840	102.0550	2.8500	1	5.29E-02
0	102.3840	101.6260	2.8500	1	4.06E-02
0	102.3080	101.3450	2.8500	1	2.75E-02
0	102.1330	101.1660	2.8500	1	2.37E-02
0	101.9870	101.1230	2.8500	1	1.44E-02
0	102.2160	100.7260	2.8500	1	4.34E-02
0	102.2160	99.2620	2.8500	1	1.39E-01
0	102.4000	99.1680	2.8500	1	1.96E-02
0	102.6360	98.9640	2.8500	1	2.95E-02
0	102.7760	98.6330	2.8500	1	3.40E-02
0	103.1660	98.8960	2.8500	1	4.45E-02
0	103.6260	99.2920	2.8500	1	5.74E-02
0	103.9520	99.6420	2.8500	1	4.53E-02
0	104.2120	100.0040	2.8500	1	4.22E-02
0	104.0750	100.2070	2.8500	1	2.32E-02
0	103.5020	100.8130	2.8500	1	7.89E-02
0	103.2070	101.0600	2.8500	1	3.64E-02
0	102.7950	101.3460	2.8500	1	4.75E-02
0	102.7310	101.2020	2.8500	1	1.49E-02
0	102.5010	100.8880	2.8500	1	3.68E-02
0	102.4070	100.8340	2.8500	1	1.03E-02
0	102.6550	100.4680	2.8500	1	4.18E-02
0	102.6550	99.5240	2.8500	1	8.93E-02
0	102.9370	99.2780	2.8500	1	3.54E-02
0	103.3050	99.5910	2.8500	1	4.57E-02
0	103.6700	99.9960	2.8500	1	5.16E-02
0	103.3980	100.2830	2.8500	1	3.74E-02
0	102.9410	100.7110	2.8500	1	5.93E-02
0	102.8310	100.5980	2.8500	1	1.49E-02
0	99.2190	98.7180	2.8500	1	3.13E-02
0	98.6360	98.7920	2.8500	1	5.56E-02
0	98.1640	100.9520	2.8500	1	1.70E-02
0	98.0410	101	2.8500	1	1.25E-02
0	96.6300	100.9990	2.8500	1	1.34E-01
0	96.4670	100.9440	2.8500	1	1.63E-02
0	96.4360	100.8050	2.8500	1	1.35E-02
0	96.4360	99.1950	2.8500	1	1.52E-01
0	96.4710	99.0440	2.8500	1	1.47E-02
0	96.6300	99	2.8500	1	1.56E-02
0	98.0410	99	2.8500	1	1.34E-01
0	98.6360	101.2080	2.8500	1	1.76E-02
0	98.8860	101.2380	2.8500	1	2.38E-02
0	99.1360	101.2680	2.8500	1	2.38E-02
0	99.2190	101.2820	2.8500	1	7.97E-03
0	98.1640	100.9520	2.8500	1	8.50E-03
0	98.2230	100.8850	2.8500	1	8.45E-03
0	98.2820	100.8170	2.8500	1	8.52E-03
0	98.2650	100.7810	2.8500	1	3.77E-03
0	98.2480	100.7440	2.8500	1	3.85E-03
0	98.2310	100.7070	2.8500	1	3.85E-03
0	98.2310	99.1950	2.8500	1	1.43E-01
0	98.0410	99	2.8500	1	2.58E-02
0	98.4110	98.9960	2.8500	1	3.50E-02
0	98.5830	98.8850	2.8500	1	1.94E-02
0	98.6170	98.8970	2.8500	1	3.41E-03
0	98.6110	100.7070	2.8500	1	1.71E-01
0	98.5870	100.7560	2.8500	1	5.16E-03
0	98.5640	100.8050	2.8500	1	5.12E-03
0	98.5600	101.0230	2.8500	1	2.06E-02
0	98.4170	100.9530	2.8500	1	1.51E-02
0	98.2900	100.9530	2.8500	1	1.20E-02
0	98.2240	100.9530	2.8500	1	6.25E-03
0	98.2240	100.9530	2.9000	1	3.85E-04
0	101.0070	97.1560	2.9000	1	3.62E-02
0	101.2580	97.2190	2.9000	1	2.38E-02
0	101.5090	97.2810	2.9000	1	2.38E-02
0	101.8730	97.3810	2.9000	1	3.47E-02
0	101.8420	102.6330	2.9000	1	4.04E-02
0	101.7350	102.6700	2.9000	1	1.04E-02
0	101.3710	102.7600	2.9000	1	3.45E-02
0	101.0060	102.8510	2.9000	1	3.46E-02
0	101.3360	101.3020	2.9000	1	1.22E-02
0	101.4510	101.1910	2.9000	1	1.47E-02
0	101.4510	98.8090	2.9000	1	2.19E-01
0	101.2550	98.6140	2.9000	1	2.54E-02
0	101.8880	98.6030	2.9000	1	5.82E-02
0	102.0160	98.5530	2.9000	1	1.26E-02
0	102.0930	98.4160	2.9000	1	1.44E-02
0	102.0950	98.0150	2.9000	1	3.68E-02
0	102.0640	97.5950	2.9000	1	3.87E-02
0	101.9190	97.3970	2.9000	1	2.25E-02
0	102.1560	97.4880	2.9000	1	2.33E-02
0	102.6280	97.6680	2.9000	1	4.64E-02
0	103.1240	97.9250	2.9000	1	5.13E-02
0	103.6370	98.2650	2.9000	1	5.65E-02
0	104.1470	98.6940	2.9000	1	6.12E-02
0	104.6330	99.2200	2.9000	1	6.58E-02
0	105.0840	99.8740	2.9000	1	7.30E-02
0	105.1210	100.0700	2.9000	1	1.83E-02
0	104.7610	100.6100	2.9000	1	5.96E-02
0	104.4750	100.9670	2.9000	1	4.20E-02
0	104.0020	101.4390	2.9000	1	6.14E-02
0	103.4330	101.8800	2.9000	1	6.61E-02
0	102.8610	102.2190	2.9000	1	6.11E-02
0	102.3470	102.4460	2.9000	1	5.16E-02
0	101.8420	102.6330	2.9000	1	4.95E-02
0	102.0310	102.4730	2.9000	1	2.28E-02
0	102.0960	102.2820	2.9000	1	1.85E-02
0	102.0960	101.6170	2.9000	1	6.11E-02
0	102.0190	101.4500	2.9000	1	1.69E-02
0	101.8880	101.3970	2.9000	1	1.30E-02
0	101.2490	101.3860	2.9000	1	5.87E-02
0	101.2930	101.3430	2.9000	1	5.65E-03
0	102.4230	97.9480	2.9000	1	2.75E-02
0	102.9570	98.2100	2.9000	1	5.47E-02
0	103.4390	98.5290	2.9000	1	5.31E-02
0	103.9190	98.9330	2.9000	1	5.76E-02
0	104.3750	99.4260	2.9000	1	6.17E-02
0	104.7700	100.0010	2.9000	1	6.41E-02
0	104.4290	100.4970	2.9000	1	5.53E-02
0	103.8440	101.1250	2.9000	1	7.89E-02
0	103.4280	101.4670	2.9000	1	4.95E-02
0	102.9280	101.7970	2.9000	1	5.50E-02
0	102.4250	102.0510	2.9000	1	5.18E-02
0	102.4250	101.7510	2.9000	1	2.76E-02
0	102.3830	101.4220	2.9000	1	3.05E-02
0	102.2600	101.2330	2.9000	1	2.07E-02
0	101.9570	101.0820	2.9000	1	3.11E-02
0	101.7810	101.0610	2.9000	1	1.63E-02
0	101.7810	98.9390	2.9000	1	1.95E-01
0	101.9770	98.9090	2.9000	1	1.82E-02
0	102.3190	98.7060	2.9000	1	3.65E-02
0	102.4180	98.4630	2.9000	1	2.41E-02
0	102.4210	98.1680	2.9000	1	2.71E-02
0	102.8200	98.6460	2.9000	1	5.72E-02
0	103.1760	98.8810	2.9000	1	3.92E-02
0	103.6150	99.2510	2.9000	1	5.28E-02
0	104.0080	99.6770	2.9000	1	5.33E-02
0	104.2400	100.0050	2.9000	1	3.69E-02
0	104.1080	100.1980	2.9000	1	2.15E-02
0	103.5600	100.7860	2.9000	1	7.39E-02
0	103.2620	101.0400	2.9000	1	3.60E-02
0	102.8180	101.3510	2.9000	1	4.98E-02
0	102.7600	101.1800	2.9000	1	1.66E-02
0	102.5240	100.8750	2.9000	1	3.54E-02
0	102.2200	100.7130	2.9000	1	3.17E-02
0	102.2200	99.2780	2.9000	1	1.32E-01
0	102.4400	99.1650	2.9000	1	2.27E-02
0	102.6770	98.9600	2.9000	1	2.88E-02
0	102.7290	98.8460	2.9000	1	1.15E-02
0	102.9690	99.2820	2.9000	1	4.57E-02
0	103.3280	99.5880	2.9000	1	4.33E-02
0	103.6980	99.9930	2.9000	1	5.04E-02
0	103.4220	100.2900	2.9000	1	3.73E-02
0	102.9680	100.7120	2.9000	1	5.70E-02
0	102.8140	100.5460	2.9000	1	2.08E-02
0	102.6590	100.4470	2.9000	1	1.69E-02
0	102.6590	99.5440	2.9000	1	8.30E-02
0	102.8020	99.4240	2.9000	1	1.72E-02
0	103.1530	99.9750	2.9000	1	6.00E-02
0	103.1140	99.9360	2.9000	1	5.07E-03
0	103.0610	99.9500	2.9000	1	5.04E-03
0	103.0460	100.0040	2.9000	1	5.15E-03
0	103.0850	100.0430	2.9000	1	5.07E-03
0	103.1390	100.0290	2.9000	1	5.13E-03
0	99.2180	98.7170	2.9000	1	3.18E-02
0	98.6350	98.7910	2.9000	1	5.40E-02
0	98.1640	100.9520	2.9000	1	1.70E-02
0	98.0410	101	2.9000	1	1.21E-02
0	96.6300	100.9990	2.9000	1	1.30E-01
0	96.4670	100.9440	2.9000	1	1.58E-02
0	96.4360	100.8050	2.9000	1	1.31E-02
0	96.4360	99.1950	2.9000	1	1.48E-01
0	96.4710	99.0440	2.9000	1	1.42E-02
0	96.6300	99	2.9000	1	1.52E-02
0	98.0410	99	2.9000	1	1.30E-01
0	98.6350	101.2090	2.9000	1	1.76E-02
0	98.8850	101.2390	2.9000	1	2.31E-02
0	99.1340	101.2690	2.9000	1	2.30E-02
0	99.2180	101.2830	2.9000	1	7.82E-03
0	98.1640	100.9520	2.9000	1	8.50E-03
0	98.2240	100.8850	2.9000	1	8.26E-03
0	98.2830	100.8180	2.9000	1	8.20E-03
0	98.2650	100.7810	2.9000	1	3.78E-03
0	98.2480	100.7430	2.9000	1	3.83E-03
0	98.2310	100.7060	2.9000	1	3.74E-03
0	98.2310	99.1950	2.9000	1	1.39E-01
0	98.0410	99	2.9000	1	2.50E-02
0	98.4100	98.9950	2.9000	1	3.39E-02
0	98.5820	98.8850	2.9000	1	1.88E-02
0	98.6160	98.8970	2.9000	1	3.31E-03
0	98.6100	100.7060	2.9000	1	1.66E-01
0	98.5860	100.7550	2.9000	1	5.01E-03
0	98.5630	100.8050	2.9000	1	5.06E-03
0	98.5580	101.0230	2.9000	1	2.00E-02
0	98.4160	100.9530	2.9000	1	1.45E-02
0	98.2900	100.9530	2.9000	1	1.16E-02
0	98.2240	100.9520	2.9000	1	6.07E-03
0	98.2240	100.9520	2.9500	1	3.85E-04
0	101.0460	97.1530	2.9500	1	3.64E-02
0	101.3350	97.2250	2.9500	1	2.75E-02
0	101.6250	97.2960	2.9500	1	2.76E-02
0	101.9790	97.4080	2.9500	1	3.43E-02
0	101.8740	102.6380	2.9500	1	4.02E-02
0	101.8050	102.6640	2.9500	1	6.82E-03
0	101.4270	102.7570	2.9500	1	3.60E-02
0	101.0490	102.8510	2.9500	1	3.60E-02
0	101.3400	101.3030	2.9500	1	1.21E-02
0	101.4550	101.1920	2.9500	1	1.48E-02
0	101.4550	98.8080	2.9500	1	2.20E-01
0	101.2590	98.6130	2.9500	1	2.56E-02
0	101.9840	98.5960	2.9500	1	6.70E-02
0	102.1020	98.5530	2.9500	1	1.16E-02
0	102.1910	98.3890	2.9500	1	1.73E-02
0	102.1910	97.9080	2.9500	1	4.45E-02
0	102.1540	97.6270	2.9500	1	2.62E-02
0	101.9790	97.4080	2.9500	1	2.59E-02
0	102.0740	97.4440	2.9500	1	9.39E-03
0	102.5990	97.6400	2.9500	1	5.18E-02
0	103.1020	97.8950	2.9500	1	5.21E-02
0	103.6190	98.2310	2.9500	1	5.70E-02
0	104.1340	98.6570	2.9500	1	6.18E-02
0	104.6220	99.1750	2.9500	1	6.58E-02
0	105.0610	99.7930	2.9500	1	7.01E-02
0	105.1540	100.0450	2.9500	1	2.48E-02
0	104.5340	100.9300	2.9500	1	9.99E-02
0	104.0250	101.4420	2.9500	1	6.67E-02
0	103.4560	101.8840	2.9500	1	6.66E-02
0	102.9110	102.2080	2.9500	1	5.86E-02
0	102.4480	102.4180	2.9500	1	4.70E-02
0	101.8740	102.6380	2.9500	1	5.68E-02
0	102.0820	102.4870	2.9500	1	2.38E-02
0	102.1910	102.2520	2.9500	1	2.39E-02
0	102.1910	101.6230	2.9500	1	5.82E-02
0	102.1150	101.4560	2.9500	1	1.70E-02
0	101.9840	101.4040	2.9500	1	1.30E-02
0	101.2530	101.3870	2.9500	1	6.76E-02
0	101.2970	101.3450	2.9500	1	5.62E-03
0	101.7850	99.1570	2.9500	1	1.72E-02
0	101.7850	101.0630	2.9500	1	1.76E-01
0	102.0480	101.0870	2.9500	1	2.44E-02
0	102.3370	101.2240	2.9500	1	2.96E-02
0	102.4830	101.4390	2.9500	1	2.40E-02
0	102.5210	101.7980	2.9500	1	3.34E-02
0	102.5210	102.0250	2.9500	1	2.10E-02
0	102.9750	101.7860	2.9500	1	4.74E-02
0	103.4610	101.4630	2.9500	1	5.39E-02
0	103.8580	101.1430	2.9500	1	4.71E-02
0	104.2880	100.7090	2.9500	1	5.65E-02
0	104.8000	99.9940	2.9500	1	8.13E-02
0	104.3670	99.3850	2.9500	1	6.91E-02
0	103.9620	98.9540	2.9500	1	5.47E-02
0	103.4540	98.5220	2.9500	1	6.17E-02
0	102.9500	98.1890	2.9500	1	5.58E-02
0	102.5210	97.9700	2.9500	1	4.45E-02
0	102.5090	98.4520	2.9500	1	4.46E-02
0	102.4020	98.7100	2.9500	1	2.58E-02
0	102.2460	98.8420	2.9500	1	1.89E-02
0	101.9860	98.9260	2.9500	1	2.53E-02
0	101.7850	98.9370	2.9500	1	1.86E-02
0	102.2240	99.3170	2.9500	1	5.37E-02
0	102.5610	99.1670	2.9500	1	3.41E-02
0	102.7950	98.9190	2.9500	1	3.15E-02
0	102.8970	98.6790	2.9500	1	2.41E-02
0	103.1750	98.8610	2.9500	1	3.07E-02
0	103.6420	99.2550	2.9500	1	5.65E-02
0	103.9490	99.5820	2.9500	1	4.15E-02
0	104.2680	100.0040	2.9500	1	4.89E-02
0	104.1560	100.1740	2.9500	1	1.88E-02
0	103.7500	100.6280	2.9500	1	5.63E-02
0	103.3180	101.0180	2.9500	1	5.38E-02
0	102.9030	101.3180	2.9500	1	4.73E-02
0	102.8640	101.2040	2.9500	1	1.11E-02
0	102.6010	100.8670	2.9500	1	3.95E-02
0	102.2240	100.6830	2.9500	1	3.88E-02
0	102.2240	99.5360	2.9500	1	1.06E-01
0	102.6630	99.6050	2.9500	1	4.11E-02
0	102.8210	99.5210	2.9500	1	1.65E-02
0	103.0370	99.3170	2.9500	1	2.75E-02
0	103.3320	99.5670	2.9500	1	3.57E-02
0	103.7290	100.0030	2.9500	1	5.45E-02
0	103.4380	100.3180	2.9500	1	3.96E-02
0	103.0490	100.6710	2.9500	1	4.86E-02
0	102.8900	100.5360	2.9500	1	1.93E-02
0	102.6630	100.3960	2.9500	1	2.47E-02
0	102.6630	99.8240	2.9500	1	5.29E-02
0	103.1010	99.9430	2.9500	1	4.20E-02
0	103.0600	99.9840	2.9500	1	5.36E-03
0	103.0750	100.0410	2.9500	1	5.45E-03
0	103.1320	100.0560	2.9500	1	5.45E-03
0	103.1730	100.0140	2.9500	1	5.43E-03
0	103.1580	99.9580	2.9500	1	5.36E-03
0	99.2170	98.7150	2.9500	1	3.18E-02
0	98.6330	98.7900	2.9500	1	5.44E-02
0	98.1650	100.9520	2.9500	1	1.70E-02
0	98.0410	101	2.9500	1	1.23E-02
0	96.6300	100.9990	2.9500	1	1.30E-01
0	96.4670	100.9440	2.9500	1	1.59E-02
0	96.4360	100.8050	2.9500	1	1.32E-02
0	96.4360	99.1950	2.9500	1	1.49E-01
0	96.4710	99.0440	2.9500	1	1.43E-02
0	96.6300	99	2.9500	1	1.53E-02
0	98.0410	99	2.9500	1	1.30E-01
0	98.6330	101.2100	2.9500	1	1.76E-02
0	98.8830	101.2400	2.9500	1	2.33E-02
0	99.1330	101.2710	2.9500	1	2.33E-02
0	99.2170	101.2850	2.9500	1	7.87E-03
0	98.1650	100.9520	2.9500	1	8.49E-03
0	98.2240	100.8850	2.9500	1	8.25E-03
0	98.2830	100.8190	2.9500	1	8.18E-03
0	98.2650	100.7810	2.9500	1	3.89E-03
0	98.2480	100.7430	2.9500	1	3.85E-03
0	98.2310	100.7050	2.9500	1	3.85E-03
0	98.2310	99.1950	2.9500	1	1.40E-01
0	98.0410	99	2.9500	1	2.52E-02
0	98.4080	98.9950	2.9500	1	3.39E-02
0	98.5810	98.8840	2.9500	1	1.90E-02
0	98.6150	98.8960	2.9500	1	3.33E-03
0	98.6090	100.7050	2.9500	1	1.67E-01
0	98.5850	100.7550	2.9500	1	5.13E-03
0	98.5610	100.8050	2.9500	1	5.13E-03
0	98.5560	101.0230	2.9500	1	2.02E-02
0	98.4160	100.9530	2.9500	1	1.45E-02
0	98.2900	100.9520	2.9500	1	1.16E-02
0	98.2250	100.9520	2.9500	1	6.01E-03
0	98.2250	100.9520	3	1	3.85E-04
0	101.1060	97.1640	3	1	3.66E-02
0	101.4640	97.2490	3	1	3.32E-02
0	101.8230	97.3330	3	1	3.33E-02
0	102.0050	97.4100	3	1	1.78E-02
0	102.1870	97.4870	3	1	1.78E-02
0	101.9180	102.6350	3	1	3.97E-02
0	101.7760	102.6810	3	1	1.35E-02
0	101.0900	102.8590	3	1	6.39E-02
0	101.3440	101.3050	3	1	1.21E-02
0	101.4590	101.1940	3	1	1.44E-02
0	101.4500	100.2340	3	1	8.66E-02
0	101.3090	100.0890	3	1	1.82E-02
0	101.3090	99.9110	3	1	1.61E-02
0	101.3690	99.8830	3	1	5.97E-03
0	101.4590	99.7050	3	1	1.80E-02
0	101.4590	98.8060	3	1	8.11E-02
0	101.2630	98.6110	3	1	2.49E-02
0	102.2170	98.6080	3	1	8.61E-02
0	102.3300	98.5100	3	1	1.35E-02
0	102.3580	98.3370	3	1	1.58E-02
0	102.3280	97.6740	3	1	5.99E-02
0	102.1870	97.4870	3	1	2.11E-02
0	102.6120	97.6350	3	1	4.06E-02
0	103.2030	97.9430	3	1	6.01E-02
0	103.6810	98.2610	3	1	5.18E-02
0	104.3460	98.8530	3	1	8.03E-02
0	104.8110	99.4080	3	1	6.53E-02
0	105.1880	100.0040	3	1	6.36E-02
0	105.0940	100.1830	3	1	1.82E-02
0	104.5570	100.9310	3	1	8.31E-02
0	104.0480	101.4450	3	1	6.53E-02
0	103.5520	101.8330	3	1	5.68E-02
0	103.1610	102.0770	3	1	4.16E-02
0	102.5190	102.3990	3	1	6.48E-02
0	101.9180	102.6350	3	1	5.83E-02
0	102.2340	102.4510	3	1	3.30E-02
0	102.3340	102.2760	3	1	1.82E-02
0	102.3410	101.5140	3	1	6.88E-02
0	102.2550	101.4120	3	1	1.20E-02
0	101.2570	101.3890	3	1	9.01E-02
0	101.3010	101.3460	3	1	5.55E-03
0	103.2170	101.3750	3	1	1.47E-02
0	102.7670	101.8250	3	1	5.74E-02
0	102.6530	101.8820	3	1	1.15E-02
0	102.6630	101.6070	3	1	2.48E-02
0	102.6240	101.3950	3	1	1.94E-02
0	103.0440	100.9750	3	1	5.36E-02
0	103.0440	100.4020	3	1	5.17E-02
0	102.3340	101.1120	3	1	9.06E-02
0	101.7860	101.0870	3	1	4.95E-02
0	103.0440	99.8290	3	1	1.61E-01
0	103.0440	99.2560	3	1	5.17E-02
0	101.7620	100.5380	3	1	1.64E-01
0	101.7620	100.1680	3	1	3.34E-02
0	101.6780	100.0490	3	1	1.31E-02
0	103.0440	98.6830	3	1	1.74E-01
0	103.0030	98.4710	3	1	1.95E-02
0	102.8910	98.2630	3	1	2.13E-02
0	101.5870	99.5670	3	1	1.66E-01
0	103.4230	98.4790	3	1	1.64E-02
0	103.9320	98.8960	3	1	5.94E-02
0	104.3620	99.3480	3	1	5.63E-02
0	104.8210	99.9990	3	1	7.19E-02
0	104.2940	100.7290	3	1	8.12E-02
0	103.8290	101.1980	3	1	5.96E-02
0	103.4130	101.5230	3	1	4.76E-02
0	103.4590	101.3160	3	1	1.91E-02
0	103.4570	98.6950	3	1	2.36E-01
0	103.8760	99.4440	3	1	7.74E-02
0	104.3150	100.0080	3	1	6.45E-02
0	103.8770	100.5550	3	1	6.32E-02
0	103.8760	99.6640	3	1	8.04E-02
0	102.9720	101.9910	3	1	1.92E-02
0	102.8690	102.0490	3	1	1.07E-02
0	102.5380	102.1710	3	1	3.18E-02
0	99.2150	98.7140	3	1	3.69E-02
0	98.6320	98.7890	3	1	5.30E-02
0	98.1660	100.9520	3	1	1.70E-02
0	98.0410	101	3	1	1.21E-02
0	96.6300	100.9990	3	1	1.27E-01
0	96.4670	100.9440	3	1	1.55E-02
0	96.4360	100.8050	3	1	1.28E-02
0	96.4360	99.1950	3	1	1.45E-01
0	96.4710	99.0440	3	1	1.40E-02
0	96.6300	99	3	1	1.49E-02
0	98.0410	99	3	1	1.27E-01
0	98.6320	101.2110	3	1	1.76E-02
0	98.8820	101.2420	3	1	2.27E-02
0	99.1320	101.2720	3	1	2.27E-02
0	99.2150	101.2860	3	1	7.59E-03
0	98.1660	100.9520	3	1	8.47E-03
0	98.2250	100.8860	3	1	7.99E-03
0	98.2830	100.8200	3	1	7.93E-03
0	98.2660	100.7810	3	1	3.84E-03
0	98.2480	100.7430	3	1	3.79E-03
0	98.2300	100.7040	3	1	3.88E-03
0	98.2300	99.1950	3	1	1.36E-01
0	98.0410	99	3	1	2.45E-02
0	98.4070	98.9950	3	1	3.30E-02
0	98.5790	98.8830	3	1	1.85E-02
0	98.6140	98.8950	3	1	3.34E-03
0	98.6080	100.7040	3	1	1.63E-01
0	98.5840	100.7550	3	1	5.09E-03
0	98.5600	100.8050	3	1	5.00E-03
0	98.5540	101.0220	3	1	1.96E-02
0	98.4150	100.9520	3	1	1.40E-02
0	98.2900	100.9520	3	1	1.13E-02
0	98.2260	100.9520	3	1	5.77E-03
0	98.2260	100.9520	3.0500	1	3.85E-04
0	99.2140	98.7130	3.0500	1	1.88E-02
0	98.6310	98.7870	3.0500	1	5.77E-02
0	98.1670	100.9510	3.0500	1	1.70E-02
0	98.0410	101	3.0500	1	1.33E-02
0	96.6300	100.9990	3.0500	1	1.39E-01
0	96.4670	100.9440	3.0500	1	1.69E-02
0	96.4360	100.8050	3.0500	1	1.40E-02
0	96.4360	99.1950	3.0500	1	1.58E-01
0	96.4710	99.0440	3.0500	1	1.52E-02
0	96.6300	99	3.0500	1	1.62E-02
0	98.0410	99	3.0500	1	1.39E-01
0	98.6310	101.2130	3.0500	1	1.76E-02
0	98.8810	101.2430	3.0500	1	2.47E-02
0	99.1300	101.2730	3.0500	1	2.46E-02
0	99.2140	101.2870	3.0500	1	8.36E-03
0	98.1670	100.9510	3.0500	1	8.46E-03
0	98.2250	100.8860	3.0500	1	8.55E-03
0	98.2830	100.8210	3.0500	1	8.55E-03
0	98.2660	100.7820	3.0500	1	4.18E-03
0	98.2480	100.7420	3.0500	1	4.31E-03
0	98.2300	100.7030	3.0500	1	4.22E-03
0	98.2300	99.1950	3.0500	1	1.48E-01
0	98.0410	99	3.0500	1	2.67E-02
0	98.4060	98.9940	3.0500	1	3.58E-02
0	98.5780	98.8830	3.0500	1	2.01E-02
0	98.6120	98.8950	3.0500	1	3.54E-03
0	98.6070	99.1950	3.0500	1	2.95E-02
0	98.6070	100.7030	3.0500	1	1.48E-01
0	98.5830	100.7540	3.0500	1	5.54E-03
0	98.5590	100.8050	3.0500	1	5.54E-03
0	98.5530	101.0220	3.0500	1	2.13E-02
0	98.4140	100.9520	3.0500	1	1.53E-02
0	98.2900	100.9520	3.0500	1	1.22E-02
0	98.2270	100.9510	3.0500	1	6.19E-03
0	101.3490	101.3060	3.0500	1	2.42E-02
0	101.3630	101.2930	3.0500	1	1.88E-03
0	101.4660	101.1950	3.0500	1	1.40E-02
0	101.4660	100.4240	3.0500	1	7.57E-02
0	101.4470	100.3320	3.0500	1	9.23E-03
0	101.4280	100.2410	3.0500	1	9.13E-03
0	101.3530	100.1970	3.0500	1	8.54E-03
0	101.3530	99.7990	3.0500	1	3.91E-02
0	101.4280	99.7590	3.0500	1	8.35E-03
0	101.4470	99.6680	3.0500	1	9.13E-03
0	101.4660	99.5760	3.0500	1	9.23E-03
0	101.4650	98.8350	3.0500	1	7.28E-02
0	101.3660	98.7220	3.0500	1	1.48E-02
0	101.2670	98.6100	3.0500	1	1.47E-02
0	101.5880	98.6050	3.0500	1	3.15E-02
0	101.9090	98.6000	3.0500	1	3.15E-02
0	101.9090	98.8340	3.0500	1	2.30E-02
0	101.9100	99.5760	3.0500	1	7.29E-02
0	101.8910	99.7590	3.0500	1	1.81E-02
0	101.8730	99.9420	3.0500	1	1.81E-02
0	101.8920	100.1830	3.0500	1	2.37E-02
0	101.9110	100.4230	3.0500	1	2.36E-02
0	101.9110	101.3960	3.0500	1	9.55E-02
0	101.5860	101.3930	3.0500	1	3.19E-02
0	101.2600	101.3900	3.0500	1	3.20E-02
0	101.3050	101.3480	3.0500	1	6.04E-03
0	101.1350	97.1550	3.0500	1	3.23E-02
0	101.5280	97.2520	3.0500	1	3.98E-02
0	101.9210	97.3480	3.0500	1	3.97E-02
0	102.2630	97.4860	3.0500	1	3.62E-02
0	102.2860	102.5070	3.0500	1	3.86E-02
0	101.8450	102.6730	3.0500	1	4.63E-02
0	101.1370	102.8470	3.0500	1	7.16E-02
0	102.2860	102.5070	3.0500	1	9.22E-03
0	102.4770	102.2960	3.0500	1	2.79E-02
0	102.5250	102.1580	3.0500	1	1.43E-02
0	102.5220	97.8230	3.0500	1	4.26E-01
0	102.4760	97.6900	3.0500	1	1.38E-02
0	102.2630	97.4860	3.0500	1	2.90E-02
0	102.5550	97.5940	3.0500	1	3.06E-02
0	103.1020	97.8640	3.0500	1	5.99E-02
0	103.6220	98.1950	3.0500	1	6.05E-02
0	104.1570	98.6310	3.0500	1	6.78E-02
0	104.5840	99.0780	3.0500	1	6.07E-02
0	104.8350	99.4060	3.0500	1	4.06E-02
0	105.2070	99.9730	3.0500	1	6.66E-02
0	105.1990	100.0600	3.0500	1	8.58E-03
0	104.8630	100.5750	3.0500	1	6.04E-02
0	104.5380	100.9750	3.0500	1	5.06E-02
0	104.0240	101.4830	3.0500	1	7.10E-02
0	103.4680	101.9090	3.0500	1	6.88E-02
0	102.7540	102.3060	3.0500	1	8.02E-02
0	102.3410	102.4830	3.0500	1	4.41E-02
0	102.8540	101.8940	3.0500	1	6.01E-03
0	102.8520	98.1080	3.0500	1	3.72E-01
0	103.4460	98.4760	3.0500	1	6.86E-02
0	103.9610	98.9030	3.0500	1	6.57E-02
0	104.3850	99.3480	3.0500	1	6.04E-02
0	104.8450	99.9990	3.0500	1	7.83E-02
0	104.3350	100.7120	3.0500	1	8.61E-02
0	103.8520	101.1990	3.0500	1	6.74E-02
0	103.3140	101.6180	3.0500	1	6.70E-02
0	103.0420	101.7810	3.0500	1	3.11E-02
0	103.2930	101.0780	3.0500	1	7.33E-02
0	103.2920	98.9170	3.0500	1	2.12E-01
0	103.6430	99.2060	3.0500	1	4.46E-02
0	104.0240	99.6050	3.0500	1	5.42E-02
0	104.3140	100.0080	3.0500	1	4.88E-02
0	104.0070	100.4190	3.0500	1	5.04E-02
0	103.5670	100.8630	3.0500	1	6.14E-02
0	103.4660	100.9420	3.0500	1	1.26E-02
0	103.7350	99.9480	3.0500	1	7.92E-03
0	103.6930	99.9910	3.0500	1	5.90E-03
0	103.7090	100.0480	3.0500	1	5.81E-03
0	103.7660	100.0640	3.0500	1	5.81E-03
0	103.8090	100.0220	3.0500	1	5.90E-03
0	103.7930	99.9640	3.0500	1	5.91E-03
0	103.7930	99.9640	3.1000	1	3.85E-04
0	99.2130	98.7120	3.1000	1	3.65E-02
0	98.6300	98.7860	3.1000	1	5.88E-02
0	98.1670	100.9510	3.1000	1	1.70E-02
0	98.0410	101	3.1000	1	1.35E-02
0	96.6300	100.9990	3.1000	1	1.41E-01
0	96.4670	100.9440	3.1000	1	1.72E-02
0	96.4360	100.8050	3.1000	1	1.42E-02
0	96.4360	99.1950	3.1000	1	1.61E-01
0	96.4710	99.0440	3.1000	1	1.55E-02
0	96.6300	99	3.1000	1	1.65E-02
0	98.0410	99	3.1000	1	1.41E-01
0	98.6300	101.2140	3.1000	1	1.76E-02
0	98.8790	101.2440	3.1000	1	2.51E-02
0	99.1290	101.2740	3.1000	1	2.52E-02
0	99.2130	101.2880	3.1000	1	8.52E-03
0	98.1670	100.9510	3.1000	1	8.45E-03
0	98.2260	100.8860	3.1000	1	8.78E-03
0	98.2840	100.8220	3.1000	1	8.64E-03
0	98.2660	100.7820	3.1000	1	4.39E-03
0	98.2480	100.7420	3.1000	1	4.39E-03
0	98.2300	100.7020	3.1000	1	4.39E-03
0	98.2300	99.1950	3.1000	1	1.51E-01
0	98.0410	99	3.1000	1	2.72E-02
0	98.4040	98.9940	3.1000	1	3.63E-02
0	98.5760	98.8820	3.1000	1	2.05E-02
0	98.6110	98.8940	3.1000	1	3.70E-03
0	98.6060	99.1950	3.1000	1	3.01E-02
0	98.6060	100.7020	3.1000	1	1.51E-01
0	98.5820	100.7540	3.1000	1	5.73E-03
0	98.5570	100.8050	3.1000	1	5.68E-03
0	98.5510	101.0220	3.1000	1	2.17E-02
0	98.4130	100.9520	3.1000	1	1.55E-02
0	98.2900	100.9510	3.1000	1	1.23E-02
0	98.2270	100.9510	3.1000	1	6.30E-03
0	101.3520	101.3080	3.1000	1	2.42E-02
0	101.3670	101.2940	3.1000	1	2.05E-03
0	101.4700	101.1970	3.1000	1	1.41E-02
0	101.4700	100.5160	3.1000	1	6.81E-02
0	101.4510	100.4240	3.1000	1	9.39E-03
0	101.4320	100.3330	3.1000	1	9.30E-03
0	101.3570	100.2960	3.1000	1	8.36E-03
0	101.3570	99.7040	3.1000	1	5.92E-02
0	101.4320	99.6670	3.1000	1	8.36E-03
0	101.4510	99.5760	3.1000	1	9.30E-03
0	101.4700	99.4840	3.1000	1	9.39E-03
0	101.4690	98.8330	3.1000	1	6.51E-02
0	101.3700	98.7210	3.1000	1	1.49E-02
0	101.2710	98.6080	3.1000	1	1.50E-02
0	101.5920	98.6030	3.1000	1	3.21E-02
0	101.9130	98.5990	3.1000	1	3.21E-02
0	101.9130	98.8330	3.1000	1	2.34E-02
0	101.9140	99.4840	3.1000	1	6.51E-02
0	101.8950	99.6670	3.1000	1	1.84E-02
0	101.8760	99.8500	3.1000	1	1.84E-02
0	101.8950	100.1830	3.1000	1	3.34E-02
0	101.9150	100.5160	3.1000	1	3.34E-02
0	101.9150	101.3970	3.1000	1	8.81E-02
0	101.5890	101.3950	3.1000	1	3.26E-02
0	101.2640	101.3920	3.1000	1	3.25E-02
0	101.3090	101.3490	3.1000	1	6.22E-03
0	102.4490	102.4570	3.1000	1	1.22E-02
0	102.3880	102.4860	3.1000	1	6.75E-03
0	101.8650	102.6760	3.1000	1	5.56E-02
0	101.1730	102.8490	3.1000	1	7.13E-02
0	101.1700	97.1500	3.1000	1	4.38E-02
0	101.9080	97.3360	3.1000	1	7.61E-02
0	102.4060	97.5220	3.1000	1	5.32E-02
0	102.4490	102.4570	3.1000	1	3.80E-02
0	102.6460	102.2380	3.1000	1	2.95E-02
0	102.6920	102.1030	3.1000	1	1.43E-02
0	102.6890	97.8780	3.1000	1	4.23E-01
0	102.6280	97.7270	3.1000	1	1.63E-02
0	102.4060	97.5220	3.1000	1	3.02E-02
0	102.5280	97.5660	3.1000	1	1.30E-02
0	103.1240	97.8610	3.1000	1	6.65E-02
0	103.6440	98.1920	3.1000	1	6.16E-02
0	104.2030	98.6510	3.1000	1	7.23E-02
0	104.6110	99.0820	3.1000	1	5.93E-02
0	104.8580	99.4060	3.1000	1	4.07E-02
0	105.2300	99.9730	3.1000	1	6.78E-02
0	105.2220	100.0610	3.1000	1	8.84E-03
0	104.8860	100.5750	3.1000	1	6.14E-02
0	104.5640	100.9730	3.1000	1	5.12E-02
0	104.0520	101.4810	3.1000	1	7.21E-02
0	103.5370	101.8800	3.1000	1	6.51E-02
0	102.9140	102.2460	3.1000	1	7.23E-02
0	102.5030	102.4330	3.1000	1	4.52E-02
0	103.0190	98.1850	3.1000	1	3.29E-02
0	103.4500	98.4600	3.1000	1	5.11E-02
0	103.9780	98.8930	3.1000	1	6.83E-02
0	104.4080	99.3460	3.1000	1	6.25E-02
0	104.8690	99.9990	3.1000	1	7.99E-02
0	104.6100	100.3960	3.1000	1	4.74E-02
0	104.3300	100.7410	3.1000	1	4.44E-02
0	103.8730	101.2020	3.1000	1	6.49E-02
0	103.3880	101.5830	3.1000	1	6.17E-02
0	103.0210	101.8080	3.1000	1	4.30E-02
0	103.0190	98.4050	3.1000	1	3.40E-01
0	103.4590	99.0350	3.1000	1	7.68E-02
0	103.6780	99.2150	3.1000	1	2.83E-02
0	104.0500	99.6070	3.1000	1	5.40E-02
0	104.3380	100.0090	3.1000	1	4.95E-02
0	104.0180	100.4320	3.1000	1	5.30E-02
0	103.4600	100.9680	3.1000	1	7.74E-02
0	103.4590	99.2550	3.1000	1	1.71E-01
0	103.4590	99.2550	3.1500	1	3.85E-04
0	99.2120	101.2900	3.1500	1	3.62E-02
0	99.1280	101.2750	3.1500	1	8.53E-03
0	98.8780	101.2450	3.1500	1	2.52E-02
0	98.6280	101.2150	3.1500	1	2.52E-02
0	98.6130	101.1380	3.1500	1	7.84E-03
0	98.5980	101.0620	3.1500	1	7.75E-03
0	98.6010	98.9380	3.1500	1	2.12E-01
0	98.6170	98.8600	3.1500	1	7.96E-03
0	98.6330	98.7810	3.1500	1	8.06E-03
0	99.2120	98.7110	3.1500	1	5.83E-02
0	101.3560	101.3100	3.1500	1	2.59E-02
0	101.3710	101.2960	3.1500	1	2.05E-03
0	101.4740	101.1980	3.1500	1	1.42E-02
0	101.4740	100.5910	3.1500	1	6.07E-02
0	101.4550	100.4990	3.1500	1	9.39E-03
0	101.4360	100.4080	3.1500	1	9.30E-03
0	101.3610	100.3710	3.1500	1	8.36E-03
0	101.3610	99.6290	3.1500	1	7.42E-02
0	101.4360	99.5920	3.1500	1	8.36E-03
0	101.4550	99.5010	3.1500	1	9.30E-03
0	101.4740	99.4090	3.1500	1	9.39E-03
0	101.4730	98.8320	3.1500	1	5.77E-02
0	101.3740	98.7190	3.1500	1	1.50E-02
0	101.2750	98.6070	3.1500	1	1.49E-02
0	101.5960	98.6020	3.1500	1	3.21E-02
0	101.9170	98.5970	3.1500	1	3.21E-02
0	101.9170	98.8310	3.1500	1	2.34E-02
0	101.9180	99.4090	3.1500	1	5.78E-02
0	101.8990	99.5920	3.1500	1	1.84E-02
0	101.8800	99.7750	3.1500	1	1.84E-02
0	101.8990	100.1830	3.1500	1	4.08E-02
0	101.9190	100.5900	3.1500	1	4.07E-02
0	101.9190	101.3990	3.1500	1	8.09E-02
0	101.5930	101.3960	3.1500	1	3.26E-02
0	101.2680	101.3930	3.1500	1	3.25E-02
0	101.3130	101.3510	3.1500	1	6.16E-03
0	102.6420	102.3840	3.1500	1	1.29E-02
0	102.4120	102.4980	3.1500	1	2.57E-02
0	101.8850	102.6800	3.1500	1	5.58E-02
0	101.2080	102.8510	3.1500	1	6.98E-02
0	101.2050	97.1470	3.1500	1	4.39E-02
0	101.9770	97.3470	3.1500	1	7.97E-02
0	102.5470	97.5620	3.1500	1	6.09E-02
0	102.6090	97.5940	3.1500	1	6.98E-03
0	102.6420	102.3840	3.1500	1	3.68E-02
0	102.8140	102.1730	3.1500	1	2.72E-02
0	102.8580	102.0420	3.1500	1	1.38E-02
0	102.8560	97.9760	3.1500	1	4.07E-01
0	102.7980	97.7910	3.1500	1	1.94E-02
0	102.6090	97.5940	3.1500	1	2.73E-02
0	103.0990	97.8330	3.1500	1	5.45E-02
0	103.6660	98.1910	3.1500	1	6.71E-02
0	104.1860	98.6140	3.1500	1	6.70E-02
0	104.6350	99.0840	3.1500	1	6.50E-02
0	104.8800	99.4050	3.1500	1	4.04E-02
0	105.2580	100.0040	3.1500	1	7.08E-02
0	105.1640	100.1840	3.1500	1	2.03E-02
0	104.6250	100.9350	3.1500	1	9.24E-02
0	104.1150	101.4500	3.1500	1	7.25E-02
0	103.5870	101.8650	3.1500	1	6.72E-02
0	103.0850	102.1700	3.1500	1	5.87E-02
0	102.6960	102.3580	3.1500	1	4.32E-02
0	103.1860	98.4970	3.1500	1	2.99E-02
0	103.1870	101.7220	3.1500	1	3.23E-01
0	103.8740	101.2200	3.1500	1	8.51E-02
0	104.3550	100.7390	3.1500	1	6.80E-02
0	104.6320	100.3960	3.1500	1	4.41E-02
0	104.8920	99.9990	3.1500	1	4.75E-02
0	104.4300	99.3460	3.1500	1	8.00E-02
0	103.9830	98.8780	3.1500	1	6.47E-02
0	103.4660	98.4560	3.1500	1	6.67E-02
0	103.1860	98.2770	3.1500	1	3.32E-02
0	103.6810	99.2790	3.1500	1	8.60E-03
0	104.0370	99.6510	3.1500	1	5.15E-02
0	104.2930	100.0100	3.1500	1	4.41E-02
0	104.1710	100.1840	3.1500	1	2.13E-02
0	103.6820	100.7150	3.1500	1	7.22E-02
0	103.6810	99.4990	3.1500	1	1.22E-01
0	103.6810	99.4990	3.2000	1	3.85E-04
0	99.2100	101.2910	3.2000	1	3.71E-02
0	99.1260	101.2770	3.2000	1	8.52E-03
0	98.8770	101.2470	3.2000	1	2.51E-02
0	98.6270	101.2160	3.2000	1	2.52E-02
0	98.6120	101.1400	3.2000	1	7.75E-03
0	98.5970	101.0630	3.2000	1	7.84E-03
0	98.6000	98.9370	3.2000	1	2.13E-01
0	98.6160	98.8590	3.2000	1	7.96E-03
0	98.6320	98.7800	3.2000	1	8.06E-03
0	99.2100	98.7090	3.2000	1	5.82E-02
0	101.3600	101.3110	3.2000	1	2.60E-02
0	101.3750	101.2970	3.2000	1	2.05E-03
0	101.4780	101.2000	3.2000	1	1.41E-02
0	101.4780	100.6530	3.2000	1	5.47E-02
0	101.4590	100.5610	3.2000	1	9.39E-03
0	101.4400	100.4700	3.2000	1	9.30E-03
0	101.3650	100.4340	3.2000	1	8.32E-03
0	101.3650	99.5660	3.2000	1	8.68E-02
0	101.4400	99.5300	3.2000	1	8.32E-03
0	101.4590	99.4390	3.2000	1	9.30E-03
0	101.4770	99.3470	3.2000	1	9.37E-03
0	101.4770	98.8300	3.2000	1	5.17E-02
0	101.3780	98.7180	3.2000	1	1.49E-02
0	101.2780	98.6050	3.2000	1	1.51E-02
0	101.6000	98.6000	3.2000	1	3.22E-02
0	101.9210	98.5950	3.2000	1	3.21E-02
0	101.9210	98.8300	3.2000	1	2.35E-02
0	101.9030	99.2710	3.2000	1	4.41E-02
0	101.8840	99.7130	3.2000	1	4.42E-02
0	101.9030	100.1830	3.2000	1	4.70E-02
0	101.9230	100.6520	3.2000	1	4.69E-02
0	101.9230	101.4000	3.2000	1	7.48E-02
0	101.5970	101.3980	3.2000	1	3.26E-02
0	101.2720	101.3950	3.2000	1	3.25E-02
0	101.3170	101.3520	3.2000	1	6.22E-03
0	101.2400	97.1470	3.2000	1	3.24E-02
0	101.4880	97.2090	3.2000	1	2.56E-02
0	101.7360	97.2720	3.2000	1	2.56E-02
0	102.3670	97.4660	3.2000	1	6.60E-02
0	102.7490	97.6450	3.2000	1	4.22E-02
0	102.7610	102.3540	3.2000	1	3.62E-02
0	102.3660	102.5310	3.2000	1	4.33E-02
0	101.7360	102.7250	3.2000	1	6.59E-02
0	101.4880	102.7900	3.2000	1	2.56E-02
0	101.2390	102.8550	3.2000	1	2.57E-02
0	102.8180	97.6990	3.2000	1	4.15E-02
0	103.1200	97.8310	3.2000	1	3.30E-02
0	103.6430	98.1590	3.2000	1	6.17E-02
0	104.2080	98.6140	3.2000	1	7.25E-02
0	104.6310	99.0520	3.2000	1	6.09E-02
0	104.8870	99.3830	3.2000	1	4.18E-02
0	105.2750	99.9760	3.2000	1	7.09E-02
0	105.1260	100.2800	3.2000	1	3.39E-02
0	104.7000	100.8680	3.2000	1	7.26E-02
0	104.2540	101.3400	3.2000	1	6.49E-02
0	103.7530	101.7600	3.2000	1	6.54E-02
0	103.2910	102.0700	3.2000	1	5.56E-02
0	102.8230	102.3210	3.2000	1	5.31E-02
0	102.9680	102.1390	3.2000	1	2.33E-02
0	103.0230	101.9950	3.2000	1	1.54E-02
0	103.0250	98.4780	3.2000	1	3.52E-01
0	103.0060	97.9360	3.2000	1	5.42E-02
0	102.8550	97.7460	3.2000	1	2.43E-02
0	103.3540	98.3670	3.2000	1	6.13E-03
0	104.0020	98.8750	3.2000	1	8.23E-02
0	104.4440	99.3400	3.2000	1	6.42E-02
0	104.9120	99.9850	3.2000	1	7.97E-02
0	104.8570	100.0900	3.2000	1	1.19E-02
0	104.4580	100.6440	3.2000	1	6.83E-02
0	104.0410	101.0890	3.2000	1	6.10E-02
0	103.3520	101.6330	3.2000	1	8.78E-02
0	103.3540	98.5860	3.2000	1	3.05E-01
0	103.8160	99.3470	3.2000	1	6.85E-03
0	104.0620	99.6020	3.2000	1	3.54E-02
0	104.3570	99.9970	3.2000	1	4.93E-02
0	104.1200	100.3290	3.2000	1	4.08E-02
0	103.8150	100.6580	3.2000	1	4.49E-02
0	103.8160	99.5670	3.2000	1	1.09E-01
0	103.8160	99.5670	3.2500	1	3.85E-04
0	99.2090	101.2920	3.2500	1	3.78E-02
0	99.1250	101.2780	3.2500	1	8.52E-03
0	98.8750	101.2480	3.2500	1	2.52E-02
0	98.6260	101.2180	3.2500	1	2.51E-02
0	98.6110	101.1410	3.2500	1	7.84E-03
0	98.5960	101.0640	3.2500	1	7.84E-03
0	98.5980	98.9360	3.2500	1	2.13E-01
0	98.6140	98.8570	3.2500	1	8.06E-03
0	98.6310	98.7790	3.2500	1	7.98E-03
0	99.2090	98.7080	3.2500	1	5.82E-02
0	101.3640	101.3130	3.2500	1	2.60E-02
0	101.3790	101.2990	3.2500	1	2.05E-03
0	101.4820	101.2020	3.2500	1	1.41E-02
0	101.4820	100.7060	3.2500	1	4.96E-02
0	101.4630	100.6150	3.2500	1	9.30E-03
0	101.4440	100.5230	3.2500	1	9.39E-03
0	101.3690	100.4880	3.2500	1	8.28E-03
0	101.3690	99.5120	3.2500	1	9.76E-02
0	101.4440	99.4770	3.2500	1	8.28E-03
0	101.4620	99.4050	3.2500	1	7.42E-03
0	101.4800	99.3320	3.2500	1	7.52E-03
0	101.4810	98.8290	3.2500	1	5.03E-02
0	101.3820	98.7160	3.2500	1	1.50E-02
0	101.2820	98.6040	3.2500	1	1.50E-02
0	101.6040	98.5990	3.2500	1	3.22E-02
0	101.9250	98.5940	3.2500	1	3.21E-02
0	101.9250	98.8280	3.2500	1	2.34E-02
0	101.9070	99.2440	3.2500	1	4.16E-02
0	101.8880	99.6600	3.2500	1	4.16E-02
0	101.9070	100.1830	3.2500	1	5.23E-02
0	101.9270	100.7060	3.2500	1	5.23E-02
0	101.9270	101.4020	3.2500	1	6.96E-02
0	101.6010	101.3990	3.2500	1	3.26E-02
0	101.2750	101.3970	3.2500	1	3.26E-02
0	101.3210	101.3540	3.2500	1	6.30E-03
0	101.2730	97.1470	3.2500	1	3.24E-02
0	101.5380	97.2140	3.2500	1	2.73E-02
0	101.8040	97.2810	3.2500	1	2.74E-02
0	102.4950	97.5110	3.2500	1	7.28E-02
0	102.7290	97.6100	3.2500	1	2.54E-02
0	102.8780	102.3130	3.2500	1	3.62E-02
0	102.4630	102.5040	3.2500	1	4.57E-02
0	101.8040	102.7160	3.2500	1	6.92E-02
0	101.5390	102.7860	3.2500	1	2.74E-02
0	101.2730	102.8550	3.2500	1	2.75E-02
0	102.9740	97.7880	3.2500	1	4.11E-02
0	102.7290	97.6100	3.2500	1	3.03E-02
0	103.0950	97.8050	3.2500	1	4.15E-02
0	103.6210	98.1280	3.2500	1	6.17E-02
0	104.1640	98.5550	3.2500	1	6.91E-02
0	104.6200	99.0150	3.2500	1	6.48E-02
0	104.9330	99.4190	3.2500	1	5.11E-02
0	105.2890	99.9480	3.2500	1	6.38E-02
0	105.2290	100.1640	3.2500	1	2.24E-02
0	104.7640	100.8210	3.2500	1	8.05E-02
0	104.3090	101.3120	3.2500	1	6.69E-02
0	103.8120	101.7330	3.2500	1	6.51E-02
0	103.3810	102.0240	3.2500	1	5.20E-02
0	102.9410	102.2730	3.2500	1	5.06E-02
0	103.1310	102.0680	3.2500	1	2.80E-02
0	103.1890	101.9210	3.2500	1	1.58E-02
0	103.1920	98.0980	3.2500	1	3.82E-01
0	103.1100	97.8870	3.2500	1	2.26E-02
0	103.0230	97.8240	3.2500	1	1.07E-02
0	103.5210	98.6880	3.2500	1	7.67E-03
0	103.5190	101.5350	3.2500	1	2.85E-01
0	104.0660	101.0860	3.2500	1	7.08E-02
0	104.4830	100.6400	3.2500	1	6.11E-02
0	104.8790	100.0890	3.2500	1	6.79E-02
0	104.9330	99.9850	3.2500	1	1.17E-02
0	104.4300	99.2990	3.2500	1	8.51E-02
0	103.9560	98.8130	3.2500	1	6.79E-02
0	103.5210	98.4680	3.2500	1	5.55E-02
0	103.9500	99.4170	3.2500	1	8.01E-03
0	104.0840	99.5520	3.2500	1	1.90E-02
0	104.4180	99.9970	3.2500	1	5.56E-02
0	103.9490	100.5850	3.2500	1	7.52E-02
0	103.9490	99.6360	3.2500	1	9.49E-02
0	103.9490	99.6360	3.3000	1	3.85E-04
0	99.2080	101.2930	3.3000	1	3.86E-02
0	99.1240	101.2790	3.3000	1	8.52E-03
0	98.8740	101.2490	3.3000	1	2.52E-02
0	98.6240	101.2190	3.3000	1	2.52E-02
0	98.6090	101.1420	3.3000	1	7.84E-03
0	98.5940	101.0660	3.3000	1	7.75E-03
0	98.5970	98.9340	3.3000	1	2.13E-01
0	98.6130	98.8560	3.3000	1	7.96E-03
0	98.6290	98.7780	3.3000	1	7.96E-03
0	99.2080	98.7070	3.3000	1	5.83E-02
0	101.3620	101.3070	3.3000	1	2.60E-02
0	101.3830	101.2840	3.3000	1	3.11E-03
0	101.4860	101.1700	3.3000	1	1.54E-02
0	101.4610	100.6060	3.3000	1	5.65E-02
0	101.3590	100.4820	3.3000	1	1.61E-02
0	101.4360	100.3550	3.3000	1	1.49E-02
0	101.4480	100.2500	3.3000	1	1.06E-02
0	101.4480	99.7500	3.3000	1	5.00E-02
0	101.3590	99.5180	3.3000	1	2.48E-02
0	101.4610	99.3940	3.3000	1	1.61E-02
0	101.4850	98.8270	3.3000	1	5.68E-02
0	101.3860	98.7150	3.3000	1	1.49E-02
0	101.2860	98.6020	3.3000	1	1.51E-02
0	101.6080	98.5970	3.3000	1	3.22E-02
0	101.9290	98.5920	3.3000	1	3.21E-02
0	101.9290	99.2480	3.3000	1	6.56E-02
0	101.9170	99.7490	3.3000	1	5.01E-02
0	101.9300	100.7510	3.3000	1	1.00E-01
0	101.9310	101.4040	3.3000	1	6.53E-02
0	101.6050	101.4010	3.3000	1	3.26E-02
0	101.2790	101.3980	3.3000	1	3.26E-02
0	101.3210	101.3520	3.3000	1	6.23E-03
0	101.3080	97.1470	3.3000	1	3.23E-02
0	101.5660	97.2130	3.3000	1	2.66E-02
0	101.8250	97.2790	3.3000	1	2.67E-02
0	102.4860	97.4900	3.3000	1	6.94E-02
0	102.9480	97.7050	3.3000	1	5.10E-02
0	103.0030	97.7360	3.3000	1	6.31E-03
0	103.1130	102.2020	3.3000	1	3.44E-02
0	103.0940	102.2120	3.3000	1	2.15E-03
0	102.5220	102.4940	3.3000	1	6.38E-02
0	101.8770	102.7080	3.3000	1	6.80E-02
0	101.3090	102.8670	3.3000	1	5.90E-02
0	103.1940	97.9030	3.3000	1	4.08E-02
0	103.0030	97.7360	3.3000	1	2.54E-02
0	103.1650	97.8220	3.3000	1	1.83E-02
0	103.6830	98.1570	3.3000	1	6.17E-02
0	104.2480	98.6120	3.3000	1	7.25E-02
0	104.6770	99.0560	3.3000	1	6.17E-02
0	104.9910	99.4720	3.3000	1	5.21E-02
0	105.3120	99.9640	3.3000	1	5.87E-02
0	105.3070	100.0630	3.3000	1	9.91E-03
0	105.0190	100.5040	3.3000	1	5.27E-02
0	104.6610	100.9630	3.3000	1	5.82E-02
0	104.1900	101.4380	3.3000	1	6.69E-02
0	103.6370	101.8750	3.3000	1	7.05E-02
0	103.1470	102.1770	3.3000	1	5.76E-02
0	103.2630	102.0550	3.3000	1	1.68E-02
0	103.3590	101.7960	3.3000	1	2.76E-02
0	103.3490	98.1370	3.3000	1	3.66E-01
0	103.2800	97.9790	3.3000	1	1.72E-02
0	103.2390	97.9430	3.3000	1	5.46E-03
0	103.6800	98.5770	3.3000	1	5.94E-03
0	104.0100	98.8440	3.3000	1	4.24E-02
0	104.4600	99.3060	3.3000	1	6.45E-02
0	104.9560	99.9990	3.3000	1	8.52E-02
0	104.6490	100.4540	3.3000	1	5.49E-02
0	104.0010	101.1640	3.3000	1	9.61E-02
0	103.6870	101.4160	3.3000	1	4.03E-02
0	103.6810	98.7970	3.3000	1	2.62E-01
0	104.0800	99.4850	3.3000	1	7.95E-02
0	104.1540	99.5610	3.3000	1	1.06E-02
0	104.4740	100.0090	3.3000	1	5.51E-02
0	104.0820	100.4860	3.3000	1	6.17E-02
0	104.0800	99.7040	3.3000	1	7.82E-02
0	104.0800	99.7040	3.3500	1	3.85E-04
0	99.2060	101.2940	3.3500	1	3.94E-02
0	99.1230	101.2800	3.3500	1	8.42E-03
0	98.8730	101.2500	3.3500	1	2.52E-02
0	98.6230	101.2200	3.3500	1	2.52E-02
0	98.6080	101.1430	3.3500	1	7.84E-03
0	98.5930	101.0670	3.3500	1	7.75E-03
0	98.5960	98.9330	3.3500	1	2.13E-01
0	98.6120	98.8550	3.3500	1	7.96E-03
0	98.6280	98.7770	3.3500	1	7.96E-03
0	99.2060	98.7060	3.3500	1	5.82E-02
0	101.3660	101.3090	3.3500	1	2.60E-02
0	101.3860	101.2850	3.3500	1	3.12E-03
0	101.4900	101.1710	3.3500	1	1.54E-02
0	101.4690	100.6590	3.3500	1	5.12E-02
0	101.3680	100.5720	3.3500	1	1.33E-02
0	101.4440	100.4400	3.3500	1	1.52E-02
0	101.4520	100.3550	3.3500	1	8.54E-03
0	101.4440	99.5600	3.3500	1	7.95E-02
0	101.3650	99.4530	3.3500	1	1.33E-02
0	101.4690	99.3410	3.3500	1	1.53E-02
0	101.4890	98.8250	3.3500	1	5.16E-02
0	101.3900	98.7130	3.3500	1	1.49E-02
0	101.2900	98.6010	3.3500	1	1.50E-02
0	101.6110	98.5960	3.3500	1	3.21E-02
0	101.9330	98.5910	3.3500	1	3.22E-02
0	101.9330	98.8250	3.3500	1	2.34E-02
0	101.9210	99.6450	3.3500	1	8.20E-02
0	101.9340	100.7920	3.3500	1	1.15E-01
0	101.9350	101.4050	3.3500	1	6.13E-02
0	101.6090	101.4020	3.3500	1	3.26E-02
0	101.2830	101.4000	3.3500	1	3.26E-02
0	101.3250	101.3530	3.3500	1	6.30E-03
0	101.3440	97.1460	3.3500	1	3.24E-02
0	101.6180	97.2170	3.3500	1	2.83E-02
0	101.8930	97.2890	3.3500	1	2.84E-02
0	102.5360	97.5000	3.3500	1	6.77E-02
0	103.1230	97.7800	3.3500	1	6.50E-02
0	103.1700	97.8080	3.3500	1	5.47E-03
0	103.2170	102.1600	3.3500	1	3.35E-02
0	102.5410	102.4960	3.3500	1	7.55E-02
0	101.9350	102.7010	3.3500	1	6.40E-02
0	101.3440	102.8670	3.3500	1	6.14E-02
0	103.1970	97.8320	3.3500	1	4.13E-02
0	103.1790	97.8150	3.3500	1	2.48E-03
0	103.7040	98.1560	3.3500	1	6.26E-02
0	104.2290	98.5760	3.3500	1	6.72E-02
0	104.7330	99.0940	3.3500	1	7.23E-02
0	105.0370	99.5060	3.3500	1	5.12E-02
0	105.3340	99.9690	3.3500	1	5.50E-02
0	105.3330	100.0360	3.3500	1	6.70E-03
0	105.0640	100.4650	3.3500	1	5.06E-02
0	104.6830	100.9610	3.3500	1	6.25E-02
0	104.1830	101.4630	3.3500	1	7.09E-02
0	103.6620	101.8720	3.3500	1	6.62E-02
0	103.2170	102.1600	3.3500	1	5.30E-02
0	103.4410	101.9500	3.3500	1	3.07E-02
0	103.5250	101.7330	3.3500	1	2.33E-02
0	103.5160	98.2540	3.3500	1	3.48E-01
0	103.4510	98.0690	3.3500	1	1.96E-02
0	103.2410	97.8730	3.3500	1	2.87E-02
0	103.8470	98.9120	3.3500	1	9.25E-03
0	103.8540	101.3030	3.3500	1	2.39E-01
0	104.4490	100.7300	3.3500	1	8.26E-02
0	104.7890	100.2850	3.3500	1	5.60E-02
0	104.9790	99.9940	3.3500	1	3.48E-02
0	104.4960	99.3280	3.3500	1	8.23E-02
0	104.0010	98.8170	3.3500	1	7.11E-02
0	103.8470	98.6920	3.3500	1	1.98E-02
0	104.3420	99.9340	3.3500	1	1.03E-02
0	104.2910	99.9860	3.3500	1	7.28E-03
0	104.3100	100.0560	3.3500	1	7.25E-03
0	104.3800	100.0750	3.3500	1	7.25E-03
0	104.4310	100.0240	3.3500	1	7.21E-03
0	104.4130	99.9530	3.3500	1	7.32E-03
0	104.4130	99.9530	3.4000	1	3.85E-04
0	99.2050	101.2960	3.4000	1	4.14E-02
0	99.1210	101.2820	3.4000	1	8.52E-03
0	98.8710	101.2510	3.4000	1	2.52E-02
0	98.6220	101.2210	3.4000	1	2.51E-02
0	98.6070	101.1450	3.4000	1	7.75E-03
0	98.5920	101.0680	3.4000	1	7.84E-03
0	98.5940	98.9320	3.4000	1	2.14E-01
0	98.6110	98.8540	3.4000	1	7.98E-03
0	98.6270	98.7750	3.4000	1	8.06E-03
0	99.2050	98.7040	3.4000	1	5.82E-02
0	101.3760	101.3170	3.4000	1	2.61E-02
0	101.3900	101.3040	3.4000	1	1.91E-03
0	101.4940	101.2060	3.4000	1	1.43E-02
0	101.4750	100.7010	3.4000	1	5.05E-02
0	101.3660	100.6140	3.4000	1	1.39E-02
0	101.4500	100.5030	3.4000	1	1.39E-02
0	101.4560	100.4300	3.4000	1	7.32E-03
0	101.4500	99.4980	3.4000	1	9.32E-02
0	101.3660	99.3860	3.4000	1	1.40E-02
0	101.4750	99.2990	3.4000	1	1.39E-02
0	101.4930	98.8240	3.4000	1	4.75E-02
0	101.3940	98.7110	3.4000	1	1.50E-02
0	101.2940	98.5990	3.4000	1	1.50E-02
0	101.6150	98.5940	3.4000	1	3.21E-02
0	101.9370	98.5890	3.4000	1	3.22E-02
0	101.9370	98.8240	3.4000	1	2.35E-02
0	101.9250	99.5700	3.4000	1	7.46E-02
0	101.9380	100.8270	3.4000	1	1.26E-01
0	101.9390	101.4070	3.4000	1	5.80E-02
0	101.6130	101.4040	3.4000	1	3.26E-02
0	101.2870	101.4010	3.4000	1	3.26E-02
0	101.3320	101.3580	3.4000	1	6.22E-03
0	101.3790	97.1460	3.4000	1	3.24E-02
0	101.6460	97.2170	3.4000	1	2.76E-02
0	101.9130	97.2880	3.4000	1	2.76E-02
0	102.6190	97.5240	3.4000	1	7.44E-02
0	103.2450	97.8320	3.4000	1	6.98E-02
0	103.2920	97.8630	3.4000	1	5.63E-03
0	103.3520	102.0940	3.4000	1	3.25E-02
0	103.1180	102.2320	3.4000	1	2.72E-02
0	102.5600	102.4960	3.4000	1	6.17E-02
0	101.9660	102.6990	3.4000	1	6.28E-02
0	101.3820	102.8660	3.4000	1	6.07E-02
0	103.5360	98.0760	3.4000	1	4.04E-02
0	103.2950	97.8650	3.4000	1	3.20E-02
0	103.7640	98.1860	3.4000	1	5.68E-02
0	104.2860	98.6110	3.4000	1	6.73E-02
0	104.7850	99.1330	3.4000	1	7.22E-02
0	105.0880	99.5510	3.4000	1	5.16E-02
0	105.3590	100.0040	3.4000	1	5.28E-02
0	105.1090	100.4260	3.4000	1	4.90E-02
0	104.7250	100.9380	3.4000	1	6.40E-02
0	104.2510	101.4210	3.4000	1	6.77E-02
0	103.7960	101.7820	3.4000	1	5.81E-02
0	103.3520	102.0940	3.4000	1	5.43E-02
0	103.6360	101.8240	3.4000	1	3.92E-02
0	103.6920	101.6380	3.4000	1	1.94E-02
0	103.6890	98.3810	3.4000	1	3.26E-01
0	103.6030	98.1340	3.4000	1	2.62E-02
0	103.5810	98.1160	3.4000	1	2.84E-03
0	104.0220	98.8130	3.4000	1	6.34E-03
0	104.5310	99.3440	3.4000	1	7.36E-02
0	104.9950	99.9990	3.4000	1	8.03E-02
0	104.8300	100.2500	3.4000	1	3.00E-02
0	104.4700	100.7270	3.4000	1	5.98E-02
0	104.0220	101.1840	3.4000	1	6.40E-02
0	104.0220	99.0330	3.4000	1	2.15E-01
0	104.5150	99.9940	3.4000	1	8.31E-03
0	104.4760	99.9550	3.4000	1	5.52E-03
0	104.4230	99.9700	3.4000	1	5.51E-03
0	104.4090	100.0230	3.4000	1	5.48E-03
0	104.4480	100.0620	3.4000	1	5.52E-03
0	104.5010	100.0480	3.4000	1	5.48E-03
0	104.5010	100.0480	3.4500	1	3.85E-04
0	99.2040	101.2970	3.4500	1	4.19E-02
0	99.1200	101.2830	3.4500	1	8.52E-03
0	98.8700	101.2530	3.4500	1	2.52E-02
0	98.6200	101.2230	3.4500	1	2.52E-02
0	98.6050	101.1460	3.4500	1	7.84E-03
0	98.5900	101.0690	3.4500	1	7.84E-03
0	98.5930	98.9310	3.4500	1	2.14E-01
0	98.6090	98.8520	3.4500	1	8.06E-03
0	98.6250	98.7740	3.4500	1	7.96E-03
0	99.2040	98.7030	3.4500	1	5.83E-02
0	101.3800	101.3190	3.4500	1	2.62E-02
0	101.3940	101.3050	3.4500	1	1.98E-03
0	101.4980	101.2080	3.4500	1	1.42E-02
0	101.4810	100.7370	3.4500	1	4.71E-02
0	101.3750	100.6570	3.4500	1	1.33E-02
0	101.4600	100.4890	3.4500	1	1.88E-02
0	101.4590	99.5110	3.4500	1	9.78E-02
0	101.3740	99.3430	3.4500	1	1.88E-02
0	101.4800	99.2630	3.4500	1	1.33E-02
0	101.4970	98.8220	3.4500	1	4.41E-02
0	101.3980	98.7100	3.4500	1	1.49E-02
0	101.2980	98.5980	3.4500	1	1.50E-02
0	101.6190	98.5930	3.4500	1	3.21E-02
0	101.9410	98.5880	3.4500	1	3.22E-02
0	101.9410	98.8220	3.4500	1	2.34E-02
0	101.9290	99.5110	3.4500	1	6.89E-02
0	101.9420	100.8590	3.4500	1	1.35E-01
0	101.9430	101.4080	3.4500	1	5.49E-02
0	101.6170	101.4050	3.4500	1	3.26E-02
0	101.2910	101.4030	3.4500	1	3.26E-02
0	101.3360	101.3600	3.4500	1	6.22E-03
0	101.4150	97.1470	3.4500	1	3.24E-02
0	101.6970	97.2230	3.4500	1	2.92E-02
0	101.9800	97.2990	3.4500	1	2.93E-02
0	102.6690	97.5380	3.4500	1	7.29E-02
0	103.2700	97.8360	3.4500	1	6.71E-02
0	103.6250	98.0750	3.4500	1	4.28E-02
0	103.7940	101.7720	3.4500	1	2.85E-02
0	103.7350	101.8260	3.4500	1	8.00E-03
0	103.4820	102.0050	3.4500	1	3.10E-02
0	103.2290	102.1830	3.4500	1	3.09E-02
0	102.6240	102.4760	3.4500	1	6.72E-02
0	102.0790	102.6740	3.4500	1	5.80E-02
0	101.4170	102.8640	3.4500	1	6.89E-02
0	103.6250	98.0750	3.4500	1	4.06E-02
0	103.8990	98.2790	3.4500	1	3.42E-02
0	104.3150	98.6210	3.4500	1	5.39E-02
0	104.8030	99.1330	3.4500	1	7.07E-02
0	105.1350	99.5900	3.4500	1	5.65E-02
0	105.3780	100.0040	3.4500	1	4.80E-02
0	105.1550	100.3870	3.4500	1	4.43E-02
0	104.7600	100.9170	3.4500	1	6.61E-02
0	104.2860	101.4040	3.4500	1	6.80E-02
0	103.7940	101.7720	3.4500	1	6.14E-02
0	103.8440	101.6730	3.4500	1	1.11E-02
0	103.8590	101.2000	3.4500	1	4.73E-02
0	103.8590	98.4650	3.4500	1	2.73E-01
0	103.8230	98.3470	3.4500	1	1.23E-02
0	103.6600	98.1230	3.4500	1	2.77E-02
0	104.2650	99.1580	3.4500	1	9.22E-03
0	104.4900	99.3930	3.4500	1	3.25E-02
0	104.9210	100.0020	3.4500	1	7.46E-02
0	104.6930	100.3510	3.4500	1	4.17E-02
0	104.2650	100.8370	3.4500	1	6.48E-02
0	104.2650	99.3780	3.4500	1	1.46E-01
0	104.2650	99.3780	3.5000	1	3.85E-04
0	99.2020	101.2980	3.5000	1	4.17E-02
0	99.1190	101.2840	3.5000	1	8.42E-03
0	98.8690	101.2540	3.5000	1	2.52E-02
0	98.6190	101.2240	3.5000	1	2.52E-02
0	98.6040	101.1470	3.5000	1	7.84E-03
0	98.5890	101.0710	3.5000	1	7.75E-03
0	98.5920	98.9300	3.5000	1	2.14E-01
0	98.6080	98.8510	3.5000	1	8.06E-03
0	98.6240	98.7730	3.5000	1	7.96E-03
0	99.2020	98.7020	3.5000	1	5.82E-02
0	101.3840	101.3200	3.5000	1	2.62E-02
0	101.3980	101.3070	3.5000	1	1.91E-03
0	101.5010	101.2090	3.5000	1	1.42E-02
0	101.4860	100.7680	3.5000	1	4.41E-02
0	101.3820	100.6930	3.5000	1	1.28E-02
0	101.4640	100.5370	3.5000	1	1.76E-02
0	101.4640	99.4630	3.5000	1	1.07E-01
0	101.3820	99.3070	3.5000	1	1.76E-02
0	101.4850	99.2320	3.5000	1	1.27E-02
0	101.5010	98.8210	3.5000	1	4.11E-02
0	101.4010	98.7080	3.5000	1	1.51E-02
0	101.3020	98.5960	3.5000	1	1.49E-02
0	101.6230	98.5910	3.5000	1	3.21E-02
0	101.9450	98.5860	3.5000	1	3.22E-02
0	101.9450	98.8210	3.5000	1	2.35E-02
0	101.9330	99.4630	3.5000	1	6.42E-02
0	101.9460	100.8870	3.5000	1	1.42E-01
0	101.9470	101.4100	3.5000	1	5.23E-02
0	101.6210	101.4070	3.5000	1	3.26E-02
0	101.2950	101.4040	3.5000	1	3.26E-02
0	101.3400	101.3610	3.5000	1	6.22E-03
0	101.4490	97.1500	3.5000	1	3.24E-02
0	101.7480	97.2300	3.5000	1	3.10E-02
0	102.0470	97.3100	3.5000	1	3.10E-02
0	102.6380	97.5200	3.5000	1	6.27E-02
0	103.2410	97.8130	3.5000	1	6.70E-02
0	103.7560	98.1570	3.5000	1	6.19E-02
0	103.9450	98.3230	3.5000	1	2.52E-02
0	103.9630	101.6540	3.5000	1	2.56E-02
0	103.8200	101.7850	3.5000	1	1.94E-02
0	103.6770	101.9160	3.5000	1	1.94E-02
0	103.2220	102.1960	3.5000	1	5.34E-02
0	102.6430	102.4760	3.5000	1	6.43E-02
0	102.1390	102.6640	3.5000	1	5.38E-02
0	101.4530	102.8620	3.5000	1	7.14E-02
0	103.9450	98.3230	3.5000	1	3.98E-02
0	104.3220	98.6120	3.5000	1	4.75E-02
0	104.7870	99.0930	3.5000	1	6.69E-02
0	105.1760	99.6240	3.5000	1	6.58E-02
0	105.3900	99.9700	3.5000	1	4.07E-02
0	105.3820	100.0660	3.5000	1	9.63E-03
0	105.0200	100.6160	3.5000	1	6.58E-02
0	104.3340	101.3760	3.5000	1	1.02E-01
0	103.9630	101.6540	3.5000	1	4.64E-02
0	104.0090	101.5600	3.5000	1	1.05E-02
0	104.0260	101.2570	3.5000	1	3.03E-02
0	104.0260	99.3710	3.5000	1	1.89E-01
0	104.0290	98.5770	3.5000	1	7.94E-02
0	103.9640	98.3800	3.5000	1	2.07E-02
0	104.3980	99.2260	3.5000	1	7.31E-03
0	104.4910	99.3220	3.5000	1	1.34E-02
0	104.9790	100.0010	3.5000	1	8.36E-02
0	104.7150	100.3990	3.5000	1	4.78E-02
0	104.3980	100.7500	3.5000	1	4.73E-02
0	104.3980	99.4450	3.5000	1	1.31E-01
0	104.3980	99.4450	3.5500	1	3.85E-04
0	99.2010	101.2990	3.5500	1	4.24E-02
0	99.1170	101.2850	3.5500	1	8.52E-03
0	98.8680	101.2550	3.5500	1	2.51E-02
0	98.6180	101.2250	3.5500	1	2.52E-02
0	98.6030	101.1480	3.5500	1	7.84E-03
0	98.5880	101.0720	3.5500	1	7.75E-03
0	98.5900	98.9280	3.5500	1	2.14E-01
0	98.6070	98.8500	3.5500	1	7.98E-03
0	98.6230	98.7720	3.5500	1	7.96E-03
0	99.2010	98.7010	3.5500	1	5.82E-02
0	101.3880	101.3220	3.5500	1	2.63E-02
0	101.4020	101.3080	3.5500	1	1.98E-03
0	101.5050	101.2110	3.5500	1	1.41E-02
0	101.4900	100.7930	3.5500	1	4.18E-02
0	101.3880	100.7230	3.5500	1	1.24E-02
0	101.4680	100.5760	3.5500	1	1.67E-02
0	101.4670	99.4240	3.5500	1	1.15E-01
0	101.3880	99.2770	3.5500	1	1.67E-02
0	101.4900	99.2060	3.5500	1	1.24E-02
0	101.5050	98.8200	3.5500	1	3.86E-02
0	101.4050	98.7070	3.5500	1	1.51E-02
0	101.3060	98.5940	3.5500	1	1.50E-02
0	101.6270	98.5900	3.5500	1	3.21E-02
0	101.9480	98.5850	3.5500	1	3.21E-02
0	101.9490	98.8190	3.5500	1	2.34E-02
0	101.9370	99.4240	3.5500	1	6.05E-02
0	101.9500	100.9110	3.5500	1	1.49E-01
0	101.9510	101.4110	3.5500	1	5.00E-02
0	101.6250	101.4080	3.5500	1	3.26E-02
0	101.2990	101.4060	3.5500	1	3.26E-02
0	101.3440	101.3630	3.5500	1	6.22E-03
0	101.4670	97.1370	3.5500	1	3.25E-02
0	102.1750	97.3480	3.5500	1	7.39E-02
0	102.7030	97.5410	3.5500	1	5.62E-02
0	103.2600	97.8080	3.5500	1	6.18E-02
0	103.9530	98.2820	3.5500	1	8.40E-02
0	104.1320	101.5320	3.5500	1	2.50E-02
0	103.9550	101.6980	3.5500	1	2.43E-02
0	103.7790	101.8640	3.5500	1	2.42E-02
0	103.2650	102.1850	3.5500	1	6.06E-02
0	102.6580	102.4840	3.5500	1	6.77E-02
0	102.1800	102.6480	3.5500	1	5.05E-02
0	101.4880	102.8620	3.5500	1	7.24E-02
0	103.9530	98.2820	3.5500	1	4.00E-02
0	104.3390	98.6110	3.5500	1	5.07E-02
0	104.8380	99.1330	3.5500	1	7.22E-02
0	105.2230	99.6630	3.5500	1	6.55E-02
0	105.4130	100.0040	3.5500	1	3.90E-02
0	105.3200	100.1860	3.5500	1	2.04E-02
0	105.0200	100.6330	3.5500	1	5.38E-02
0	104.3550	101.3630	3.5500	1	9.87E-02
0	104.1320	101.5320	3.5500	1	2.80E-02
0	104.1980	101.3020	3.5500	1	2.39E-02
0	104.1920	100.3150	3.5500	1	9.87E-02
0	104.1920	98.6970	3.5500	1	1.62E-01
0	104.1570	98.5800	3.5500	1	1.22E-02
0	103.9870	98.3310	3.5500	1	3.01E-02
0	104.5310	100.6700	3.5500	1	1.85E-02
0	104.5310	99.3020	3.5500	1	1.37E-01
0	105.0370	100	3.5500	1	8.62E-02
0	104.7820	100.3900	3.5500	1	4.66E-02
0	104.6770	100.5060	3.5500	1	1.56E-02
0	104.6770	100.5060	3.6000	1	3.85E-04
0	99.2000	101.3010	3.6000	1	4.26E-02
0	99.1160	101.2870	3.6000	1	8.52E-03
0	98.8660	101.2560	3.6000	1	2.52E-02
0	98.6160	101.2260	3.6000	1	2.52E-02
0	98.6010	101.1500	3.6000	1	7.75E-03
0	98.5860	101.0730	3.6000	1	7.84E-03
0	98.5890	98.9270	3.6000	1	2.15E-01
0	98.6050	98.8490	3.6000	1	7.96E-03
0	98.6210	98.7700	3.6000	1	8.06E-03
0	99.2000	98.6990	3.6000	1	5.83E-02
0	101.3920	101.3230	3.6000	1	2.63E-02
0	101.4060	101.3100	3.6000	1	1.91E-03
0	101.5090	101.2120	3.6000	1	1.42E-02
0	101.4940	100.8160	3.6000	1	3.96E-02
0	101.4130	100.7460	3.6000	1	1.07E-02
0	101.4520	100.7080	3.6000	1	5.45E-03
0	101.4720	100.6080	3.6000	1	1.02E-02
0	101.4710	99.3490	3.6000	1	1.26E-01
0	101.4130	99.2540	3.6000	1	1.11E-02
0	101.4940	99.1840	3.6000	1	1.07E-02
0	101.5090	98.8170	3.6000	1	3.67E-02
0	101.4090	98.7050	3.6000	1	1.50E-02
0	101.3100	98.5930	3.6000	1	1.49E-02
0	101.6310	98.5880	3.6000	1	3.21E-02
0	101.9520	98.5830	3.6000	1	3.21E-02
0	101.9530	98.8180	3.6000	1	2.35E-02
0	101.9410	99.3920	3.6000	1	5.74E-02
0	101.9550	101.4130	3.6000	1	2.02E-01
0	101.6290	101.4100	3.6000	1	3.26E-02
0	101.3030	101.4070	3.6000	1	3.26E-02
0	101.3480	101.3640	3.6000	1	6.22E-03
0	101.5210	97.1540	3.6000	1	3.24E-02
0	101.8500	97.2450	3.6000	1	3.41E-02
0	102.1790	97.3370	3.6000	1	3.42E-02
0	102.7190	97.5410	3.6000	1	5.77E-02
0	103.3200	97.8400	3.6000	1	6.71E-02
0	103.7850	98.1280	3.6000	1	5.47E-02
0	104.0140	98.3260	3.6000	1	3.03E-02
0	104.2440	98.5250	3.6000	1	3.04E-02
0	104.2720	98.5530	3.6000	1	3.96E-03
0	104.3030	101.4020	3.6000	1	2.19E-02
0	104.2350	101.4760	3.6000	1	1.00E-02
0	104.0220	101.6650	3.6000	1	2.85E-02
0	103.8090	101.8540	3.6000	1	2.85E-02
0	103.2800	102.1820	3.6000	1	6.22E-02
0	102.6780	102.4810	3.6000	1	6.72E-02
0	102.1970	102.6480	3.6000	1	5.09E-02
0	101.5220	102.8600	3.6000	1	7.08E-02
0	104.3030	101.4020	3.6000	1	2.42E-02
0	104.3460	101.3090	3.6000	1	1.02E-02
0	104.3590	100.9120	3.6000	1	3.97E-02
0	104.3590	99.9940	3.6000	1	9.18E-02
0	104.3610	98.8280	3.6000	1	1.17E-01
0	104.2720	98.5530	3.6000	1	2.89E-02
0	104.4250	98.6940	3.6000	1	2.08E-02
0	104.7880	99.0540	3.6000	1	5.11E-02
0	105.2650	99.6930	3.6000	1	7.97E-02
0	105.4290	100.0040	3.6000	1	3.52E-02
0	105.2820	100.2700	3.6000	1	3.04E-02
0	104.7930	100.9390	3.6000	1	8.29E-02
0	104.7730	101.0260	3.6000	1	8.93E-03
0	104.6920	101.0530	3.6000	1	8.54E-03
0	104.3480	101.3620	3.6000	1	4.62E-02
0	104.6990	99.4990	3.6000	1	1.46E-02
0	104.7510	99.5150	3.6000	1	5.44E-03
0	105.0970	99.9950	3.6000	1	5.92E-02
0	104.7500	100.5090	3.6000	1	6.20E-02
0	104.6680	100.5120	3.6000	1	8.21E-03
0	104.6680	99.7080	3.6000	1	8.04E-02
0	104.6680	99.7080	3.6500	1	3.85E-04
0	99.1980	101.3020	3.6500	1	4.38E-02
0	99.1150	101.2880	3.6500	1	8.42E-03
0	98.8650	101.2580	3.6500	1	2.52E-02
0	98.6150	101.2280	3.6500	1	2.52E-02
0	98.6000	101.1510	3.6500	1	7.84E-03
0	98.5850	101.0740	3.6500	1	7.84E-03
0	98.5880	98.9260	3.6500	1	2.15E-01
0	98.6040	98.8470	3.6500	1	8.06E-03
0	98.6200	98.7690	3.6500	1	7.96E-03
0	99.1980	98.6980	3.6500	1	5.82E-02
0	101.3960	101.3250	3.6500	1	2.63E-02
0	101.4100	101.3110	3.6500	1	1.98E-03
0	101.5130	101.2140	3.6500	1	1.41E-02
0	101.5130	100.9480	3.6500	1	2.66E-02
0	101.4660	100.7890	3.6500	1	1.66E-02
0	101.4760	100.6350	3.6500	1	1.54E-02
0	101.4750	99.3650	3.6500	1	1.27E-01
0	101.4210	99.2330	3.6500	1	1.43E-02
0	101.4980	99.1660	3.6500	1	1.02E-02
0	101.5130	98.8160	3.6500	1	3.50E-02
0	101.4130	98.7040	3.6500	1	1.50E-02
0	101.3140	98.5910	3.6500	1	1.50E-02
0	101.6350	98.5870	3.6500	1	3.21E-02
0	101.9560	98.5820	3.6500	1	3.21E-02
0	101.9570	98.8160	3.6500	1	2.34E-02
0	101.9440	99.3650	3.6500	1	5.49E-02
0	101.9590	101.4140	3.6500	1	2.05E-01
0	101.6330	101.4120	3.6500	1	3.26E-02
0	101.3070	101.4090	3.6500	1	3.26E-02
0	101.3520	101.3660	3.6500	1	6.22E-03
0	101.5410	97.1460	3.6500	1	3.25E-02
0	102.2200	97.3520	3.6500	1	7.10E-02
0	102.6920	97.5170	3.6500	1	5.00E-02
0	103.2920	97.8130	3.6500	1	6.69E-02
0	103.8590	98.1780	3.6500	1	6.74E-02
0	104.2620	98.5030	3.6500	1	5.18E-02
0	104.3990	98.6460	3.6500	1	1.98E-02
0	104.4470	101.2920	3.6500	1	2.04E-02
0	104.2250	101.5240	3.6500	1	3.21E-02
0	103.8260	101.8540	3.6500	1	5.18E-02
0	103.2960	102.1800	3.6500	1	6.22E-02
0	102.7430	102.4600	3.6500	1	6.20E-02
0	102.2130	102.6480	3.6500	1	5.62E-02
0	101.5550	102.8580	3.6500	1	6.91E-02
0	104.4470	101.2920	3.6500	1	2.53E-02
0	104.4900	101.2080	3.6500	1	9.44E-03
0	104.5260	100.9450	3.6500	1	2.65E-02
0	104.5100	99.4860	3.6500	1	1.46E-01
0	104.4930	98.9700	3.6500	1	5.16E-02
0	104.4460	98.8080	3.6500	1	1.69E-02
0	104.3990	98.6460	3.6500	1	1.69E-02
0	104.5200	98.7420	3.6500	1	1.54E-02
0	104.6420	98.8390	3.6500	1	1.56E-02
0	104.7540	98.8640	3.6500	1	1.15E-02
0	104.8170	98.9350	3.6500	1	9.49E-03
0	104.8830	99.1180	3.6500	1	1.95E-02
0	105.4510	99.9830	3.6500	1	1.03E-01
0	105.3250	100.2380	3.6500	1	2.84E-02
0	104.8720	100.8670	3.6500	1	7.75E-02
0	104.8430	100.9870	3.6500	1	1.23E-02
0	104.7170	101.0910	3.6500	1	1.63E-02
0	104.4960	101.2560	3.6500	1	2.76E-02
0	104.4960	101.2560	3.7000	1	3.85E-04
0	99.1970	101.3030	3.7000	1	4.08E-02
0	99.1130	101.2890	3.7000	1	8.52E-03
0	98.8640	101.2590	3.7000	1	2.51E-02
0	98.6140	101.2290	3.7000	1	2.52E-02
0	98.5990	101.1520	3.7000	1	7.84E-03
0	98.5840	101.0750	3.7000	1	7.84E-03
0	98.5870	98.9250	3.7000	1	2.15E-01
0	98.6030	98.8460	3.7000	1	8.06E-03
0	98.6190	98.7680	3.7000	1	7.96E-03
0	99.1970	98.6970	3.7000	1	5.82E-02
0	101.4000	101.3260	3.7000	1	2.64E-02
0	101.4140	101.3130	3.7000	1	1.91E-03
0	101.5170	101.2150	3.7000	1	1.42E-02
0	101.5170	100.9620	3.7000	1	2.53E-02
0	101.4700	100.8040	3.7000	1	1.65E-02
0	101.4790	100.6570	3.7000	1	1.47E-02
0	101.4790	99.3430	3.7000	1	1.31E-01
0	101.4270	99.2160	3.7000	1	1.37E-02
0	101.5020	99.1500	3.7000	1	9.99E-03
0	101.5170	98.8150	3.7000	1	3.35E-02
0	101.4170	98.7020	3.7000	1	1.51E-02
0	101.3180	98.5900	3.7000	1	1.49E-02
0	101.6390	98.5850	3.7000	1	3.21E-02
0	101.9600	98.5800	3.7000	1	3.21E-02
0	101.9600	98.8150	3.7000	1	2.35E-02
0	101.9480	99.3430	3.7000	1	5.28E-02
0	101.9620	101.4160	3.7000	1	2.07E-01
0	101.6370	101.4130	3.7000	1	3.25E-02
0	101.3110	101.4100	3.7000	1	3.26E-02
0	101.3560	101.3680	3.7000	1	6.16E-03
0	101.5730	97.1450	3.7000	1	3.25E-02
0	102.2730	97.3650	3.7000	1	7.34E-02
0	102.8010	97.5590	3.7000	1	5.63E-02
0	103.3530	97.8380	3.7000	1	6.19E-02
0	103.9140	98.2080	3.7000	1	6.72E-02
0	104.4920	98.7080	3.7000	1	7.64E-02
0	104.5510	98.7760	3.7000	1	9.00E-03
0	104.6110	98.8430	3.7000	1	8.99E-03
0	104.6700	98.9110	3.7000	1	9.00E-03
0	104.7300	98.9790	3.7000	1	9.07E-03
0	104.7630	99.0500	3.7000	1	7.83E-03
0	104.7960	99.1210	3.7000	1	7.83E-03
0	104.7970	100.8780	3.7000	1	1.35E-02
0	104.7950	100.8970	3.7000	1	1.91E-03
0	104.7540	100.9590	3.7000	1	7.43E-03
0	104.7130	101.0210	3.7000	1	7.43E-03
0	104.6720	101.0840	3.7000	1	7.52E-03
0	104.6310	101.1460	3.7000	1	7.43E-03
0	104.5030	101.2720	3.7000	1	1.80E-02
0	104.3750	101.3990	3.7000	1	1.80E-02
0	104.2470	101.5260	3.7000	1	1.80E-02
0	103.8290	101.8630	3.7000	1	5.37E-02
0	103.3560	102.1530	3.7000	1	5.55E-02
0	102.7570	102.4570	3.7000	1	6.72E-02
0	102.2780	102.6330	3.7000	1	5.10E-02
0	101.5900	102.8550	3.7000	1	7.23E-02
0	104.7970	100.8780	3.7000	1	2.90E-02
0	104.7850	100.7330	3.7000	1	1.45E-02
0	104.7640	100.0020	3.7000	1	7.31E-02
0	104.7800	99.5620	3.7000	1	4.40E-02
0	104.7960	99.1210	3.7000	1	4.41E-02
0	104.8590	99.2430	3.7000	1	1.37E-02
0	105.3830	100.0020	3.7000	1	9.22E-02
0	105.2940	100.1680	3.7000	1	1.88E-02
0	105.0450	100.5230	3.7000	1	4.34E-02
0	104.8310	100.8290	3.7000	1	3.73E-02
0	104.8310	100.8290	3.7500	1	3.85E-04
0	99.1960	101.3040	3.7500	1	4.35E-02
0	99.1120	101.2900	3.7500	1	8.52E-03
0	98.8620	101.2600	3.7500	1	2.52E-02
0	98.6130	101.2300	3.7500	1	2.51E-02
0	98.5980	101.1530	3.7500	1	7.84E-03
0	98.5830	101.0770	3.7500	1	7.75E-03
0	98.5850	98.9230	3.7500	1	2.15E-01
0	98.6010	98.8450	3.7500	1	7.96E-03
0	98.6180	98.7670	3.7500	1	7.98E-03
0	99.1960	98.6960	3.7500	1	5.82E-02
0	101.4040	101.3280	3.7500	1	2.64E-02
0	101.4180	101.3140	3.7500	1	1.98E-03
0	101.5210	101.2170	3.7500	1	1.41E-02
0	101.5210	100.9740	3.7500	1	2.43E-02
0	101.4740	100.8160	3.7500	1	1.65E-02
0	101.4830	100.6740	3.7500	1	1.42E-02
0	101.4780	100.0690	3.7500	1	6.05E-02
0	101.4320	100	3.7500	1	8.29E-03
0	101.4590	99.9770	3.7500	1	3.55E-03
0	101.4830	99.8620	3.7500	1	1.17E-02
0	101.4830	99.3260	3.7500	1	5.36E-02
0	101.4340	99.2030	3.7500	1	1.32E-02
0	101.5070	99.1380	3.7500	1	9.77E-03
0	101.5210	98.8130	3.7500	1	3.25E-02
0	101.4210	98.7010	3.7500	1	1.50E-02
0	101.3220	98.5880	3.7500	1	1.50E-02
0	101.6430	98.5840	3.7500	1	3.21E-02
0	101.9640	98.5790	3.7500	1	3.21E-02
0	101.9640	98.8130	3.7500	1	2.34E-02
0	101.9520	99.3250	3.7500	1	5.12E-02
0	101.9530	100.1370	3.7500	1	8.12E-02
0	101.9660	101.4170	3.7500	1	1.28E-01
0	101.6410	101.4150	3.7500	1	3.25E-02
0	101.3150	101.4120	3.7500	1	3.26E-02
0	101.3600	101.3690	3.7500	1	6.22E-03
0	101.6280	97.1640	3.7500	1	3.24E-02
0	101.9760	97.2680	3.7500	1	3.63E-02
0	102.3250	97.3720	3.7500	1	3.64E-02
0	103.0490	97.6680	3.7500	1	7.82E-02
0	103.8060	98.1150	3.7500	1	8.79E-02
0	104.5430	98.7300	3.7500	1	9.60E-02
0	104.5960	98.7680	3.7500	1	6.52E-03
0	104.6480	98.8060	3.7500	1	6.44E-03
0	104.7700	98.9670	3.7500	1	2.02E-02
0	104.8920	99.1270	3.7500	1	2.01E-02
0	104.9080	99.1940	3.7500	1	6.89E-03
0	104.8880	100.8720	3.7500	1	1.29E-02
0	104.8260	100.9650	3.7500	1	1.12E-02
0	104.7640	101.0580	3.7500	1	1.12E-02
0	104.6320	101.1840	3.7500	1	1.82E-02
0	104.5000	101.3110	3.7500	1	1.83E-02
0	104.3690	101.4370	3.7500	1	1.82E-02
0	103.8980	101.8250	3.7500	1	6.10E-02
0	103.3770	102.1610	3.7500	1	6.20E-02
0	102.7720	102.4540	3.7500	1	6.72E-02
0	102.2930	102.6320	3.7500	1	5.11E-02
0	101.6230	102.8530	3.7500	1	7.06E-02
0	104.8810	100.8350	3.7500	1	2.95E-02
0	104.8970	100.7440	3.7500	1	9.24E-03
0	104.8970	100	3.7500	1	7.44E-02
0	104.9080	99.1940	3.7500	1	8.06E-02
0	104.9440	99.2610	3.7500	1	7.61E-03
0	105.4320	100.0070	3.7500	1	8.91E-02
0	105.3660	100.1460	3.7500	1	1.54E-02
0	104.9270	100.8200	3.7500	1	8.04E-02
0	104.9270	100.8200	3.8000	1	3.85E-04
0	99.1950	101.3060	3.8000	1	4.43E-02
0	99.1110	101.2920	3.8000	1	8.52E-03
0	98.8610	101.2610	3.8000	1	2.52E-02
0	98.6110	101.2310	3.8000	1	2.52E-02
0	98.5960	101.1550	3.8000	1	7.75E-03
0	98.5810	101.0780	3.8000	1	7.84E-03
0	98.5840	98.9220	3.8000	1	2.16E-01
0	98.6000	98.8440	3.8000	1	7.96E-03
0	98.6160	98.7650	3.8000	1	8.06E-03
0	99.1950	98.6940	3.8000	1	5.83E-02
0	101.4080	101.3290	3.8000	1	2.65E-02
0	101.4220	101.3160	3.8000	1	1.91E-03
0	101.5250	101.2180	3.8000	1	1.42E-02
0	101.5250	100.9830	3.8000	1	2.35E-02
0	101.4790	100.8250	3.8000	1	1.65E-02
0	101.4870	100.6880	3.8000	1	1.37E-02
0	101.4770	100.0950	3.8000	1	5.93E-02
0	101.4000	100	3.8000	1	1.22E-02
0	101.4850	99.8500	3.8000	1	1.72E-02
0	101.4870	99.3120	3.8000	1	5.38E-02
0	101.4400	99.1920	3.8000	1	1.29E-02
0	101.5110	99.1280	3.8000	1	9.56E-03
0	101.5240	98.8120	3.8000	1	3.16E-02
0	101.4250	98.6990	3.8000	1	1.50E-02
0	101.3260	98.5870	3.8000	1	1.49E-02
0	101.6470	98.5820	3.8000	1	3.21E-02
0	101.9680	98.5770	3.8000	1	3.21E-02
0	101.9680	98.8110	3.8000	1	2.34E-02
0	101.9560	99.3120	3.8000	1	5.01E-02
0	101.9570	100.1900	3.8000	1	8.78E-02
0	101.9700	101.4190	3.8000	1	1.23E-01
0	101.6450	101.4160	3.8000	1	3.25E-02
0	101.3190	101.4130	3.8000	1	3.26E-02
0	101.3640	101.3710	3.8000	1	6.16E-03
0	101.6630	97.1690	3.8000	1	3.24E-02
0	101.7780	97.2200	3.8000	1	1.26E-02
0	102.4510	97.4090	3.8000	1	6.99E-02
0	103.3040	97.7980	3.8000	1	9.38E-02
0	104.1150	98.3400	3.8000	1	9.75E-02
0	104.5570	98.7220	3.8000	1	5.84E-02
0	104.5700	101.2790	3.8000	1	1.97E-02
0	104.1230	101.6540	3.8000	1	5.83E-02
0	103.5870	102.0350	3.8000	1	6.58E-02
0	103.1050	102.3130	3.8000	1	5.56E-02
0	102.5980	102.5340	3.8000	1	5.53E-02
0	102.0780	102.7050	3.8000	1	5.47E-02
0	101.8670	102.7770	3.8000	1	2.23E-02
0	101.6560	102.8490	3.8000	1	2.23E-02
0	104.9930	100.7460	3.8000	1	3.03E-02
0	105.0300	100.5240	3.8000	1	2.25E-02
0	105.0270	99.4460	3.8000	1	1.08E-01
0	104.9880	99.2570	3.8000	1	1.93E-02
0	105.1220	99.4160	3.8000	1	2.08E-02
0	105.4820	100.0060	3.8000	1	6.91E-02
0	105.4350	100.1290	3.8000	1	1.32E-02
0	105.0280	100.6970	3.8000	1	6.99E-02
0	105.0280	100.6970	3.8500	1	3.85E-04
0	104.4890	101.3490	3.8500	1	6.51E-03
0	103.9210	101.8180	3.8500	1	7.37E-02
0	103.2660	102.2350	3.8500	1	7.76E-02
0	102.8030	102.4520	3.8500	1	5.11E-02
0	102.3250	102.6360	3.8500	1	5.12E-02
0	102.0130	102.7300	3.8500	1	3.26E-02
0	101.7000	102.8250	3.8500	1	3.27E-02
0	105.0730	100.6780	3.8500	1	3.08E-02
0	105.1780	100.4950	3.8500	1	2.11E-02
0	105.0740	99.3270	3.8500	1	9.02E-03
0	105.1950	99.5440	3.8500	1	2.48E-02
0	105.1780	100.4950	3.8500	1	7.32E-03
0	105.1700	100.3420	3.8500	1	1.53E-02
0	105.1620	100.1880	3.8500	1	1.54E-02
0	105.1530	100.0350	3.8500	1	1.53E-02
0	105.1670	99.8710	3.8500	1	1.65E-02
0	105.1810	99.7080	3.8500	1	1.64E-02
0	105.1950	99.5440	3.8500	1	1.65E-02
0	105.3030	99.6730	3.8500	1	1.68E-02
0	105.4100	99.8030	3.8500	1	1.68E-02
0	105.5170	99.9320	3.8500	1	1.68E-02
0	105.5100	100.0880	3.8500	1	1.56E-02
0	105.3990	100.2240	3.8500	1	1.76E-02
0	105.2890	100.3590	3.8500	1	1.74E-02
0	105.2160	100.4480	3.8500	1	1.15E-02
0	101.6980	97.1730	3.8500	1	3.70E-02
0	102.0510	97.2820	3.8500	1	3.69E-02
0	102.4040	97.3910	3.8500	1	3.69E-02
0	103.1720	97.7160	3.8500	1	8.34E-02
0	103.7900	98.0890	3.8500	1	7.22E-02
0	104.4910	98.6520	3.8500	1	8.99E-02
0	101.4110	101.3310	3.8500	1	3.14E-02
0	101.4260	101.3170	3.8500	1	2.05E-03
0	101.5290	101.2200	3.8500	1	1.41E-02
0	101.5290	100.9890	3.8500	1	2.31E-02
0	101.4830	100.8320	3.8500	1	1.64E-02
0	101.4910	100.6970	3.8500	1	1.35E-02
0	101.4780	100.1110	3.8500	1	5.86E-02
0	101.4040	100.0290	3.8500	1	1.10E-02
0	101.4890	99.8190	3.8500	1	2.27E-02
0	101.4910	99.3030	3.8500	1	5.16E-02
0	101.4450	99.1850	3.8500	1	1.27E-02
0	101.5150	99.1210	3.8500	1	9.48E-03
0	101.5280	98.8100	3.8500	1	3.11E-02
0	101.4290	98.6980	3.8500	1	1.49E-02
0	101.3300	98.5850	3.8500	1	1.50E-02
0	101.6510	98.5800	3.8500	1	3.21E-02
0	101.9720	98.5760	3.8500	1	3.21E-02
0	101.9600	99.3020	3.8500	1	7.26E-02
0	101.9610	100.2210	3.8500	1	9.19E-02
0	101.9740	101.4210	3.8500	1	1.20E-01
0	101.6490	101.4180	3.8500	1	3.25E-02
0	101.3230	101.4150	3.8500	1	3.26E-02
0	101.3680	101.3720	3.8500	1	6.22E-03
0	99.1930	101.3070	3.8500	1	1.67E-02
0	99.1090	101.2930	3.8500	1	8.52E-03
0	98.8600	101.2630	3.8500	1	2.51E-02
0	98.6100	101.2320	3.8500	1	2.52E-02
0	98.5950	101.1560	3.8500	1	7.75E-03
0	98.5800	101.0790	3.8500	1	7.84E-03
0	98.5830	98.9210	3.8500	1	2.16E-01
0	98.5990	98.8420	3.8500	1	8.06E-03
0	98.6150	98.7640	3.8500	1	7.96E-03
0	99.1930	98.6930	3.8500	1	5.82E-02
0	99.1930	98.6930	3.9000	1	3.85E-04
0	104.4530	101.3940	3.9000	1	4.55E-02
0	103.8910	101.8470	3.9000	1	7.22E-02
0	103.3060	102.2190	3.9000	1	6.93E-02
0	102.8640	102.4300	3.9000	1	4.90E-02
0	102.3880	102.6200	3.9000	1	5.13E-02
0	102.0670	102.7230	3.9000	1	3.37E-02
0	101.7450	102.8260	3.9000	1	3.38E-02
0	105.1200	99.3420	3.9000	1	3.73E-02
0	105.2160	99.5220	3.9000	1	2.04E-02
0	105.3120	99.7010	3.9000	1	2.03E-02
0	105.4080	99.8800	3.9000	1	2.03E-02
0	105.4240	100.0550	3.9000	1	1.76E-02
0	105.3910	100.1400	3.9000	1	9.12E-03
0	105.3580	100.2250	3.9000	1	9.12E-03
0	105.3250	100.3100	3.9000	1	9.12E-03
0	105.1180	100.6480	3.9000	1	3.96E-02
0	101.7360	97.1770	3.9000	1	3.73E-02
0	102.0780	97.2850	3.9000	1	3.59E-02
0	102.4190	97.3940	3.9000	1	3.58E-02
0	103.1870	97.7160	3.9000	1	8.33E-02
0	103.7610	98.0600	3.9000	1	6.69E-02
0	104.4540	98.6070	3.9000	1	8.83E-02
0	101.4150	101.3330	3.9000	1	3.14E-02
0	101.4300	101.3190	3.9000	1	2.05E-03
0	101.5330	101.2220	3.9000	1	1.41E-02
0	101.5330	100.9930	3.9000	1	2.29E-02
0	101.4870	100.8360	3.9000	1	1.64E-02
0	101.4950	100.7030	3.9000	1	1.33E-02
0	101.4800	100.1190	3.9000	1	5.84E-02
0	101.4100	100.0490	3.9000	1	9.90E-03
0	101.4930	99.8020	3.9000	1	2.61E-02
0	101.4950	99.2970	3.9000	1	5.05E-02
0	101.4500	99.1800	3.9000	1	1.25E-02
0	101.5190	99.1180	3.9000	1	9.28E-03
0	101.5320	98.8090	3.9000	1	3.09E-02
0	101.4330	98.6960	3.9000	1	1.50E-02
0	101.3340	98.5840	3.9000	1	1.49E-02
0	101.6550	98.5790	3.9000	1	3.21E-02
0	101.9760	98.5740	3.9000	1	3.21E-02
0	101.9640	99.2970	3.9000	1	7.23E-02
0	101.9650	100.2380	3.9000	1	9.41E-02
0	101.9780	101.4220	3.9000	1	1.18E-01
0	101.6520	101.4190	3.9000	1	3.26E-02
0	101.3270	101.4160	3.9000	1	3.25E-02
0	101.3720	101.3740	3.9000	1	6.16E-03
0	99.1920	101.3080	3.9000	1	1.68E-02
0	99.1080	101.2940	3.9000	1	8.52E-03
0	98.8580	101.2640	3.9000	1	2.52E-02
0	98.6090	101.2340	3.9000	1	2.51E-02
0	98.5940	101.1570	3.9000	1	7.84E-03
0	98.5790	101.0800	3.9000	1	7.84E-03
0	98.5810	98.9200	3.9000	1	2.16E-01
0	98.5970	98.8410	3.9000	1	8.06E-03
0	98.6140	98.7630	3.9000	1	7.98E-03
0	99.1920	98.6920	3.9000	1	5.82E-02
0	99.1920	98.6920	3.9500	1	3.85E-04
0	104.4290	101.4250	3.9500	1	4.54E-02
0	103.7360	101.9650	3.9500	1	8.79E-02
0	103.1720	102.2910	3.9500	1	6.51E-02
0	102.3880	102.6230	3.9500	1	8.51E-02
0	102.0960	102.7200	3.9500	1	3.08E-02
0	101.8040	102.8170	3.9500	1	3.08E-02
0	105.1540	99.3640	3.9500	1	3.70E-02
0	105.3180	99.6310	3.9500	1	3.13E-02
0	105.4810	99.8970	3.9500	1	3.12E-02
0	105.4990	100.0550	3.9500	1	1.59E-02
0	105.3260	100.3460	3.9500	1	3.39E-02
0	105.1530	100.6370	3.9500	1	3.39E-02
0	101.7730	97.1810	3.9500	1	3.72E-02
0	102.1040	97.2880	3.9500	1	3.48E-02
0	102.4340	97.3950	3.9500	1	3.47E-02
0	103.1530	97.6960	3.9500	1	7.79E-02
0	103.7310	98.0330	3.9500	1	6.69E-02
0	104.4300	98.5750	3.9500	1	8.85E-02
0	101.4190	101.3340	3.9500	1	3.14E-02
0	101.4340	101.3200	3.9500	1	2.05E-03
0	101.5370	101.2230	3.9500	1	1.41E-02
0	101.5370	100.9950	3.9500	1	2.28E-02
0	101.4910	100.8380	3.9500	1	1.64E-02
0	101.4990	100.7050	3.9500	1	1.33E-02
0	101.4830	100.1220	3.9500	1	5.83E-02
0	101.4150	100.0570	3.9500	1	9.41E-03
0	101.4970	99.7960	3.9500	1	2.74E-02
0	101.4990	99.2950	3.9500	1	5.01E-02
0	101.4540	99.1790	3.9500	1	1.24E-02
0	101.5230	99.1160	3.9500	1	9.34E-03
0	101.5360	98.8070	3.9500	1	3.09E-02
0	101.4370	98.6950	3.9500	1	1.49E-02
0	101.3370	98.5820	3.9500	1	1.51E-02
0	101.6590	98.5770	3.9500	1	3.22E-02
0	101.9800	98.5730	3.9500	1	3.21E-02
0	101.9680	99.2940	3.9500	1	7.21E-02
0	101.9690	100.2440	3.9500	1	9.50E-02
0	101.9820	101.4240	3.9500	1	1.18E-01
0	101.6560	101.4210	3.9500	1	3.26E-02
0	101.3310	101.4180	3.9500	1	3.25E-02
0	101.3760	101.3750	3.9500	1	6.22E-03
0	99.1910	101.3090	3.9500	1	1.68E-02
0	99.1070	101.2950	3.9500	1	8.52E-03
0	98.8570	101.2650	3.9500	1	2.52E-02
0	98.6070	101.2350	3.9500	1	2.52E-02
0	98.5920	101.1580	3.9500	1	7.84E-03
0	98.5770	101.0820	3.9500	1	7.75E-03
0	98.5800	98.9180	3.9500	1	2.16E-01
0	98.5960	98.8400	3.9500	1	7.96E-03
0	98.6120	98.7620	3.9500	1	7.96E-03
0	99.1910	98.6910	3.9500	1	5.83E-02
0	99.1910	98.6910	4	1	3.85E-04
0	104.4120	101.4480	4	1	4.54E-02
0	103.7130	101.9880	4	1	8.83E-02
0	102.9370	102.4060	4	1	8.81E-02
0	102.4010	102.6150	4	1	5.75E-02
0	102.1510	102.7060	4	1	2.66E-02
0	101.9010	102.7980	4	1	2.66E-02
0	105.2430	99.1520	4	1	3.80E-02
0	105.2110	99.2640	4	1	1.16E-02
0	105.1780	99.3760	4	1	1.17E-02
0	105.5160	99.9010	4	1	6.24E-02
0	105.5330	100.0540	4	1	1.54E-02
0	105.1780	100.6240	4	1	6.72E-02
0	101.8060	97.1880	4	1	3.70E-02
0	102.1270	97.2920	4	1	3.37E-02
0	102.4480	97.3970	4	1	3.38E-02
0	103.1650	97.6960	4	1	7.77E-02
0	103.7430	98.0350	4	1	6.70E-02
0	104.4140	98.5520	4	1	8.47E-02
0	101.4230	101.3360	4	1	3.14E-02
0	101.4380	101.3220	4	1	2.05E-03
0	101.5410	101.2250	4	1	1.41E-02
0	101.5410	100.9930	4	1	2.32E-02
0	101.4950	100.8360	4	1	1.64E-02
0	101.5030	100.7040	4	1	1.32E-02
0	101.4880	100.1200	4	1	5.84E-02
0	101.4180	100.0520	4	1	9.76E-03
0	101.5010	99.8000	4	1	2.65E-02
0	101.5030	99.2960	4	1	5.04E-02
0	101.4580	99.1800	4	1	1.24E-02
0	101.5270	99.1170	4	1	9.34E-03
0	101.5400	98.8060	4	1	3.11E-02
0	101.4410	98.6930	4	1	1.50E-02
0	101.3410	98.5810	4	1	1.50E-02
0	101.6630	98.5760	4	1	3.22E-02
0	101.9840	98.5710	4	1	3.21E-02
0	101.9720	99.2960	4	1	7.25E-02
0	101.9730	100.2400	4	1	9.44E-02
0	101.9860	101.4250	4	1	1.19E-01
0	101.6600	101.4220	4	1	3.26E-02
0	101.3350	101.4190	4	1	3.25E-02
0	101.3800	101.3770	4	1	6.16E-03
0	99.1890	101.3110	4	1	1.69E-02
0	99.1060	101.2970	4	1	8.42E-03
0	98.8560	101.2660	4	1	2.52E-02
0	98.6060	101.2360	4	1	2.52E-02
0	98.5910	101.1600	4	1	7.75E-03
0	98.5760	101.0830	4	1	7.84E-03
0	98.5790	98.9170	4	1	2.17E-01
0	98.5950	98.8390	4	1	7.96E-03
0	98.6110	98.7600	4	1	8.06E-03
0	99.1890	98.6890	4	1	5.82E-02
0	99.1890	98.6890	4.0500	1	3.85E-04
0	104.6290	101.5210	4.0500	1	4.72E-02
0	104.5160	101.4940	4.0500	1	1.16E-02
0	104.4020	101.4680	4.0500	1	1.17E-02
0	103.8480	101.8990	4.0500	1	7.02E-02
0	102.9990	102.3850	4.0500	1	9.78E-02
0	102.4150	102.6160	4.0500	1	6.28E-02
0	102.1320	102.7120	4.0500	1	2.99E-02
0	101.8480	102.8080	4.0500	1	3.00E-02
0	105.2650	99.1570	4.0500	1	3.85E-02
0	105.2320	99.2750	4.0500	1	1.23E-02
0	105.1990	99.3940	4.0500	1	1.23E-02
0	105.5180	99.8620	4.0500	1	5.66E-02
0	105.5540	100.0280	4.0500	1	1.70E-02
0	105.4320	100.2750	4.0500	1	2.75E-02
0	105.1970	100.6130	4.0500	1	4.12E-02
0	101.8450	97.1920	4.0500	1	3.68E-02
0	102.1530	97.2970	4.0500	1	3.25E-02
0	102.4600	97.4030	4.0500	1	3.25E-02
0	103.1810	97.7000	4.0500	1	7.80E-02
0	103.7110	98.0080	4.0500	1	6.13E-02
0	104.4030	98.5340	4.0500	1	8.69E-02
0	101.4270	101.3370	4.0500	1	3.14E-02
0	101.4420	101.3230	4.0500	1	2.05E-03
0	101.5450	101.2260	4.0500	1	1.41E-02
0	101.5450	100.9900	4.0500	1	2.36E-02
0	101.4990	100.8320	4.0500	1	1.65E-02
0	101.5070	100.6990	4.0500	1	1.33E-02
0	101.4930	100.1130	4.0500	1	5.86E-02
0	101.4200	100.0350	4.0500	1	1.07E-02
0	101.5050	99.8150	4.0500	1	2.36E-02
0	101.5070	99.3010	4.0500	1	5.14E-02
0	101.4610	99.1840	4.0500	1	1.26E-02
0	101.5300	99.1210	4.0500	1	9.34E-03
0	101.5440	98.8040	4.0500	1	3.17E-02
0	101.4450	98.6920	4.0500	1	1.49E-02
0	101.3460	98.5790	4.0500	1	1.50E-02
0	101.6670	98.5740	4.0500	1	3.21E-02
0	101.9880	98.5690	4.0500	1	3.21E-02
0	101.9760	99.3010	4.0500	1	7.32E-02
0	101.9770	100.2260	4.0500	1	9.25E-02
0	101.9900	101.4270	4.0500	1	1.20E-01
0	101.6640	101.4240	4.0500	1	3.26E-02
0	101.3390	101.4210	4.0500	1	3.25E-02
0	101.3840	101.3780	4.0500	1	6.22E-03
0	99.1880	101.3120	4.0500	1	1.69E-02
0	99.1040	101.2980	4.0500	1	8.52E-03
0	98.8540	101.2680	4.0500	1	2.52E-02
0	98.6050	101.2370	4.0500	1	2.51E-02
0	98.5900	101.1610	4.0500	1	7.75E-03
0	98.5750	101.0840	4.0500	1	7.84E-03
0	98.5770	98.9160	4.0500	1	2.17E-01
0	98.5940	98.8380	4.0500	1	7.98E-03
0	98.6100	98.7590	4.0500	1	8.06E-03
0	99.1880	98.6880	4.0500	1	5.82E-02
0	99.1880	98.6880	4.1000	1	3.85E-04
0	104.6280	101.5320	4.1000	1	4.72E-02
0	104.5120	101.5050	4.1000	1	1.19E-02
0	104.3970	101.4790	4.1000	1	1.18E-02
0	103.7740	101.9600	4.1000	1	7.87E-02
0	103.1310	102.3270	4.1000	1	7.40E-02
0	102.3140	102.6620	4.1000	1	8.83E-02
0	101.8820	102.8000	4.1000	1	4.54E-02
0	105.2750	99.1570	4.1000	1	3.83E-02
0	105.2430	99.2770	4.1000	1	1.24E-02
0	105.2120	99.3960	4.1000	1	1.23E-02
0	105.5280	99.8580	4.1000	1	5.60E-02
0	105.5670	100.0230	4.1000	1	1.70E-02
0	105.4760	100.2270	4.1000	1	2.23E-02
0	105.2100	100.6070	4.1000	1	4.64E-02
0	101.8770	97.2010	4.1000	1	3.67E-02
0	102.3140	97.3380	4.1000	1	4.58E-02
0	103.1900	97.7020	4.1000	1	9.49E-02
0	103.7220	98.0110	4.1000	1	6.15E-02
0	104.3980	98.5210	4.1000	1	8.47E-02
0	101.4310	101.3390	4.1000	1	3.15E-02
0	101.4460	101.3250	4.1000	1	2.05E-03
0	101.5490	101.2280	4.1000	1	1.41E-02
0	101.5490	100.9830	4.1000	1	2.45E-02
0	101.5020	100.8260	4.1000	1	1.64E-02
0	101.5110	100.6900	4.1000	1	1.36E-02
0	101.5000	100.0990	4.1000	1	5.91E-02
0	101.4210	100	4.1000	1	1.27E-02
0	101.5090	99.8430	4.1000	1	1.80E-02
0	101.5110	99.3100	4.1000	1	5.33E-02
0	101.4640	99.1910	4.1000	1	1.28E-02
0	101.5340	99.1280	4.1000	1	9.42E-03
0	101.5480	98.8030	4.1000	1	3.25E-02
0	101.4490	98.6900	4.1000	1	1.50E-02
0	101.3490	98.5780	4.1000	1	1.50E-02
0	101.6700	98.5730	4.1000	1	3.21E-02
0	101.9920	98.5680	4.1000	1	3.22E-02
0	101.9920	98.8020	4.1000	1	2.34E-02
0	101.9800	99.3100	4.1000	1	5.08E-02
0	101.9810	100.1980	4.1000	1	8.88E-02
0	101.9940	101.4280	4.1000	1	1.23E-01
0	101.6680	101.4250	4.1000	1	3.26E-02
0	101.3420	101.4220	4.1000	1	3.26E-02
0	101.3880	101.3800	4.1000	1	6.23E-03
0	99.1870	101.3130	4.1000	1	1.69E-02
0	99.1030	101.2990	4.1000	1	8.52E-03
0	98.8530	101.2690	4.1000	1	2.52E-02
0	98.6030	101.2390	4.1000	1	2.52E-02
0	98.5880	101.1620	4.1000	1	7.84E-03
0	98.5730	101.0850	4.1000	1	7.84E-03
0	98.5760	98.9150	4.1000	1	2.17E-01
0	98.5920	98.8360	4.1000	1	8.06E-03
0	98.6080	98.7580	4.1000	1	7.96E-03
0	99.1870	98.6870	4.1000	1	5.83E-02
0	99.1870	98.6870	4.1500	1	3.85E-04
0	104.6300	101.5380	4.1500	1	4.73E-02
0	104.5130	101.5120	4.1500	1	1.20E-02
0	104.3970	101.4860	4.1500	1	1.19E-02
0	103.7380	101.9840	4.1500	1	8.26E-02
0	103.1410	102.3250	4.1500	1	6.88E-02
0	102.7530	102.5010	4.1500	1	4.26E-02
0	102.3650	102.6770	4.1500	1	4.26E-02
0	101.9230	102.7960	4.1500	1	4.58E-02
0	105.2800	99.1540	4.1500	1	3.81E-02
0	105.2500	99.2740	4.1500	1	1.24E-02
0	105.2200	99.3940	4.1500	1	1.24E-02
0	105.5390	99.8570	4.1500	1	5.62E-02
0	105.5790	100.0160	4.1500	1	1.64E-02
0	105.5070	100.1950	4.1500	1	1.93E-02
0	105.2200	100.6070	4.1500	1	5.02E-02
0	101.9100	97.2110	4.1500	1	3.65E-02
0	102.4720	97.3820	4.1500	1	5.87E-02
0	103.1050	97.6600	4.1500	1	6.91E-02
0	103.6030	97.9330	4.1500	1	5.68E-02
0	104.0330	98.2170	4.1500	1	5.15E-02
0	104.3970	98.5120	4.1500	1	4.69E-02
0	101.2610	98.5700	4.1500	1	2.41E-02
0	101.8190	98.5490	4.1500	1	5.58E-02
0	101.9030	98.5620	4.1500	1	8.50E-03
0	101.9870	98.5750	4.1500	1	8.50E-03
0	102.0060	98.6590	4.1500	1	8.61E-03
0	102.0240	98.7430	4.1500	1	8.59E-03
0	102.0250	101.2570	4.1500	1	2.51E-01
0	102.0080	101.3390	4.1500	1	8.37E-03
0	101.9900	101.4220	4.1500	1	8.49E-03
0	101.9050	101.4360	4.1500	1	8.61E-03
0	101.8190	101.4500	4.1500	1	8.71E-03
0	101.3130	101.4250	4.1500	1	5.07E-02
0	101.2610	101.4300	4.1500	1	5.22E-03
0	101.3250	99.1710	4.1500	1	1.74E-02
0	101.3750	99.3230	4.1500	1	1.60E-02
0	101.3750	99.8510	4.1500	1	5.28E-02
0	101.3250	99.9890	4.1500	1	1.47E-02
0	101.3750	100.1490	4.1500	1	1.68E-02
0	101.3750	100.6770	4.1500	1	5.28E-02
0	101.3250	100.8290	4.1500	1	1.60E-02
0	99.1850	101.3140	4.1500	1	1.69E-02
0	99.1020	101.3000	4.1500	1	8.42E-03
0	98.8520	101.2700	4.1500	1	2.52E-02
0	98.6020	101.2400	4.1500	1	2.52E-02
0	98.5870	101.1630	4.1500	1	7.84E-03
0	98.5720	101.0870	4.1500	1	7.75E-03
0	98.5750	98.9130	4.1500	1	2.17E-01
0	98.5910	98.8350	4.1500	1	7.96E-03
0	98.6070	98.7570	4.1500	1	7.96E-03
0	99.1850	98.6860	4.1500	1	5.82E-02
0	99.1850	98.6860	4.2000	1	3.85E-04
0	104.6350	101.5400	4.2000	1	4.73E-02
0	104.5180	101.5150	4.2000	1	1.20E-02
0	104.4010	101.4900	4.2000	1	1.20E-02
0	103.7910	101.9540	4.2000	1	7.66E-02
0	103.1890	102.3020	4.2000	1	6.95E-02
0	102.8490	102.4680	4.2000	1	3.78E-02
0	102.5090	102.6330	4.2000	1	3.78E-02
0	101.9660	102.7860	4.2000	1	5.64E-02
0	105.2840	99.1480	4.2000	1	3.79E-02
0	105.2550	99.2690	4.2000	1	1.24E-02
0	105.2260	99.3910	4.2000	1	1.25E-02
0	105.5530	99.8680	4.2000	1	5.78E-02
0	105.5880	100.0340	4.2000	1	1.70E-02
0	105.4640	100.2770	4.2000	1	2.73E-02
0	105.2260	100.6130	4.2000	1	4.12E-02
0	101.9550	97.2210	4.2000	1	3.62E-02
0	102.5540	97.3840	4.2000	1	6.21E-02
0	102.8810	97.5450	4.2000	1	3.64E-02
0	103.2090	97.7060	4.2000	1	3.65E-02
0	103.6560	97.9620	4.2000	1	5.15E-02
0	104.0840	98.2510	4.2000	1	5.16E-02
0	104.4010	98.5080	4.2000	1	4.08E-02
0	101.2650	98.5690	4.2000	1	2.41E-02
0	101.8230	98.5470	4.2000	1	5.58E-02
0	101.9070	98.5600	4.2000	1	8.50E-03
0	101.9910	98.5740	4.2000	1	8.52E-03
0	102.0100	98.6580	4.2000	1	8.61E-03
0	102.0280	98.7420	4.2000	1	8.59E-03
0	102.0290	101.2580	4.2000	1	2.52E-01
0	102.0120	101.3410	4.2000	1	8.47E-03
0	101.9940	101.4230	4.2000	1	8.40E-03
0	101.9090	101.4370	4.2000	1	8.61E-03
0	101.8230	101.4520	4.2000	1	8.73E-03
0	101.3170	101.4260	4.2000	1	5.07E-02
0	101.2650	101.4310	4.2000	1	5.22E-03
0	101.2790	100	4.2000	1	1.10E-02
0	101.2580	100.0370	4.2000	1	4.25E-03
0	101.1940	100	4.2000	1	7.39E-03
0	101.2580	99.9630	4.2000	1	7.39E-03
0	101.3290	99.1820	4.2000	1	6.03E-03
0	101.3790	99.3400	4.2000	1	1.66E-02
0	101.3790	100.6600	4.2000	1	1.32E-01
0	101.3290	100.8180	4.2000	1	1.66E-02
0	99.1840	101.3150	4.2000	1	1.69E-02
0	99.1000	101.3010	4.2000	1	8.52E-03
0	98.8500	101.2710	4.2000	1	2.52E-02
0	98.6010	101.2410	4.2000	1	2.51E-02
0	98.5860	101.1650	4.2000	1	7.75E-03
0	98.5710	101.0880	4.2000	1	7.84E-03
0	98.5730	98.9120	4.2000	1	2.18E-01
0	98.5900	98.8340	4.2000	1	7.98E-03
0	98.6060	98.7550	4.2000	1	8.06E-03
0	99.1840	98.6850	4.2000	1	5.82E-02
0	99.1840	98.6850	4.2500	1	3.85E-04
0	104.6440	101.5370	4.2500	1	4.74E-02
0	104.5260	101.5130	4.2500	1	1.20E-02
0	104.4080	101.4890	4.2500	1	1.20E-02
0	103.8010	101.9540	4.2500	1	7.65E-02
0	103.2450	102.2780	4.2500	1	6.44E-02
0	102.9060	102.4440	4.2500	1	3.77E-02
0	102.5670	102.6100	4.2500	1	3.77E-02
0	102.0210	102.7690	4.2500	1	5.69E-02
0	105.2820	99.1380	4.2500	1	3.75E-02
0	105.2540	99.2590	4.2500	1	1.24E-02
0	105.2270	99.3800	4.2500	1	1.24E-02
0	105.5630	99.8680	4.2500	1	5.92E-02
0	105.5970	100.0340	4.2500	1	1.69E-02
0	105.4740	100.2760	4.2500	1	2.71E-02
0	105.2270	100.6230	4.2500	1	4.26E-02
0	102.0190	97.2300	4.2500	1	3.59E-02
0	102.6120	97.4120	4.2500	1	6.20E-02
0	102.9500	97.5810	4.2500	1	3.78E-02
0	103.2870	97.7500	4.2500	1	3.77E-02
0	103.9360	98.1380	4.2500	1	7.56E-02
0	104.4090	98.5100	4.2500	1	6.02E-02
0	101.2690	98.5670	4.2500	1	2.42E-02
0	101.8270	98.5460	4.2500	1	5.58E-02
0	101.9110	98.5590	4.2500	1	8.50E-03
0	101.9950	98.5720	4.2500	1	8.50E-03
0	102.0140	98.6560	4.2500	1	8.61E-03
0	102.0320	98.7400	4.2500	1	8.59E-03
0	102.0330	101.2600	4.2500	1	2.52E-01
0	102.0160	101.3420	4.2500	1	8.37E-03
0	101.9980	101.4250	4.2500	1	8.49E-03
0	101.9130	101.4390	4.2500	1	8.61E-03
0	101.8270	101.4530	4.2500	1	8.71E-03
0	101.3210	101.4280	4.2500	1	5.07E-02
0	101.2690	101.4330	4.2500	1	5.22E-03
0	101.3330	99.1970	4.2500	1	1.72E-02
0	101.3830	99.3610	4.2500	1	1.71E-02
0	101.3830	100.6390	4.2500	1	1.28E-01
0	101.3330	100.8030	4.2500	1	1.71E-02
0	99.1830	101.3170	4.2500	1	1.70E-02
0	99.0990	101.3030	4.2500	1	8.52E-03
0	98.8490	101.2730	4.2500	1	2.52E-02
0	98.5990	101.2420	4.2500	1	2.52E-02
0	98.5840	101.1660	4.2500	1	7.75E-03
0	98.5690	101.0890	4.2500	1	7.84E-03
0	98.5720	98.9110	4.2500	1	2.18E-01
0	98.5880	98.8330	4.2500	1	7.96E-03
0	98.6040	98.7540	4.2500	1	8.06E-03
0	99.1830	98.6830	4.2500	1	5.83E-02
0	99.1830	98.6830	4.3000	1	3.85E-04
0	104.6550	101.5280	4.3000	1	4.74E-02
0	104.5390	101.5060	4.3000	1	1.18E-02
0	104.4220	101.4840	4.3000	1	1.19E-02
0	103.8990	101.8920	4.3000	1	6.63E-02
0	103.2540	102.2690	4.3000	1	7.47E-02
0	102.9870	102.4110	4.3000	1	3.02E-02
0	102.7190	102.5530	4.3000	1	3.03E-02
0	102.1290	102.7430	4.3000	1	6.20E-02
0	105.2760	99.1250	4.3000	1	3.69E-02
0	105.2500	99.2450	4.3000	1	1.23E-02
0	105.2240	99.3650	4.3000	1	1.23E-02
0	105.5720	99.8670	4.3000	1	6.11E-02
0	105.6060	100.0340	4.3000	1	1.70E-02
0	105.4830	100.2750	4.3000	1	2.71E-02
0	105.2230	100.6380	4.3000	1	4.47E-02
0	102.1290	97.2570	4.3000	1	3.53E-02
0	102.7190	97.4450	4.3000	1	6.19E-02
0	103.0370	97.6130	4.3000	1	3.60E-02
0	103.3540	97.7820	4.3000	1	3.59E-02
0	103.9840	98.1760	4.3000	1	7.43E-02
0	104.4230	98.5170	4.3000	1	5.56E-02
0	101.2730	98.5660	4.3000	1	2.42E-02
0	101.8310	98.5440	4.3000	1	5.58E-02
0	101.9150	98.5570	4.3000	1	8.50E-03
0	101.9990	98.5710	4.3000	1	8.52E-03
0	102.0170	98.6550	4.3000	1	8.59E-03
0	102.0360	98.7390	4.3000	1	8.61E-03
0	102.0370	101.2610	4.3000	1	2.52E-01
0	102.0190	101.3440	4.3000	1	8.49E-03
0	102.0020	101.4260	4.3000	1	8.37E-03
0	101.9160	101.4400	4.3000	1	8.71E-03
0	101.8310	101.4550	4.3000	1	8.63E-03
0	101.3250	101.4290	4.3000	1	5.07E-02
0	101.2730	101.4340	4.3000	1	5.22E-03
0	101.3360	99.2140	4.3000	1	1.71E-02
0	101.3870	99.3870	4.3000	1	1.80E-02
0	101.3870	100.6130	4.3000	1	1.23E-01
0	101.3360	100.7860	4.3000	1	1.80E-02
0	99.1810	101.3180	4.3000	1	1.71E-02
0	99.0980	101.3040	4.3000	1	8.42E-03
0	98.8480	101.2740	4.3000	1	2.52E-02
0	98.5980	101.2440	4.3000	1	2.52E-02
0	98.5830	101.1670	4.3000	1	7.84E-03
0	98.5680	101.0900	4.3000	1	7.84E-03
0	98.5680	100.2430	4.3000	1	8.47E-02
0	98.5530	100.1670	4.3000	1	7.75E-03
0	98.5380	100.0900	4.3000	1	7.84E-03
0	98.5530	99.9240	4.3000	1	1.67E-02
0	98.5680	99.7570	4.3000	1	1.68E-02
0	98.5690	98.9100	4.3000	1	8.47E-02
0	98.5850	98.8320	4.3000	1	7.96E-03
0	98.6010	98.7540	4.3000	1	7.96E-03
0	99.1810	98.6820	4.3000	1	5.84E-02
0	99.1810	98.6820	4.3500	1	3.85E-04
0	104.6700	101.5150	4.3500	1	4.75E-02
0	104.5550	101.4940	4.3500	1	1.17E-02
0	104.4400	101.4730	4.3500	1	1.17E-02
0	103.8820	101.9050	4.3500	1	7.06E-02
0	103.3100	102.2470	4.3500	1	6.66E-02
0	103.0660	102.3790	4.3500	1	2.77E-02
0	102.8220	102.5110	4.3500	1	2.77E-02
0	102.2940	102.6940	4.3500	1	5.59E-02
0	105.2650	99.1090	4.3500	1	3.58E-02
0	105.2400	99.2270	4.3500	1	1.21E-02
0	105.2150	99.3450	4.3500	1	1.21E-02
0	105.5800	99.8670	4.3500	1	6.37E-02
0	105.6150	100.0340	4.3500	1	1.71E-02
0	105.4640	100.3140	4.3500	1	3.18E-02
0	105.2150	100.6590	4.3500	1	4.25E-02
0	102.2940	97.3050	4.3500	1	3.42E-02
0	102.8800	97.5100	4.3500	1	6.21E-02
0	103.1820	97.6800	4.3500	1	3.47E-02
0	103.4840	97.8490	4.3500	1	3.46E-02
0	104.0570	98.2250	4.3500	1	6.85E-02
0	104.4420	98.5280	4.3500	1	4.90E-02
0	101.2760	98.5640	4.3500	1	2.44E-02
0	101.8350	98.5430	4.3500	1	5.59E-02
0	101.9190	98.5560	4.3500	1	8.50E-03
0	102.0030	98.5690	4.3500	1	8.50E-03
0	102.0210	98.6530	4.3500	1	8.59E-03
0	102.0400	98.7370	4.3500	1	8.61E-03
0	102.0410	101.2630	4.3500	1	2.53E-01
0	102.0240	101.3450	4.3500	1	8.37E-03
0	102.0060	101.4280	4.3500	1	8.49E-03
0	101.9210	101.4420	4.3500	1	8.61E-03
0	101.8350	101.4560	4.3500	1	8.71E-03
0	101.3290	101.4310	4.3500	1	5.07E-02
0	101.2760	101.4360	4.3500	1	5.32E-03
0	101.3410	99.2340	4.3500	1	1.69E-02
0	101.3910	99.4180	4.3500	1	1.91E-02
0	101.3910	100.5820	4.3500	1	1.16E-01
0	101.3410	100.7660	4.3500	1	1.91E-02
0	99.1800	101.3190	4.3500	1	1.72E-02
0	99.0960	101.3050	4.3500	1	8.52E-03
0	98.8470	101.2750	4.3500	1	2.51E-02
0	98.5970	101.2450	4.3500	1	2.52E-02
0	98.5820	101.1680	4.3500	1	7.84E-03
0	98.5520	100.6770	4.3500	1	4.92E-02
0	98.5360	100.2630	4.3500	1	4.14E-02
0	98.5510	99.9240	4.3500	1	3.39E-02
0	98.5670	99.5850	4.3500	1	3.39E-02
0	98.5680	98.9080	4.3500	1	6.77E-02
0	98.5840	98.8310	4.3500	1	7.86E-03
0	98.6000	98.7530	4.3500	1	7.96E-03
0	99.1800	98.6810	4.3500	1	5.84E-02
0	99.1800	98.6810	4.4000	1	3.85E-04
0	104.6880	101.4950	4.4000	1	4.76E-02
0	104.5770	101.4760	4.4000	1	1.13E-02
0	104.4660	101.4570	4.4000	1	1.13E-02
0	103.9980	101.8290	4.4000	1	5.98E-02
0	103.4090	102.1980	4.4000	1	6.95E-02
0	103.1900	102.3240	4.4000	1	2.53E-02
0	102.9700	102.4490	4.4000	1	2.53E-02
0	102.4980	102.6320	4.4000	1	5.06E-02
0	105.2470	99.0880	4.4000	1	3.45E-02
0	105.2240	99.2030	4.4000	1	1.17E-02
0	105.2010	99.3180	4.4000	1	1.17E-02
0	105.5880	99.8660	4.4000	1	6.71E-02
0	105.6290	100.0050	4.4000	1	1.45E-02
0	105.4730	100.3140	4.4000	1	3.46E-02
0	105.2010	100.6860	4.4000	1	4.61E-02
0	102.4600	97.3590	4.4000	1	3.32E-02
0	103.0160	97.5690	4.4000	1	5.94E-02
0	103.2770	97.7230	4.4000	1	3.03E-02
0	103.5380	97.8780	4.4000	1	3.04E-02
0	103.9830	98.1620	4.4000	1	5.28E-02
0	104.4660	98.5440	4.4000	1	6.16E-02
0	101.2800	98.5630	4.4000	1	2.45E-02
0	101.8390	98.5410	4.4000	1	5.59E-02
0	101.9230	98.5540	4.4000	1	8.50E-03
0	102.0070	98.5670	4.4000	1	8.50E-03
0	102.0250	98.6520	4.4000	1	8.69E-03
0	102.0440	98.7360	4.4000	1	8.61E-03
0	102.0450	101.2640	4.4000	1	2.53E-01
0	102.0270	101.3470	4.4000	1	8.49E-03
0	102.0100	101.4300	4.4000	1	8.47E-03
0	101.9240	101.4440	4.4000	1	8.71E-03
0	101.8390	101.4580	4.4000	1	8.61E-03
0	101.3330	101.4320	4.4000	1	5.07E-02
0	101.2800	101.4370	4.4000	1	5.32E-03
0	101.3440	99.2580	4.4000	1	1.68E-02
0	101.3950	99.4560	4.4000	1	2.04E-02
0	101.3950	100.5440	4.4000	1	1.09E-01
0	101.3440	100.7420	4.4000	1	2.04E-02
0	99.1790	101.3200	4.4000	1	1.72E-02
0	99.0950	101.3060	4.4000	1	8.52E-03
0	98.8450	101.2760	4.4000	1	2.52E-02
0	98.5960	101.2460	4.4000	1	2.51E-02
0	98.5800	101.1690	4.4000	1	7.86E-03
0	98.5500	100.7350	4.4000	1	4.35E-02
0	98.5350	100.3770	4.4000	1	3.58E-02
0	98.5500	99.9240	4.4000	1	4.53E-02
0	98.5650	99.4710	4.4000	1	4.53E-02
0	98.5820	99.1110	4.4000	1	3.60E-02
0	98.5980	98.7520	4.4000	1	3.59E-02
0	99.1790	98.6800	4.4000	1	5.85E-02
0	99.1790	98.6800	4.4500	1	3.85E-04
0	104.5000	101.4320	4.4500	1	4.61E-02
0	104.0460	101.7960	4.4500	1	5.82E-02
0	103.5910	102.0960	4.4500	1	5.45E-02
0	103.3620	102.2350	4.4500	1	2.68E-02
0	103.1330	102.3750	4.4500	1	2.68E-02
0	102.6700	102.5700	4.4500	1	5.02E-02
0	105.1800	99.2830	4.4500	1	3.18E-02
0	105.5960	99.8650	4.4500	1	7.15E-02
0	105.6280	100.0390	4.4500	1	1.77E-02
0	105.4530	100.3530	4.4500	1	3.59E-02
0	105.1800	100.7220	4.4500	1	4.59E-02
0	102.6260	97.4170	4.4500	1	3.21E-02
0	103.1610	97.6370	4.4500	1	5.78E-02
0	103.3970	97.7840	4.4500	1	2.78E-02
0	103.6330	97.9310	4.4500	1	2.78E-02
0	104.0830	98.2300	4.4500	1	5.40E-02
0	104.5000	98.5680	4.4500	1	5.37E-02
0	101.2840	98.5610	4.4500	1	2.47E-02
0	101.8430	98.5400	4.4500	1	5.59E-02
0	101.9270	98.5530	4.4500	1	8.50E-03
0	102.0110	98.5660	4.4500	1	8.50E-03
0	102.0290	98.6500	4.4500	1	8.59E-03
0	102.0480	98.7340	4.4500	1	8.61E-03
0	102.0490	101.2660	4.4500	1	2.53E-01
0	102.0310	101.3490	4.4500	1	8.49E-03
0	102.0140	101.4310	4.4500	1	8.37E-03
0	101.9280	101.4450	4.4500	1	8.71E-03
0	101.8430	101.4590	4.4500	1	8.61E-03
0	101.3370	101.4340	4.4500	1	5.07E-02
0	101.2840	101.4390	4.4500	1	5.32E-03
0	101.3440	99.2800	4.4500	1	1.66E-02
0	101.3940	99.5010	4.4500	1	2.27E-02
0	101.3970	100.4980	4.4500	1	9.97E-02
0	101.3480	100.7150	4.4500	1	2.22E-02
0	99.1780	101.3220	4.4500	1	1.73E-02
0	99.0940	101.3080	4.4500	1	8.52E-03
0	98.8440	101.2780	4.4500	1	2.52E-02
0	98.5940	101.2470	4.4500	1	2.52E-02
0	98.5790	101.1710	4.4500	1	7.75E-03
0	98.5490	100.7810	4.4500	1	3.91E-02
0	98.5340	100.4680	4.4500	1	3.13E-02
0	98.5340	99.5320	4.4500	1	9.36E-02
0	98.5490	99.4570	4.4500	1	7.65E-03
0	98.5640	99.3810	4.4500	1	7.75E-03
0	98.5800	99.0660	4.4500	1	3.15E-02
0	98.5970	98.7500	4.4500	1	3.16E-02
0	99.1780	98.6780	4.4500	1	5.85E-02
0	99.1780	98.6780	4.5000	1	3.85E-04
0	104.5500	101.3950	4.5000	1	4.63E-02
0	104.1770	101.7030	4.5000	1	4.84E-02
0	103.7410	101.9970	4.5000	1	5.26E-02
0	103.3040	102.2910	4.5000	1	5.27E-02
0	102.8480	102.4990	4.5000	1	5.01E-02
0	105.1460	99.2340	4.5000	1	3.07E-02
0	105.6020	99.8640	4.5000	1	7.78E-02
0	105.6360	100.0390	4.5000	1	1.78E-02
0	105.4590	100.3530	4.5000	1	3.60E-02
0	105.1460	100.7700	4.5000	1	5.21E-02
0	102.7920	97.4820	4.5000	1	3.11E-02
0	103.2880	97.6990	4.5000	1	5.41E-02
0	103.5080	97.8430	4.5000	1	2.63E-02
0	103.7270	97.9860	4.5000	1	2.62E-02
0	104.1410	98.2720	4.5000	1	5.03E-02
0	104.5470	98.6050	4.5000	1	5.25E-02
0	101.2880	98.5600	4.5000	1	2.51E-02
0	101.8470	98.5380	4.5000	1	5.59E-02
0	101.9310	98.5510	4.5000	1	8.50E-03
0	102.0150	98.5640	4.5000	1	8.50E-03
0	102.0330	98.6480	4.5000	1	8.59E-03
0	102.0510	98.7320	4.5000	1	8.59E-03
0	102.0530	101.2680	4.5000	1	2.54E-01
0	102.0350	101.3500	4.5000	1	8.40E-03
0	102.0180	101.4330	4.5000	1	8.47E-03
0	101.9320	101.4470	4.5000	1	8.71E-03
0	101.8470	101.4610	4.5000	1	8.61E-03
0	101.3410	101.4350	4.5000	1	5.07E-02
0	101.2880	101.4400	4.5000	1	5.32E-03
0	101.3520	99.3160	4.5000	1	1.63E-02
0	101.4020	99.5580	4.5000	1	2.47E-02
0	101.4020	100.4420	4.5000	1	8.84E-02
0	101.3520	100.6840	4.5000	1	2.47E-02
0	99.1760	101.3230	4.5000	1	1.74E-02
0	99.0920	101.3090	4.5000	1	8.52E-03
0	98.8430	101.2790	4.5000	1	2.51E-02
0	98.5930	101.2490	4.5000	1	2.52E-02
0	98.5780	101.1720	4.5000	1	7.84E-03
0	98.5480	100.8190	4.5000	1	3.54E-02
0	98.5320	100.5430	4.5000	1	2.76E-02
0	98.5320	99.4570	4.5000	1	1.09E-01
0	98.5480	99.3810	4.5000	1	7.77E-03
0	98.5630	99.3050	4.5000	1	7.75E-03
0	98.5790	99.0270	4.5000	1	2.78E-02
0	98.5960	98.7490	4.5000	1	2.79E-02
0	99.1760	98.6770	4.5000	1	5.84E-02
0	99.1760	98.6770	4.5500	1	3.85E-04
0	99.1750	101.3240	4.5500	1	2.04E-02
0	99.0910	101.3100	4.5500	1	8.52E-03
0	98.8410	101.2800	4.5500	1	2.52E-02
0	98.5920	101.2500	4.5500	1	2.51E-02
0	98.5770	101.1900	4.5500	1	6.18E-03
0	98.5470	100.8690	4.5500	1	3.22E-02
0	98.5310	100.6080	4.5500	1	2.61E-02
0	98.5310	99.3920	4.5500	1	1.22E-01
0	98.5450	99.3330	4.5500	1	6.06E-03
0	98.5600	99.2730	4.5500	1	6.18E-03
0	98.5770	99.0100	4.5500	1	2.64E-02
0	98.5940	98.7480	4.5500	1	2.63E-02
0	99.1750	98.6760	4.5500	1	5.85E-02
0	101.3560	100.6480	4.5500	1	2.26E-02
0	101.3560	100.5080	4.5500	1	1.40E-02
0	101.4060	100.3700	4.5500	1	1.47E-02
0	101.4060	99.6300	4.5500	1	7.40E-02
0	101.3560	99.3520	4.5500	1	2.82E-02
0	101.2920	98.5580	4.5500	1	6.13E-03
0	101.8510	98.5370	4.5500	1	5.59E-02
0	101.9350	98.5500	4.5500	1	8.50E-03
0	102.0190	98.5630	4.5500	1	8.50E-03
0	102.0370	98.6470	4.5500	1	8.59E-03
0	102.0550	98.7310	4.5500	1	8.59E-03
0	102.0570	101.2690	4.5500	1	2.54E-01
0	102.0390	101.3520	4.5500	1	8.49E-03
0	102.0220	101.4340	4.5500	1	8.37E-03
0	101.9360	101.4480	4.5500	1	8.71E-03
0	101.8510	101.4620	4.5500	1	8.61E-03
0	101.3450	101.4370	4.5500	1	5.07E-02
0	101.2920	101.4420	4.5500	1	5.32E-03
0	102.9480	97.5510	4.5500	1	3.25E-02
0	103.6370	97.8950	4.5500	1	7.70E-02
0	103.9480	98.1270	4.5500	1	3.88E-02
0	104.2600	98.3600	4.5500	1	3.89E-02
0	104.6190	98.6650	4.5500	1	4.71E-02
0	105.0860	99.1480	4.5500	1	5.17E-03
0	105.4080	99.5670	4.5500	1	5.28E-02
0	105.6470	99.9840	4.5500	1	4.81E-02
0	105.6190	100.1110	4.5500	1	1.30E-02
0	105.3400	100.5360	4.5500	1	5.08E-02
0	105.0900	100.8460	4.5500	1	3.98E-02
0	104.6270	101.3290	4.5500	1	5.15E-03
0	104.2980	101.6000	4.5500	1	4.26E-02
0	104.0780	101.7690	4.5500	1	2.77E-02
0	103.8580	101.9380	4.5500	1	2.77E-02
0	103.6380	102.1070	4.5500	1	2.77E-02
0	103.1380	102.3740	4.5500	1	5.67E-02
0	103.1380	102.3740	4.6000	1	3.85E-04
0	99.1740	101.3250	4.6000	1	3.15E-02
0	98.5940	101.2540	4.6000	1	5.84E-02
0	98.5780	101.1760	4.6000	1	7.96E-03
0	98.5620	101.0980	4.6000	1	7.96E-03
0	98.5460	100.7630	4.6000	1	3.35E-02
0	98.5300	100.4270	4.6000	1	3.36E-02
0	98.5300	99.5730	4.6000	1	6.57E-03
0	98.5450	99.2380	4.6000	1	3.35E-02
0	98.5600	98.9020	4.6000	1	3.36E-02
0	98.5750	98.8250	4.6000	1	7.84E-03
0	98.5910	98.7470	4.6000	1	7.96E-03
0	98.8400	98.7180	4.6000	1	2.51E-02
0	99.0890	98.6890	4.6000	1	2.51E-02
0	99.1740	98.6750	4.6000	1	8.61E-03
0	101.3600	100.6080	4.6000	1	2.24E-02
0	101.3600	100.4090	4.6000	1	1.99E-02
0	101.4100	100.2710	4.6000	1	1.47E-02
0	101.4100	99.7290	4.6000	1	5.42E-02
0	101.3600	99.5910	4.6000	1	1.47E-02
0	101.3600	99.3920	4.6000	1	1.99E-02
0	101.2960	98.5560	4.6000	1	6.45E-03
0	101.8550	98.5350	4.6000	1	5.59E-02
0	101.9390	98.5480	4.6000	1	8.50E-03
0	102.0230	98.5610	4.6000	1	8.50E-03
0	102.0410	98.6450	4.6000	1	8.59E-03
0	102.0590	98.7290	4.6000	1	8.59E-03
0	102.0610	101.2710	4.6000	1	2.54E-01
0	102.0430	101.3530	4.6000	1	8.40E-03
0	102.0260	101.4360	4.6000	1	8.47E-03
0	101.9400	101.4500	4.6000	1	8.71E-03
0	101.8550	101.4640	4.6000	1	8.61E-03
0	101.3490	101.4380	4.6000	1	5.07E-02
0	101.2960	101.4440	4.6000	1	5.33E-03
0	103.1230	97.6260	4.6000	1	3.26E-02
0	103.8060	97.9880	4.6000	1	7.73E-02
0	104	98.1500	4.6000	1	2.53E-02
0	104.1950	98.3120	4.6000	1	2.54E-02
0	104.6530	98.7000	4.6000	1	6.00E-02
0	104.8910	98.8890	4.6000	1	3.04E-02
0	105.1670	99.2470	4.6000	1	4.52E-02
0	105.4430	99.6050	4.6000	1	4.52E-02
0	105.6420	99.9140	4.6000	1	3.68E-02
0	105.6330	100.0830	4.6000	1	1.69E-02
0	105.1870	100.7370	4.6000	1	7.92E-02
0	104.9770	100.9810	4.6000	1	3.22E-02
0	104.7670	101.2260	4.6000	1	3.23E-02
0	104.3780	101.5330	4.6000	1	4.96E-02
0	103.9900	101.8400	4.6000	1	4.95E-02
0	103.8970	101.9260	4.6000	1	1.27E-02
0	103.8040	102.0120	4.6000	1	1.27E-02
0	103.3070	102.2850	4.6000	1	5.67E-02
0	103.1160	102.3770	4.6000	1	2.12E-02
0	103.1160	102.3770	4.6500	1	3.85E-04
0	99.1720	101.3270	4.6500	1	3.14E-02
0	98.5950	101.2560	4.6500	1	5.81E-02
0	98.5780	101.1780	4.6500	1	7.98E-03
0	98.5610	101.0990	4.6500	1	8.08E-03
0	98.5450	100.8410	4.6500	1	2.58E-02
0	98.5290	100.5830	4.6500	1	2.58E-02
0	98.5290	99.4170	4.6500	1	8.97E-03
0	98.5440	99.1590	4.6500	1	2.58E-02
0	98.5590	98.9010	4.6500	1	2.58E-02
0	98.5740	98.8240	4.6500	1	7.84E-03
0	98.5890	98.7460	4.6500	1	7.94E-03
0	98.8390	98.7170	4.6500	1	2.52E-02
0	99.0880	98.6870	4.6500	1	2.51E-02
0	99.1720	98.6730	4.6500	1	8.52E-03
0	101.3640	99.4380	4.6500	1	1.79E-02
0	101.4140	100.0330	4.6500	1	5.97E-02
0	101.3640	100.1880	4.6500	1	1.63E-02
0	101.3640	100.5620	4.6500	1	3.74E-02
0	101.3000	98.5550	4.6500	1	1.54E-02
0	101.8590	98.5340	4.6500	1	5.59E-02
0	101.9430	98.5470	4.6500	1	8.50E-03
0	102.0280	98.5600	4.6500	1	8.60E-03
0	102.0950	98.9190	4.6500	1	3.65E-02
0	102.0950	101.0810	4.6500	1	2.16E-01
0	102.0200	101.4410	4.6500	1	3.68E-02
0	101.9400	101.4530	4.6500	1	8.09E-03
0	101.8590	101.4650	4.6500	1	8.19E-03
0	101.3530	101.4400	4.6500	1	5.07E-02
0	101.3000	101.4450	4.6500	1	5.32E-03
0	103.2900	97.7070	4.6500	1	3.26E-02
0	103.9640	98.0910	4.6500	1	7.76E-02
0	104.2740	98.3610	4.6500	1	4.11E-02
0	104.5850	98.6320	4.6500	1	4.13E-02
0	104.7560	98.7820	4.6500	1	2.27E-02
0	104.9270	98.9310	4.6500	1	2.27E-02
0	105.2280	99.3230	4.6500	1	4.94E-02
0	105.5290	99.7150	4.6500	1	4.94E-02
0	105.6530	99.9440	4.6500	1	2.60E-02
0	105.6240	100.1370	4.6500	1	1.95E-02
0	105.2880	100.6140	4.6500	1	5.83E-02
0	105.1080	100.8420	4.6500	1	2.90E-02
0	104.9270	101.0690	4.6500	1	2.90E-02
0	104.5420	101.3950	4.6500	1	5.04E-02
0	104.1560	101.7200	4.6500	1	5.05E-02
0	104.0500	101.8200	4.6500	1	1.46E-02
0	103.9440	101.9210	4.6500	1	1.46E-02
0	103.4000	102.2410	4.6500	1	6.31E-02
0	103.2750	102.3050	4.6500	1	1.40E-02
0	103.2750	102.3050	4.7000	1	3.85E-04
0	103.4410	97.7950	4.7000	1	3.47E-02
0	104.1020	98.1940	4.7000	1	7.72E-02
0	104.3830	98.4490	4.7000	1	3.79E-02
0	104.6650	98.7040	4.7000	1	3.80E-02
0	105.2480	99.3260	4.7000	1	8.53E-02
0	105.6400	99.8930	4.7000	1	6.89E-02
0	105.6580	100.0640	4.7000	1	1.72E-02
0	105.2650	100.6520	4.7000	1	7.07E-02
0	104.8480	101.1160	4.7000	1	6.24E-02
0	104.3140	101.6000	4.7000	1	7.21E-02
0	104.2080	101.7030	4.7000	1	1.48E-02
0	104.1020	101.8060	4.7000	1	1.48E-02
0	103.6610	102.0880	4.7000	1	5.23E-02
0	103.4510	102.2040	4.7000	1	2.40E-02
0	101.3680	100.5080	4.7000	1	2.07E-02
0	101.3680	99.4920	4.7000	1	1.02E-01
0	101.3040	98.5530	4.7000	1	7.24E-03
0	101.8630	98.5320	4.7000	1	5.59E-02
0	101.9470	98.5450	4.7000	1	8.50E-03
0	102.0320	98.5590	4.7000	1	8.61E-03
0	102.0990	98.8240	4.7000	1	2.73E-02
0	102.0990	101.1760	4.7000	1	2.35E-01
0	102.0260	101.4410	4.7000	1	2.75E-02
0	101.9440	101.4540	4.7000	1	8.30E-03
0	101.8630	101.4670	4.7000	1	8.20E-03
0	101.3570	101.4410	4.7000	1	5.07E-02
0	101.3040	101.4470	4.7000	1	5.33E-03
0	98.5270	99.3170	4.7000	1	2.69E-02
0	98.5950	98.7530	4.7000	1	5.68E-02
0	99.0940	98.6860	4.7000	1	5.03E-02
0	99.1710	98.6720	4.7000	1	7.83E-03
0	99.1710	101.3280	4.7000	1	2.04E-02
0	98.5940	101.2580	4.7000	1	5.81E-02
0	98.5270	100.6830	4.7000	1	5.79E-02
0	98.5270	100.6830	4.7500	1	3.85E-04
0	103.6070	97.8900	4.7500	1	4.46E-02
0	104.2290	98.2890	4.7500	1	7.39E-02
0	104.4860	98.5320	4.7500	1	3.54E-02
0	104.7430	98.7760	4.7500	1	3.54E-02
0	105.2840	99.3690	4.7500	1	8.03E-02
0	105.6460	99.8940	4.7500	1	6.38E-02
0	105.6660	100.0600	4.7500	1	1.67E-02
0	105.3320	100.5690	4.7500	1	6.09E-02
0	104.9650	100.9970	4.7500	1	5.64E-02
0	104.4760	101.4680	4.7500	1	6.79E-02
0	104.3530	101.5890	4.7500	1	1.73E-02
0	104.2290	101.7110	4.7500	1	1.74E-02
0	103.6160	102.1100	4.7500	1	7.31E-02
0	101.3720	100.4460	4.7500	1	2.15E-02
0	101.3720	99.5540	4.7500	1	8.92E-02
0	101.3080	98.5520	4.7500	1	7.72E-03
0	101.8660	98.5300	4.7500	1	5.58E-02
0	101.9510	98.5440	4.7500	1	8.61E-03
0	102.0360	98.5570	4.7500	1	8.60E-03
0	102.1030	98.8090	4.7500	1	2.61E-02
0	102.1030	101.1910	4.7500	1	2.38E-01
0	102.0310	101.4430	4.7500	1	2.62E-02
0	101.9490	101.4560	4.7500	1	8.30E-03
0	101.8660	101.4680	4.7500	1	8.39E-03
0	101.3610	101.4430	4.7500	1	5.06E-02
0	101.3080	101.4480	4.7500	1	5.32E-03
0	98.5260	99.2410	4.7500	1	2.73E-02
0	98.5870	98.7440	4.7500	1	5.01E-02
0	98.8360	98.7140	4.7500	1	2.51E-02
0	99.0850	98.6850	4.7500	1	2.51E-02
0	99.1700	98.6710	4.7500	1	8.61E-03
0	99.1700	101.3290	4.7500	1	2.04E-02
0	98.5920	101.2590	4.7500	1	5.82E-02
0	98.5260	100.7630	4.7500	1	5.00E-02
0	98.5260	100.7630	4.8000	1	3.85E-04
0	103.7720	97.9910	4.8000	1	4.56E-02
0	104.3530	98.3870	4.8000	1	7.03E-02
0	104.5870	98.6180	4.8000	1	3.29E-02
0	104.8210	98.8480	4.8000	1	3.28E-02
0	105.3200	99.4100	4.8000	1	7.52E-02
0	105.6510	99.8960	4.8000	1	5.88E-02
0	105.6710	100.0600	4.8000	1	1.65E-02
0	105.3030	100.6000	4.8000	1	6.53E-02
0	104.8370	101.1360	4.8000	1	7.10E-02
0	104.6650	101.3180	4.8000	1	2.50E-02
0	104.4940	101.5010	4.8000	1	2.50E-02
0	103.9960	101.8760	4.8000	1	6.23E-02
0	103.7690	102.0210	4.8000	1	2.69E-02
0	101.3760	100.3720	4.8000	1	2.24E-02
0	101.3760	99.6280	4.8000	1	7.44E-02
0	101.3120	98.5500	4.8000	1	8.31E-03
0	101.8700	98.5290	4.8000	1	5.58E-02
0	101.9550	98.5420	4.8000	1	8.60E-03
0	102.0400	98.5560	4.8000	1	8.61E-03
0	102.1070	98.8090	4.8000	1	2.62E-02
0	102.1070	101.1910	4.8000	1	2.38E-01
0	102.0350	101.4440	4.8000	1	2.63E-02
0	101.9530	101.4570	4.8000	1	8.30E-03
0	101.8700	101.4700	4.8000	1	8.40E-03
0	101.3650	101.4440	4.8000	1	5.06E-02
0	101.3120	101.4500	4.8000	1	5.33E-03
0	98.5250	99.1780	4.8000	1	2.77E-02
0	98.5860	98.7420	4.8000	1	4.40E-02
0	98.8350	98.7130	4.8000	1	2.51E-02
0	99.0840	98.6840	4.8000	1	2.51E-02
0	99.1680	98.6700	4.8000	1	8.52E-03
0	99.1680	101.3300	4.8000	1	2.05E-02
0	98.5910	101.2600	4.8000	1	5.81E-02
0	98.5250	100.8230	4.8000	1	4.42E-02
0	98.5250	100.8230	4.8500	1	3.85E-04
0	103.9380	98.1000	4.8500	1	4.66E-02
0	104.4750	98.4880	4.8500	1	6.63E-02
0	104.6860	98.7050	4.8500	1	3.03E-02
0	104.8980	98.9210	4.8500	1	3.03E-02
0	105.3560	99.4520	4.8500	1	7.01E-02
0	105.6560	99.8960	4.8500	1	5.36E-02
0	105.6780	100.0540	4.8500	1	1.60E-02
0	105.3690	100.5250	4.8500	1	5.63E-02
0	104.9120	101.0630	4.8500	1	7.06E-02
0	104.7010	101.2810	4.8500	1	3.03E-02
0	104.4900	101.4990	4.8500	1	3.03E-02
0	103.9480	101.9000	4.8500	1	6.74E-02
0	101.3800	100.2790	4.8500	1	2.34E-02
0	101.3800	99.7210	4.8500	1	5.58E-02
0	101.3160	98.5490	4.8500	1	9.03E-03
0	101.8740	98.5270	4.8500	1	5.58E-02
0	101.9590	98.5410	4.8500	1	8.61E-03
0	102.0440	98.5540	4.8500	1	8.60E-03
0	102.1100	98.8090	4.8500	1	2.63E-02
0	102.1100	101.1910	4.8500	1	2.38E-01
0	102.0390	101.4460	4.8500	1	2.65E-02
0	101.9560	101.4590	4.8500	1	8.40E-03
0	101.8740	101.4710	4.8500	1	8.29E-03
0	101.3690	101.4460	4.8500	1	5.06E-02
0	101.3160	101.4510	4.8500	1	5.32E-03
0	98.5260	99.1280	4.8500	1	2.79E-02
0	98.5850	98.7410	4.8500	1	3.91E-02
0	98.8330	98.7120	4.8500	1	2.50E-02
0	99.0820	98.6830	4.8500	1	2.51E-02
0	99.1670	98.6680	4.8500	1	8.63E-03
0	99.1670	101.3320	4.8500	1	2.05E-02
0	99.0830	101.3180	4.8500	1	8.52E-03
0	98.8330	101.2880	4.8500	1	2.52E-02
0	98.5840	101.2580	4.8500	1	2.51E-02
0	98.5260	100.8740	4.8500	1	3.88E-02
0	98.5260	100.8740	4.9000	1	3.85E-04
0	104.1040	98.2160	4.9000	1	4.75E-02
0	104.5940	98.5910	4.9000	1	6.17E-02
0	104.7790	98.7880	4.9000	1	2.70E-02
0	104.9630	98.9850	4.9000	1	2.70E-02
0	105.3410	99.4280	4.9000	1	5.82E-02
0	105.6310	99.8470	4.9000	1	5.10E-02
0	105.6920	100.0020	4.9000	1	1.67E-02
0	105.6560	100.1160	4.9000	1	1.20E-02
0	105.3130	100.6080	4.9000	1	6.00E-02
0	104.9860	100.9910	4.9000	1	5.04E-02
0	104.7970	101.1940	4.9000	1	2.77E-02
0	104.6070	101.3970	4.9000	1	2.78E-02
0	104.1200	101.7770	4.9000	1	6.18E-02
0	101.3840	100.1490	4.9000	1	2.45E-02
0	101.3840	99.8510	4.9000	1	2.98E-02
0	101.3200	98.5470	4.9000	1	1.00E-02
0	101.8780	98.5260	4.9000	1	5.58E-02
0	101.9630	98.5390	4.9000	1	8.60E-03
0	102.0480	98.5530	4.9000	1	8.61E-03
0	102.1140	98.8090	4.9000	1	2.64E-02
0	102.1140	101.1910	4.9000	1	2.38E-01
0	102.0420	101.4470	4.9000	1	2.66E-02
0	101.9600	101.4600	4.9000	1	8.30E-03
0	101.8780	101.4730	4.9000	1	8.30E-03
0	101.3730	101.4480	4.9000	1	5.06E-02
0	101.3200	101.4530	4.9000	1	5.32E-03
0	98.5290	99.0870	4.9000	1	2.81E-02
0	98.5830	98.7400	4.9000	1	3.51E-02
0	98.8320	98.7100	4.9000	1	2.51E-02
0	99.0810	98.6810	4.9000	1	2.51E-02
0	99.1660	98.6670	4.9000	1	8.61E-03
0	99.1660	101.3330	4.9000	1	2.05E-02
0	99.0810	101.3190	4.9000	1	8.61E-03
0	98.8320	101.2890	4.9000	1	2.51E-02
0	98.5830	101.2600	4.9000	1	2.51E-02
0	98.5300	100.9170	4.9000	1	3.47E-02
0	98.5300	100.9170	4.9500	1	3.85E-04
0	104.4140	98.4470	4.9500	1	4.91E-02
0	104.9600	98.9350	4.9500	1	7.32E-02
0	105.1940	99.2350	4.9500	1	3.80E-02
0	105.4280	99.5340	4.9500	1	3.80E-02
0	105.6890	99.9530	4.9500	1	4.94E-02
0	105.6630	100.0920	4.9500	1	1.41E-02
0	105.4410	100.4460	4.9500	1	4.18E-02
0	105.1250	100.8400	4.9500	1	5.05E-02
0	105.0440	100.9540	4.9500	1	1.40E-02
0	104.9620	101.0670	4.9500	1	1.40E-02
0	104.4490	101.5290	4.9500	1	6.90E-02
0	104.2790	101.6590	4.9500	1	2.14E-02
0	102.1150	101.2010	4.9500	1	1.70E-02
0	102.0520	101.4490	4.9500	1	2.56E-02
0	101.9670	101.4620	4.9500	1	8.60E-03
0	101.8820	101.4760	4.9500	1	8.61E-03
0	101.3240	101.4540	4.9500	1	5.58E-02
0	101.3240	98.5460	4.9500	1	2.24E-02
0	101.8820	98.5240	4.9500	1	5.58E-02
0	101.9670	98.5380	4.9500	1	8.61E-03
0	102.0520	98.5510	4.9500	1	8.60E-03
0	102.1150	98.7990	4.9500	1	2.56E-02
0	98.5300	99.0510	4.9500	1	2.76E-02
0	98.5820	98.7380	4.9500	1	3.17E-02
0	98.8310	98.7090	4.9500	1	2.51E-02
0	99.0800	98.6800	4.9500	1	2.51E-02
0	99.1640	98.6660	4.9500	1	8.52E-03
0	99.1640	101.3340	4.9500	1	2.05E-02
0	99.0800	101.3200	4.9500	1	8.52E-03
0	98.8310	101.2910	4.9500	1	2.51E-02
0	98.5820	101.2610	4.9500	1	2.51E-02
0	98.5300	100.9490	4.9500	1	3.16E-02
0	98.5300	100.9490	5	1	3.85E-04
0	102.1030	101.2510	5	1	2.76E-02
0	102.0560	101.4500	5	1	2.04E-02
0	101.9710	101.4640	5	1	8.61E-03
0	101.8860	101.4770	5	1	8.60E-03
0	101.3280	101.4560	5	1	5.58E-02
0	104.4450	98.4760	5	1	3.32E-02
0	104.7850	98.7920	5	1	4.64E-02
0	105.1250	99.1070	5	1	4.63E-02
0	105.3210	99.3830	5	1	3.39E-02
0	105.5180	99.6590	5	1	3.39E-02
0	105.6960	99.9930	5	1	3.78E-02
0	105.6680	100.1120	5	1	1.22E-02
0	105.2790	100.6500	5	1	6.64E-02
0	105.1890	100.7810	5	1	1.59E-02
0	105.0980	100.9130	5	1	1.60E-02
0	104.5470	101.4450	5	1	7.66E-02
0	104.4440	101.5280	5	1	1.32E-02
0	101.3280	98.5440	5	1	3.32E-02
0	101.8860	98.5230	5	1	5.58E-02
0	101.9710	98.5360	5	1	8.60E-03
0	102.0560	98.5500	5	1	8.61E-03
0	102.1040	98.7500	5	1	2.06E-02
0	98.5320	99.0200	5	1	2.76E-02
0	98.5810	98.7370	5	1	2.87E-02
0	98.8300	98.7080	5	1	2.51E-02
0	99.0780	98.6790	5	1	2.50E-02
0	99.1630	98.6650	5	1	8.61E-03
0	99.1630	101.3350	5	1	2.05E-02
0	99.0780	101.3210	5	1	8.61E-03
0	98.8290	101.2920	5	1	2.51E-02
0	98.5810	101.2630	5	1	2.50E-02
0	98.5320	100.9800	5	1	2.87E-02
0	98.5320	100.9800	5.0500	1	3.85E-04
0	102.1050	101.2600	5.0500	1	2.76E-02
0	102.0550	101.4500	5.0500	1	1.96E-02
0	101.9730	101.4640	5.0500	1	8.32E-03
0	101.8900	101.4770	5.0500	1	8.40E-03
0	101.3320	101.4570	5.0500	1	5.58E-02
0	99.1620	101.3370	5.0500	1	1.67E-02
0	99.0770	101.3220	5.0500	1	8.63E-03
0	98.8280	101.2930	5.0500	1	2.51E-02
0	98.5790	101.2640	5.0500	1	2.51E-02
0	98.5340	101.0110	5.0500	1	2.57E-02
0	98.5330	98.9930	5.0500	1	1.55E-02
0	98.5790	98.7360	5.0500	1	2.61E-02
0	98.8280	98.7070	5.0500	1	2.51E-02
0	99.0770	98.6780	5.0500	1	2.51E-02
0	99.1620	98.6630	5.0500	1	8.63E-03
0	101.3320	98.5430	5.0500	1	1.67E-02
0	101.8900	98.5210	5.0500	1	5.58E-02
0	101.9750	98.5350	5.0500	1	8.61E-03
0	102.0600	98.5480	5.0500	1	8.60E-03
0	102.0830	98.6440	5.0500	1	9.87E-03
0	102.1050	98.7400	5.0500	1	9.85E-03
0	104.6060	98.6150	5.0500	1	1.93E-02
0	104.9230	98.9260	5.0500	1	4.44E-02
0	105.2410	99.2370	5.0500	1	4.45E-02
0	105.4430	99.5360	5.0500	1	3.61E-02
0	105.6450	99.8350	5.0500	1	3.61E-02
0	105.6930	100.0050	5.0500	1	1.77E-02
0	105.6330	100.1870	5.0500	1	1.92E-02
0	105.4500	100.4610	5.0500	1	3.29E-02
0	105.2660	100.7360	5.0500	1	3.31E-02
0	104.7300	101.2770	5.0500	1	7.62E-02
0	104.6090	101.3830	5.0500	1	1.61E-02
0	104.6090	101.3830	5.1000	1	3.85E-04
0	104.7740	98.7690	5.1000	1	2.01E-02
0	105.3380	99.3590	5.1000	1	8.16E-02
0	105.6730	99.8930	5.1000	1	6.30E-02
0	105.7000	100.0500	5.1000	1	1.59E-02
0	105.3530	100.6150	5.1000	1	6.63E-02
0	104.7740	101.2310	5.1000	1	8.45E-02
0	102.1090	101.2600	5.1000	1	2.05E-02
0	102.0590	101.4520	5.1000	1	1.98E-02
0	101.9770	101.4650	5.1000	1	8.30E-03
0	101.8940	101.4780	5.1000	1	8.40E-03
0	101.3360	101.4590	5.1000	1	5.58E-02
0	101.3360	98.5410	5.1000	1	2.24E-02
0	101.8940	98.5200	5.1000	1	5.58E-02
0	101.9790	98.5330	5.1000	1	8.60E-03
0	102.0640	98.5470	5.1000	1	8.61E-03
0	102.0870	98.6430	5.1000	1	9.87E-03
0	102.1090	98.7400	5.1000	1	9.95E-03
0	98.5320	98.9690	5.1000	1	2.76E-02
0	98.5750	98.7420	5.1000	1	2.31E-02
0	98.8270	98.7090	5.1000	1	2.54E-02
0	99.0790	98.6760	5.1000	1	2.54E-02
0	99.1600	98.6620	5.1000	1	8.22E-03
0	99.1610	101.3380	5.1000	1	2.06E-02
0	99.0760	101.3240	5.1000	1	8.61E-03
0	98.8270	101.2940	5.1000	1	2.51E-02
0	98.5780	101.2650	5.1000	1	2.51E-02
0	98.5330	101.0310	5.1000	1	2.38E-02
0	98.5330	101.0310	5.1500	1	3.85E-04
0	104.9370	98.9300	5.1500	1	5.18E-02
0	105.4330	99.4820	5.1500	1	7.42E-02
0	105.6620	99.8100	5.1500	1	4.00E-02
0	105.6860	99.9220	5.1500	1	1.15E-02
0	105.7110	100.0340	5.1500	1	1.15E-02
0	105.6880	100.1120	5.1500	1	8.13E-03
0	105.6640	100.1910	5.1500	1	8.26E-03
0	105.4330	100.5180	5.1500	1	4.00E-02
0	105.0580	100.9490	5.1500	1	5.71E-02
0	104.9390	101.0680	5.1500	1	1.68E-02
0	102.1130	101.2600	5.1500	1	2.18E-02
0	102.0690	101.4510	5.1500	1	1.96E-02
0	101.9830	101.4660	5.1500	1	8.73E-03
0	101.8980	101.4800	5.1500	1	8.61E-03
0	101.3390	101.4600	5.1500	1	5.59E-02
0	101.3390	98.5400	5.1500	1	2.25E-02
0	101.8980	98.5180	5.1500	1	5.59E-02
0	101.9830	98.5320	5.1500	1	8.61E-03
0	102.0680	98.5450	5.1500	1	8.60E-03
0	102.0910	98.6430	5.1500	1	1.01E-02
0	102.1130	98.7400	5.1500	1	9.95E-03
0	98.5330	98.9490	5.1500	1	2.76E-02
0	98.5740	98.7400	5.1500	1	2.13E-02
0	98.8260	98.7080	5.1500	1	2.54E-02
0	99.0780	98.6750	5.1500	1	2.54E-02
0	99.1590	98.6610	5.1500	1	8.22E-03
0	99.1590	101.3390	5.1500	1	2.06E-02
0	99.0750	101.3250	5.1500	1	8.52E-03
0	98.8250	101.2960	5.1500	1	2.52E-02
0	98.5760	101.2660	5.1500	1	2.51E-02
0	98.5340	101.0550	5.1500	1	2.15E-02
0	98.5340	101.0550	5.2000	1	3.85E-04
0	105.1070	99.1040	5.2000	1	5.27E-02
0	105.5120	99.5830	5.2000	1	6.27E-02
0	105.7380	99.9530	5.2000	1	4.34E-02
0	105.7080	100.1310	5.2000	1	1.81E-02
0	105.4080	100.5130	5.2000	1	4.86E-02
0	105.1080	100.8940	5.2000	1	4.85E-02
0	102.1170	101.2600	5.2000	1	2.32E-02
0	102.0730	101.4530	5.2000	1	1.98E-02
0	101.9870	101.4670	5.2000	1	8.71E-03
0	101.9020	101.4810	5.2000	1	8.61E-03
0	101.3430	101.4620	5.2000	1	5.59E-02
0	101.3430	98.5380	5.2000	1	2.25E-02
0	101.9020	98.5170	5.2000	1	5.59E-02
0	101.9870	98.5300	5.2000	1	8.60E-03
0	102.0720	98.5440	5.2000	1	8.61E-03
0	102.0940	98.6420	5.2000	1	1.00E-02
0	102.1170	98.7400	5.2000	1	1.01E-02
0	98.5320	98.9320	5.2000	1	2.76E-02
0	98.5730	98.7390	5.2000	1	1.97E-02
0	98.8250	98.7060	5.2000	1	2.54E-02
0	99.0770	98.6740	5.2000	1	2.54E-02
0	99.1580	98.6600	5.2000	1	8.22E-03
0	99.1580	101.3400	5.2000	1	2.06E-02
0	99.0730	101.3260	5.2000	1	8.61E-03
0	98.8240	101.2970	5.2000	1	2.51E-02
0	98.5750	101.2680	5.2000	1	2.51E-02
0	98.5330	101.0690	5.2000	1	2.03E-02
0	98.5330	101.0690	5.2500	1	3.85E-04
0	105.2730	99.2970	5.2500	1	5.36E-02
0	105.4360	99.5080	5.2500	1	2.67E-02
0	105.5980	99.7190	5.2500	1	2.66E-02
0	105.7410	99.9820	5.2500	1	2.99E-02
0	105.6770	100.1760	5.2500	1	2.04E-02
0	105.2690	100.7050	5.2500	1	6.68E-02
0	102.1210	101.2600	5.2500	1	2.46E-02
0	102.0770	101.4540	5.2500	1	1.99E-02
0	101.9910	101.4690	5.2500	1	8.73E-03
0	101.9060	101.4830	5.2500	1	8.61E-03
0	101.3470	101.4630	5.2500	1	5.59E-02
0	101.3470	98.5370	5.2500	1	2.25E-02
0	101.9060	98.5150	5.2500	1	5.59E-02
0	101.9910	98.5290	5.2500	1	8.61E-03
0	102.0760	98.5420	5.2500	1	8.60E-03
0	102.0980	98.6410	5.2500	1	1.01E-02
0	102.1210	98.7400	5.2500	1	1.02E-02
0	98.5320	98.9190	5.2500	1	2.76E-02
0	98.5710	98.7380	5.2500	1	1.85E-02
0	98.8230	98.7050	5.2500	1	2.54E-02
0	99.0750	98.6720	5.2500	1	2.54E-02
0	99.1570	98.6580	5.2500	1	8.32E-03
0	99.1570	101.3410	5.2500	1	2.06E-02
0	99.0720	101.3270	5.2500	1	8.61E-03
0	98.8230	101.2980	5.2500	1	2.51E-02
0	98.5740	101.2690	5.2500	1	2.51E-02
0	98.5330	101.0850	5.2500	1	1.89E-02
0	98.5330	101.0850	5.3000	1	3.85E-04
0	105.4300	99.4870	5.3000	1	5.45E-02
0	105.7180	99.9400	5.3000	1	5.37E-02
0	105.7270	100.0680	5.3000	1	1.28E-02
0	105.5760	100.2900	5.3000	1	2.68E-02
0	105.4250	100.5110	5.3000	1	2.68E-02
0	102.1250	101.2600	5.3000	1	2.60E-02
0	102.0800	101.4560	5.3000	1	2.01E-02
0	101.9950	101.4700	5.3000	1	8.61E-03
0	101.9100	101.4840	5.3000	1	8.61E-03
0	101.3510	101.4650	5.3000	1	5.59E-02
0	101.3520	98.5350	5.3000	1	2.25E-02
0	101.9100	98.5130	5.3000	1	5.58E-02
0	101.9950	98.5270	5.3000	1	8.61E-03
0	102.0800	98.5400	5.3000	1	8.60E-03
0	102.1020	98.6400	5.3000	1	1.02E-02
0	102.1250	98.7400	5.3000	1	1.03E-02
0	98.5310	98.9080	5.3000	1	2.77E-02
0	98.5700	98.7370	5.3000	1	1.75E-02
0	98.8220	98.7040	5.3000	1	2.54E-02
0	99.0740	98.6710	5.3000	1	2.54E-02
0	99.1550	98.6570	5.3000	1	8.22E-03
0	99.1550	101.3430	5.3000	1	2.07E-02
0	99.0710	101.3290	5.3000	1	8.52E-03
0	98.8220	101.2990	5.3000	1	2.51E-02
0	98.5720	101.2700	5.3000	1	2.52E-02
0	98.5320	101.0940	5.3000	1	1.80E-02
0	98.5320	101.0940	5.3500	1	3.85E-04
0	105.6780	99.8450	5.3500	1	5.58E-02
0	105.7240	99.9810	5.3500	1	1.44E-02
0	105.6800	100.1550	5.3500	1	1.79E-02
0	102.1290	101.2600	5.3500	1	2.86E-02
0	102.0850	101.4570	5.3500	1	2.02E-02
0	101.9990	101.4710	5.3500	1	8.71E-03
0	101.9140	101.4860	5.3500	1	8.63E-03
0	101.3550	101.4660	5.3500	1	5.59E-02
0	101.3550	98.5340	5.3500	1	2.26E-02
0	101.9140	98.5120	5.3500	1	5.59E-02
0	101.9990	98.5260	5.3500	1	8.61E-03
0	102.0840	98.5390	5.3500	1	8.60E-03
0	102.1060	98.6400	5.3500	1	1.03E-02
0	102.1290	98.7400	5.3500	1	1.03E-02
0	98.5300	98.8990	5.3500	1	2.77E-02
0	98.5690	98.7350	5.3500	1	1.69E-02
0	98.8210	98.7030	5.3500	1	2.54E-02
0	99.0730	98.6700	5.3500	1	2.54E-02
0	99.1540	98.6560	5.3500	1	8.22E-03
0	99.1540	101.3440	5.3500	1	2.07E-02
0	99.0690	101.3300	5.3500	1	8.61E-03
0	98.8200	101.3010	5.3500	1	2.51E-02
0	98.5710	101.2710	5.3500	1	2.51E-02
0	98.5300	101.1010	5.3500	1	1.75E-02
0	98.5300	101.1010	5.4000	1	3.85E-04
0	105.7950	100.0030	5.4000	1	5.65E-02
0	105.7720	100.0430	5.4000	1	4.61E-03
0	105.7040	100.0030	5.4000	1	7.89E-03
0	105.7720	99.9640	5.4000	1	7.84E-03
0	102.1330	101.2600	5.4000	1	2.97E-02
0	102.0890	101.4580	5.4000	1	2.03E-02
0	102.0030	101.4730	5.4000	1	8.73E-03
0	101.9180	101.4870	5.4000	1	8.61E-03
0	101.3590	101.4680	5.4000	1	5.59E-02
0	101.3590	98.5320	5.4000	1	2.26E-02
0	101.9180	98.5110	5.4000	1	5.59E-02
0	102.0030	98.5240	5.4000	1	8.60E-03
0	102.0880	98.5370	5.4000	1	8.60E-03
0	102.1100	98.6390	5.4000	1	1.04E-02
0	102.1330	98.7400	5.4000	1	1.04E-02
0	98.5290	98.8940	5.4000	1	2.77E-02
0	98.5670	98.7340	5.4000	1	1.64E-02
0	98.8190	98.7010	5.4000	1	2.54E-02
0	99.0720	98.6690	5.4000	1	2.55E-02
0	99.1530	98.6550	5.4000	1	8.22E-03
0	99.1530	101.3450	5.4000	1	2.07E-02
0	99.0680	101.3310	5.4000	1	8.61E-03
0	98.8190	101.3020	5.4000	1	2.51E-02
0	98.5700	101.2730	5.4000	1	2.51E-02
0	98.5300	101.1070	5.4000	1	1.71E-02
0	98.5300	101.1070	5.4500	1	3.85E-04
0	105.8730	100.0060	5.4500	1	5.71E-02
0	105.8520	100.0420	5.4500	1	4.17E-03
0	105.7880	100.0060	5.4500	1	7.34E-03
0	105.8520	99.9690	5.4500	1	7.39E-03
0	102.1370	101.2600	5.4500	1	3.03E-02
0	102.0930	101.4600	5.4500	1	2.05E-02
0	102.0070	101.4740	5.4500	1	8.71E-03
0	101.9220	101.4890	5.4500	1	8.63E-03
0	101.3630	101.4690	5.4500	1	5.59E-02
0	101.3630	98.5310	5.4500	1	2.26E-02
0	101.9220	98.5090	5.4500	1	5.59E-02
0	102.0070	98.5220	5.4500	1	8.60E-03
0	102.0920	98.5360	5.4500	1	8.61E-03
0	102.1140	98.6380	5.4500	1	1.04E-02
0	102.1370	98.7400	5.4500	1	1.05E-02
0	98.5280	98.8910	5.4500	1	2.78E-02
0	98.5660	98.7330	5.4500	1	1.63E-02
0	98.8180	98.7000	5.4500	1	2.54E-02
0	99.0700	98.6670	5.4500	1	2.54E-02
0	99.1510	98.6540	5.4500	1	8.20E-03
0	99.1510	101.3460	5.4500	1	2.07E-02
0	99.0670	101.3320	5.4500	1	8.52E-03
0	98.8180	101.3030	5.4500	1	2.51E-02
0	98.5690	101.2740	5.4500	1	2.51E-02
0	98.5290	101.1100	5.4500	1	1.69E-02
0	98.5290	101.1100	5.5000	1	3.85E-04
0	102.1410	101.2600	5.5000	1	2.78E-02
0	102.0970	101.4620	5.5000	1	2.07E-02
0	102.0110	101.4760	5.5000	1	8.71E-03
0	101.9260	101.4900	5.5000	1	8.61E-03
0	101.3650	101.4710	5.5000	1	5.61E-02
0	101.3650	98.5290	5.5000	1	2.26E-02
0	101.9250	98.5070	5.5000	1	5.60E-02
0	102.0100	98.5210	5.5000	1	8.61E-03
0	102.0950	98.5340	5.5000	1	8.60E-03
0	102.1180	98.6370	5.5000	1	1.06E-02
0	102.1410	98.7400	5.5000	1	1.06E-02
0	98.5270	98.8910	5.5000	1	2.78E-02
0	98.5670	98.7360	5.5000	1	1.60E-02
0	99.0730	98.6660	5.5000	1	5.11E-02
0	99.1500	98.6520	5.5000	1	7.83E-03
0	99.1500	101.3480	5.5000	1	2.07E-02
0	99.0660	101.3340	5.5000	1	8.52E-03
0	98.8160	101.3040	5.5000	1	2.52E-02
0	98.5670	101.2750	5.5000	1	2.51E-02
0	98.5270	101.1090	5.5000	1	1.71E-02
0	98.5270	101.1090	5.5500	1	3.85E-04
0	102.1450	101.2600	5.5500	1	2.79E-02
0	102.1010	101.4630	5.5500	1	2.08E-02
0	102.0150	101.4770	5.5500	1	8.71E-03
0	101.9300	101.4920	5.5500	1	8.63E-03
0	101.3650	101.4720	5.5500	1	5.65E-02
0	101.3640	98.5280	5.5500	1	2.26E-02
0	101.9290	98.5060	5.5500	1	5.65E-02
0	102.0140	98.5190	5.5500	1	8.60E-03
0	102.0990	98.5330	5.5500	1	8.61E-03
0	102.1220	98.6370	5.5500	1	1.07E-02
0	102.1450	98.7400	5.5500	1	1.06E-02
0	98.5260	98.8940	5.5500	1	2.79E-02
0	98.5640	98.7390	5.5500	1	1.60E-02
0	98.6420	98.7150	5.5500	1	8.16E-03
0	98.7190	98.6920	5.5500	1	8.04E-03
0	99.1510	98.6510	5.5500	1	4.34E-02
0	99.1510	101.3490	5.5500	1	2.08E-02
0	99.0660	101.3350	5.5500	1	8.61E-03
0	98.8160	101.3060	5.5500	1	2.52E-02
0	98.5660	101.2760	5.5500	1	2.52E-02
0	98.5260	101.1060	5.5500	1	1.75E-02
0	98.5260	101.1060	5.6000	1	3.85E-04
0	102.1490	101.2600	5.6000	1	2.79E-02
0	102.1050	101.4630	5.6000	1	2.08E-02
0	102.0190	101.4780	5.6000	1	8.73E-03
0	101.9340	101.4930	5.6000	1	8.63E-03
0	101.3610	101.4730	5.6000	1	5.73E-02
0	101.3610	98.5270	5.6000	1	2.27E-02
0	101.9330	98.5040	5.6000	1	5.72E-02
0	102.0180	98.5180	5.6000	1	8.61E-03
0	102.1030	98.5310	5.6000	1	8.60E-03
0	102.1260	98.6360	5.6000	1	1.07E-02
0	102.1490	98.7400	5.6000	1	1.07E-02
0	98.5240	98.8990	5.6000	1	2.79E-02
0	98.5620	98.7290	5.6000	1	1.74E-02
0	98.8170	98.6960	5.6000	1	2.57E-02
0	99.0720	98.6630	5.6000	1	2.57E-02
0	99.1530	98.6490	5.6000	1	8.22E-03
0	99.1530	101.3510	5.6000	1	2.08E-02
0	99.0680	101.3370	5.6000	1	8.61E-03
0	98.8170	101.3070	5.6000	1	2.53E-02
0	98.5650	101.2780	5.6000	1	2.54E-02
0	98.5240	101.1010	5.6000	1	1.82E-02
0	98.5240	101.1010	5.6500	1	3.85E-04
0	102.1530	101.2600	5.6500	1	2.79E-02
0	102.1080	101.4660	5.6500	1	2.11E-02
0	102.0230	101.4800	5.6500	1	8.61E-03
0	101.9370	101.4950	5.6500	1	8.73E-03
0	101.3550	101.4740	5.6500	1	5.82E-02
0	101.3550	98.5260	5.6500	1	2.27E-02
0	101.9370	98.5030	5.6500	1	5.82E-02
0	102.0220	98.5160	5.6500	1	8.60E-03
0	102.1070	98.5300	5.6500	1	8.61E-03
0	102.1300	98.6350	5.6500	1	1.07E-02
0	102.1530	98.7400	5.6500	1	1.07E-02
0	98.5220	98.9060	5.6500	1	2.80E-02
0	98.5640	98.7330	5.6500	1	1.78E-02
0	99.0800	98.6620	5.6500	1	5.21E-02
0	99.1590	98.6480	5.6500	1	8.02E-03
0	99.1590	101.3520	5.6500	1	2.08E-02
0	99.0730	101.3380	5.6500	1	8.71E-03
0	98.8180	101.3080	5.6500	1	2.57E-02
0	98.5630	101.2790	5.6500	1	2.57E-02
0	98.5220	101.0930	5.6500	1	1.90E-02
0	98.5220	101.0930	5.7000	1	3.85E-04
0	102.1560	101.2600	5.7000	1	2.80E-02
0	102.1120	101.4680	5.7000	1	2.13E-02
0	102.0270	101.4820	5.7000	1	8.61E-03
0	101.9410	101.4960	5.7000	1	8.71E-03
0	101.3470	101.4760	5.7000	1	5.94E-02
0	101.3470	98.5240	5.7000	1	2.27E-02
0	101.9410	98.5010	5.7000	1	5.94E-02
0	102.0260	98.5150	5.7000	1	8.61E-03
0	102.1110	98.5280	5.7000	1	8.60E-03
0	102.1340	98.6340	5.7000	1	1.08E-02
0	102.1560	98.7400	5.7000	1	1.08E-02
0	98.5200	98.9170	5.7000	1	2.80E-02
0	98.5600	98.7350	5.7000	1	1.86E-02
0	98.6380	98.7120	5.7000	1	8.13E-03
0	98.7150	98.6890	5.7000	1	8.04E-03
0	99.1680	98.6450	5.7000	1	4.55E-02
0	99.1680	101.3550	5.7000	1	2.08E-02
0	99.0800	101.3400	5.7000	1	8.93E-03
0	98.8210	101.3100	5.7000	1	2.61E-02
0	98.5620	101.2800	5.7000	1	2.61E-02
0	98.5200	101.0830	5.7000	1	2.01E-02
0	98.5200	101.0830	5.7500	1	3.85E-04
0	102.1600	101.2600	5.7500	1	2.80E-02
0	102.1160	101.4690	5.7500	1	2.14E-02
0	102.0310	101.4840	5.7500	1	8.63E-03
0	101.9450	101.4980	5.7500	1	8.71E-03
0	101.3360	101.4770	5.7500	1	6.09E-02
0	101.3360	98.5230	5.7500	1	2.27E-02
0	101.9450	98.5000	5.7500	1	6.09E-02
0	102.0300	98.5130	5.7500	1	8.60E-03
0	102.1150	98.5270	5.7500	1	8.61E-03
0	102.1380	98.6330	5.7500	1	1.08E-02
0	102.1600	98.7400	5.7500	1	1.09E-02
0	98.5190	98.9310	5.7500	1	2.80E-02
0	98.5580	98.7260	5.7500	1	2.09E-02
0	98.8250	98.6920	5.7500	1	2.69E-02
0	99.0920	98.6580	5.7500	1	2.69E-02
0	99.1790	98.6430	5.7500	1	8.83E-03
0	99.1790	101.3570	5.7500	1	2.09E-02
0	99.0880	101.3410	5.7500	1	9.24E-03
0	98.8250	101.3110	5.7500	1	2.65E-02
0	98.5610	101.2810	5.7500	1	2.66E-02
0	98.5190	101.0690	5.7500	1	2.16E-02
0	98.5190	101.0690	5.8000	1	3.85E-04
0	102.1640	101.2600	5.8000	1	2.81E-02
0	102.1200	101.4710	5.8000	1	2.16E-02
0	102.0350	101.4850	5.8000	1	8.61E-03
0	101.9490	101.4990	5.8000	1	8.71E-03
0	101.3210	101.4780	5.8000	1	6.28E-02
0	101.3210	98.5220	5.8000	1	2.27E-02
0	101.9490	98.4980	5.8000	1	6.28E-02
0	102.0340	98.5120	5.8000	1	8.61E-03
0	102.1190	98.5250	5.8000	1	8.60E-03
0	102.1420	98.6330	5.8000	1	1.10E-02
0	102.1640	98.7400	5.8000	1	1.09E-02
0	98.5170	98.9480	5.8000	1	2.81E-02
0	98.5610	98.7280	5.8000	1	2.24E-02
0	99.1070	98.6560	5.8000	1	5.51E-02
0	99.1930	98.6400	5.8000	1	8.75E-03
0	99.1930	101.3600	5.8000	1	2.09E-02
0	99.1000	101.3430	5.8000	1	9.45E-03
0	98.8300	101.3130	5.8000	1	2.72E-02
0	98.5590	101.2830	5.8000	1	2.73E-02
0	98.5170	101.0520	5.8000	1	2.35E-02
0	98.5170	101.0520	5.8500	1	3.85E-04
0	102.1680	101.2600	5.8500	1	2.81E-02
0	102.1240	101.4720	5.8500	1	2.17E-02
0	102.0390	101.4870	5.8500	1	8.63E-03
0	101.9530	101.5010	5.8500	1	8.71E-03
0	101.3040	101.4790	5.8500	1	6.49E-02
0	101.3040	98.5210	5.8500	1	2.28E-02
0	101.9530	98.4970	5.8500	1	6.49E-02
0	102.0380	98.5100	5.8500	1	8.60E-03
0	102.1230	98.5240	5.8500	1	8.61E-03
0	102.1460	98.6320	5.8500	1	1.10E-02
0	102.1680	98.7400	5.8500	1	1.10E-02
0	98.5140	98.9670	5.8500	1	2.82E-02
0	98.5560	98.7220	5.8500	1	2.49E-02
0	98.8360	98.6880	5.8500	1	2.82E-02
0	99.1160	98.6540	5.8500	1	2.82E-02
0	99.2100	98.6370	5.8500	1	9.55E-03
0	99.2100	101.3630	5.8500	1	2.10E-02
0	99.1130	101.3450	5.8500	1	9.87E-03
0	98.8360	101.3150	5.8500	1	2.79E-02
0	98.5580	101.2840	5.8500	1	2.80E-02
0	98.5140	101.0330	5.8500	1	2.55E-02
0	98.5140	101.0330	5.9000	1	3.85E-04
0	102.1720	101.2600	5.9000	1	2.82E-02
0	102.1280	101.4740	5.9000	1	2.18E-02
0	102.0430	101.4880	5.9000	1	8.61E-03
0	101.9570	101.5020	5.9000	1	8.71E-03
0	101.2830	101.4810	5.9000	1	6.74E-02
0	101.2830	98.5190	5.9000	1	2.28E-02
0	101.9570	98.4950	5.9000	1	6.74E-02
0	102.0420	98.5090	5.9000	1	8.61E-03
0	102.1270	98.5220	5.9000	1	8.60E-03
0	102.1500	98.6310	5.9000	1	1.11E-02
0	102.1720	98.7400	5.9000	1	1.11E-02
0	98.5110	98.9900	5.9000	1	2.82E-02
0	98.5550	98.7210	5.9000	1	2.73E-02
0	98.6320	98.7000	5.9000	1	7.98E-03
0	98.7100	98.6780	5.9000	1	8.10E-03
0	99.2300	98.6330	5.9000	1	5.22E-02
0	99.2300	101.3670	5.9000	1	2.10E-02
0	99.1290	101.3480	5.9000	1	1.03E-02
0	98.8430	101.3160	5.9000	1	2.88E-02
0	98.5570	101.2850	5.9000	1	2.88E-02
0	98.5110	101.0100	5.9000	1	2.79E-02
0	98.5110	101.0100	5.9500	1	3.85E-04
0	102.1760	101.2600	5.9500	1	2.83E-02
0	102.1320	101.4750	5.9500	1	2.19E-02
0	102.0470	101.4900	5.9500	1	8.63E-03
0	101.9610	101.5040	5.9500	1	8.71E-03
0	101.2590	101.4820	5.9500	1	7.02E-02
0	101.2590	98.5180	5.9500	1	2.28E-02
0	101.9610	98.4940	5.9500	1	7.02E-02
0	102.0460	98.5070	5.9500	1	8.60E-03
0	102.1310	98.5210	5.9500	1	8.61E-03
0	102.1530	98.6300	5.9500	1	1.11E-02
0	102.1760	98.7400	5.9500	1	1.12E-02
0	98.5080	99.0180	5.9500	1	2.83E-02
0	98.5530	98.7190	5.9500	1	3.02E-02
0	98.6310	98.6980	5.9500	1	8.08E-03
0	98.7090	98.6770	5.9500	1	8.08E-03
0	99.2540	98.6290	5.9500	1	5.47E-02
0	99.2540	101.3710	5.9500	1	2.11E-02
0	99.1470	101.3500	5.9500	1	1.09E-02
0	98.8510	101.3180	5.9500	1	2.98E-02
0	98.5560	101.2860	5.9500	1	2.97E-02
0	98.5080	100.9820	5.9500	1	3.08E-02
0	98.5080	100.9820	6	1	3.85E-04
0	102.1800	101.2600	6	1	2.83E-02
0	102.1360	101.4770	6	1	2.21E-02
0	102.0500	101.4910	6	1	8.71E-03
0	101.9650	101.5050	6	1	8.61E-03
0	101.2320	101.4840	6	1	7.33E-02
0	101.2320	98.5160	6	1	2.28E-02
0	101.9650	98.4920	6	1	7.33E-02
0	102.0500	98.5060	6	1	8.61E-03
0	102.1350	98.5190	6	1	8.60E-03
0	102.1570	98.6300	6	1	1.13E-02
0	102.1800	98.7400	6	1	1.12E-02
0	98.5040	99.0480	6	1	2.84E-02
0	98.5520	98.7180	6	1	3.33E-02
0	98.6300	98.6970	6	1	8.08E-03
0	98.7070	98.6760	6	1	7.98E-03
0	99.2810	98.6240	6	1	5.76E-02
0	99.2810	101.3760	6	1	2.12E-02
0	99.1680	101.3520	6	1	1.16E-02
0	98.8610	101.3200	6	1	3.09E-02
0	98.5540	101.2880	6	1	3.09E-02
0	98.5040	100.9520	6	1	3.40E-02
0	98.5040	100.9520	6.0500	1	3.85E-04
0	102.1840	101.2600	6.0500	1	2.84E-02
0	102.1400	101.4780	6.0500	1	2.22E-02
0	102.0540	101.4930	6.0500	1	8.73E-03
0	101.9690	101.5070	6.0500	1	8.61E-03
0	101.2000	101.4860	6.0500	1	7.69E-02
0	101.2000	98.5140	6.0500	1	2.29E-02
0	101.9690	98.4910	6.0500	1	7.69E-02
0	102.0540	98.5040	6.0500	1	8.60E-03
0	102.1390	98.5180	6.0500	1	8.61E-03
0	102.1610	98.6290	6.0500	1	1.13E-02
0	102.1840	98.7400	6.0500	1	1.13E-02
0	98.5000	99.0840	6.0500	1	2.85E-02
0	98.5500	98.7180	6.0500	1	3.69E-02
0	98.6280	98.6970	6.0500	1	8.08E-03
0	98.7060	98.6760	6.0500	1	8.08E-03
0	99.2250	98.6420	6.0500	1	5.20E-02
0	99.3130	98.6190	6.0500	1	9.10E-03
0	99.3130	101.3810	6.0500	1	2.12E-02
0	99.1910	101.3550	6.0500	1	1.25E-02
0	98.8720	101.3220	6.0500	1	3.21E-02
0	98.5530	101.2890	6.0500	1	3.21E-02
0	98.5000	100.9160	6.0500	1	3.77E-02
0	98.5000	100.9160	6.1000	1	3.85E-04
0	102.1880	101.2600	6.1000	1	2.85E-02
0	102.1370	101.4830	6.1000	1	2.29E-02
0	102.0550	101.4960	6.1000	1	8.30E-03
0	101.9730	101.5090	6.1000	1	8.30E-03
0	101.1630	101.4880	6.1000	1	8.10E-02
0	101.1630	98.5110	6.1000	1	2.29E-02
0	101.9730	98.4890	6.1000	1	8.10E-02
0	102.0580	98.5030	6.1000	1	8.61E-03
0	102.1430	98.5160	6.1000	1	8.60E-03
0	102.1650	98.6280	6.1000	1	1.14E-02
0	102.1880	98.7400	6.1000	1	1.14E-02
0	98.4950	99.1240	6.1000	1	2.86E-02
0	98.5500	98.7140	6.1000	1	4.14E-02
0	98.6270	98.6930	6.1000	1	7.98E-03
0	98.7050	98.6730	6.1000	1	8.05E-03
0	99.2190	98.6420	6.1000	1	5.15E-02
0	99.3490	98.6120	6.1000	1	1.33E-02
0	99.3490	101.3880	6.1000	1	2.14E-02
0	99.2180	101.3580	6.1000	1	1.34E-02
0	98.8850	101.3240	6.1000	1	3.35E-02
0	98.5520	101.2900	6.1000	1	3.35E-02
0	98.4950	100.8760	6.1000	1	4.18E-02
0	98.4950	100.8760	6.1500	1	3.85E-04
0	102.1920	101.2600	6.1500	1	2.86E-02
0	102.1410	101.4840	6.1500	1	2.30E-02
0	102.0590	101.4970	6.1500	1	8.30E-03
0	101.9770	101.5100	6.1500	1	8.30E-03
0	101.5490	101.5010	6.1500	1	4.28E-02
0	101.1210	101.4920	6.1500	1	4.28E-02
0	101.1210	98.5080	6.1500	1	2.30E-02
0	101.5490	98.4980	6.1500	1	4.28E-02
0	101.9770	98.4880	6.1500	1	4.28E-02
0	102.0620	98.5010	6.1500	1	8.60E-03
0	102.1470	98.5140	6.1500	1	8.60E-03
0	102.1690	98.6270	6.1500	1	1.15E-02
0	102.1920	98.7400	6.1500	1	1.15E-02
0	98.4890	99.1720	6.1500	1	2.87E-02
0	98.5480	98.7150	6.1500	1	4.61E-02
0	98.6260	98.6940	6.1500	1	8.08E-03
0	98.7030	98.6730	6.1500	1	7.98E-03
0	99.2490	98.6390	6.1500	1	5.47E-02
0	99.3200	98.6220	6.1500	1	7.30E-03
0	99.3900	98.6040	6.1500	1	7.23E-03
0	99.3900	101.3960	6.1500	1	2.15E-02
0	99.3180	101.3780	6.1500	1	7.42E-03
0	99.2470	101.3610	6.1500	1	7.30E-03
0	98.8990	101.3260	6.1500	1	3.50E-02
0	98.5500	101.2910	6.1500	1	3.51E-02
0	98.4890	100.8280	6.1500	1	4.67E-02
0	98.4890	100.8280	6.2000	1	3.85E-04
0	102.1960	101.2600	6.2000	1	2.87E-02
0	102.1450	101.4860	6.2000	1	2.32E-02
0	102.0630	101.4990	6.2000	1	8.30E-03
0	101.9810	101.5120	6.2000	1	8.30E-03
0	101.5260	101.5030	6.2000	1	4.55E-02
0	101.0710	101.4930	6.2000	1	4.55E-02
0	101.0710	98.5070	6.2000	1	2.30E-02
0	101.5260	98.4960	6.2000	1	4.55E-02
0	101.9810	98.4860	6.2000	1	4.55E-02
0	102.0660	98.4990	6.2000	1	8.60E-03
0	102.1510	98.5130	6.2000	1	8.61E-03
0	102.1730	98.6270	6.2000	1	1.16E-02
0	102.1960	98.7400	6.2000	1	1.15E-02
0	98.4880	99.2330	6.2000	1	2.88E-02
0	98.5460	98.7150	6.2000	1	5.21E-02
0	98.6240	98.6940	6.2000	1	8.08E-03
0	98.7020	98.6720	6.2000	1	8.10E-03
0	99.2830	98.6360	6.2000	1	5.82E-02
0	99.3610	98.6170	6.2000	1	8.03E-03
0	99.4400	98.5970	6.2000	1	8.15E-03
0	99.4400	101.4030	6.2000	1	2.16E-02
0	99.3600	101.3830	6.2000	1	8.25E-03
0	99.2800	101.3640	6.2000	1	8.22E-03
0	98.9150	101.3280	6.2000	1	3.67E-02
0	98.5490	101.2920	6.2000	1	3.68E-02
0	98.4900	100.7640	6.2000	1	5.31E-02
0	98.4900	100.7640	6.2500	1	3.85E-04
0	102.2000	101.2600	6.2500	1	2.88E-02
0	102.1490	101.4870	6.2500	1	2.33E-02
0	102.0670	101.5000	6.2500	1	8.30E-03
0	101.9850	101.5130	6.2500	1	8.30E-03
0	101.4960	101.5020	6.2500	1	4.89E-02
0	101.0070	101.4910	6.2500	1	4.89E-02
0	101.0070	98.5090	6.2500	1	2.29E-02
0	101.4960	98.4970	6.2500	1	4.89E-02
0	101.9840	98.4850	6.2500	1	4.88E-02
0	102.0690	98.4980	6.2500	1	8.60E-03
0	102.1540	98.5120	6.2500	1	8.61E-03
0	102.1770	98.6260	6.2500	1	1.16E-02
0	102.2000	98.7400	6.2500	1	1.16E-02
0	98.4870	99.3090	6.2500	1	2.89E-02
0	98.5450	98.7120	6.2500	1	6.00E-02
0	98.6230	98.6910	6.2500	1	8.08E-03
0	98.7010	98.6700	6.2500	1	8.08E-03
0	99.3190	98.6330	6.2500	1	6.19E-02
0	99.4110	98.6120	6.2500	1	9.44E-03
0	99.5040	98.5920	6.2500	1	9.51E-03
0	99.5040	101.4080	6.2500	1	2.17E-02
0	99.4100	101.3880	6.2500	1	9.61E-03
0	99.3170	101.3670	6.2500	1	9.53E-03
0	98.9320	101.3300	6.2500	1	3.87E-02
0	98.5480	101.2940	6.2500	1	3.86E-02
0	98.4870	100.6910	6.2500	1	6.06E-02
0	98.4870	100.6910	6.3000	1	3.85E-04
0	102.2040	101.2600	6.3000	1	2.89E-02
0	102.1530	101.4890	6.3000	1	2.35E-02
0	102.0710	101.5020	6.3000	1	8.30E-03
0	101.9890	101.5150	6.3000	1	8.30E-03
0	101.4590	101.5010	6.3000	1	5.30E-02
0	100.9280	101.4880	6.3000	1	5.31E-02
0	100.9280	98.5120	6.3000	1	2.29E-02
0	101.4580	98.4980	6.3000	1	5.30E-02
0	101.9880	98.4830	6.3000	1	5.30E-02
0	102.0730	98.4970	6.3000	1	8.61E-03
0	102.1580	98.5100	6.3000	1	8.60E-03
0	102.1810	98.6250	6.3000	1	1.17E-02
0	102.2040	98.7400	6.3000	1	1.17E-02
0	98.4850	99.4050	6.3000	1	2.91E-02
0	98.5000	99.1330	6.3000	1	2.72E-02
0	98.5150	98.8600	6.3000	1	2.73E-02
0	98.5310	98.7830	6.3000	1	7.86E-03
0	98.5460	98.7050	6.3000	1	7.94E-03
0	98.6230	98.6850	6.3000	1	7.96E-03
0	98.6990	98.6660	6.3000	1	7.83E-03
0	99.3580	98.6290	6.3000	1	6.60E-02
0	99.4700	98.6080	6.3000	1	1.14E-02
0	99.5820	98.5870	6.3000	1	1.14E-02
0	99.5820	101.4130	6.3000	1	2.17E-02
0	99.4700	101.3920	6.3000	1	1.14E-02
0	99.3580	101.3710	6.3000	1	1.14E-02
0	98.9520	101.3330	6.3000	1	4.08E-02
0	98.5460	101.2950	6.3000	1	4.08E-02
0	98.5310	101.2170	6.3000	1	7.94E-03
0	98.5150	101.1400	6.3000	1	7.86E-03
0	98.5000	100.8670	6.3000	1	2.73E-02
0	98.4850	100.5950	6.3000	1	2.72E-02
0	98.4850	100.5950	6.3500	1	3.85E-04
0	102.2080	101.2600	6.3500	1	2.91E-02
0	102.1570	101.4900	6.3500	1	2.36E-02
0	102.0750	101.5030	6.3500	1	8.30E-03
0	101.9920	101.5160	6.3500	1	8.40E-03
0	101.4090	101.5000	6.3500	1	5.83E-02
0	100.8260	101.4840	6.3500	1	5.83E-02
0	100.8260	98.5160	6.3500	1	2.28E-02
0	101.4090	98.4990	6.3500	1	5.83E-02
0	101.9920	98.4820	6.3500	1	5.83E-02
0	102.0770	98.4950	6.3500	1	8.60E-03
0	102.1620	98.5090	6.3500	1	8.61E-03
0	102.1850	98.6240	6.3500	1	1.17E-02
0	102.2080	98.7400	6.3500	1	1.18E-02
0	98.4840	99.5500	6.3500	1	2.93E-02
0	98.4990	99.2050	6.3500	1	3.45E-02
0	98.5140	98.8590	6.3500	1	3.46E-02
0	98.5300	98.7810	6.3500	1	7.96E-03
0	98.5450	98.7040	6.3500	1	7.84E-03
0	98.6210	98.6840	6.3500	1	7.86E-03
0	98.6980	98.6640	6.3500	1	7.96E-03
0	99.4040	98.6250	6.3500	1	7.07E-02
0	99.5440	98.6020	6.3500	1	1.42E-02
0	99.6840	98.5800	6.3500	1	1.42E-02
0	99.6840	101.4200	6.3500	1	2.18E-02
0	99.5440	101.3980	6.3500	1	1.42E-02
0	99.4040	101.3750	6.3500	1	1.42E-02
0	98.6980	101.3360	6.3500	1	7.07E-02
0	98.6210	101.3160	6.3500	1	7.96E-03
0	98.5450	101.2960	6.3500	1	7.86E-03
0	98.5300	101.2190	6.3500	1	7.84E-03
0	98.5140	101.1410	6.3500	1	7.96E-03
0	98.4990	100.7950	6.3500	1	3.46E-02
0	98.4840	100.4500	6.3500	1	3.45E-02
0	98.4840	100.4500	6.4000	1	3.85E-04
0	102.2120	101.2600	6.4000	1	2.93E-02
0	102.1610	101.4920	6.4000	1	2.38E-02
0	102.0790	101.5050	6.4000	1	8.30E-03
0	101.9960	101.5180	6.4000	1	8.40E-03
0	101.3280	101.4970	6.4000	1	6.68E-02
0	100.6590	101.4760	6.4000	1	6.69E-02
0	100.6590	98.5240	6.4000	1	2.27E-02
0	101.3280	98.5020	6.4000	1	6.69E-02
0	101.9960	98.4800	6.4000	1	6.68E-02
0	102.0810	98.4940	6.4000	1	8.61E-03
0	102.1660	98.5070	6.4000	1	8.60E-03
0	102.1890	98.6240	6.4000	1	1.19E-02
0	102.2120	98.7400	6.4000	1	1.18E-02
0	99.8510	101.4310	6.4000	1	2.75E-02
0	99.6540	101.4050	6.4000	1	1.99E-02
0	99.4570	101.3790	6.4000	1	1.99E-02
0	98.6970	101.3340	6.4000	1	7.61E-02
0	98.6190	101.3130	6.4000	1	8.08E-03
0	98.5410	101.2920	6.4000	1	8.08E-03
0	98.5270	101.2170	6.4000	1	7.63E-03
0	98.5130	101.1420	6.4000	1	7.63E-03
0	98.4980	100.8730	6.4000	1	2.69E-02
0	98.4830	100.0190	6.4000	1	8.54E-02
0	98.4830	99.9810	6.4000	1	2.53E-03
0	98.4830	99.3970	6.4000	1	5.84E-02
0	98.4980	99.3220	6.4000	1	7.65E-03
0	98.5130	99.2470	6.4000	1	7.65E-03
0	98.5320	98.9730	6.4000	1	2.75E-02
0	98.5500	98.7000	6.4000	1	2.74E-02
0	98.6230	98.6810	6.4000	1	7.54E-03
0	98.6970	98.6630	6.4000	1	7.62E-03
0	99.2740	98.6160	6.4000	1	5.79E-02
0	99.8510	98.5690	6.4000	1	5.79E-02
0	99.8510	98.5690	6.4500	1	3.85E-04
0	102.2160	101.2600	6.4500	1	2.76E-02
0	102.1930	101.3770	6.4500	1	1.19E-02
0	102.1700	101.4950	6.4500	1	1.20E-02
0	102.0850	101.5080	6.4500	1	8.60E-03
0	102	101.5220	6.4500	1	8.61E-03
0	101	101.4660	6.4500	1	1.00E-01
0	100.9230	101.4770	6.4500	1	7.78E-03
0	100.8450	101.4870	6.4500	1	7.86E-03
0	99.6650	101.4220	6.4500	1	1.18E-01
0	99.5890	101.4030	6.4500	1	7.83E-03
0	99.5140	101.3830	6.4500	1	7.76E-03
0	99.0330	101.3430	6.4500	1	4.83E-02
0	98.5520	101.3030	6.4500	1	4.83E-02
0	98.5350	101.2230	6.4500	1	8.18E-03
0	98.5170	101.1440	6.4500	1	8.10E-03
0	98.4990	100.8410	6.4500	1	3.04E-02
0	98.4810	100.5380	6.4500	1	3.04E-02
0	98.4810	99.4620	6.4500	1	1.08E-01
0	98.4960	99.3850	6.4500	1	7.84E-03
0	98.5110	99.3090	6.4500	1	7.75E-03
0	98.5270	99.0050	6.4500	1	3.04E-02
0	98.5420	98.7010	6.4500	1	3.04E-02
0	98.6190	98.6820	6.4500	1	7.93E-03
0	98.6950	98.6620	6.4500	1	7.86E-03
0	99.5140	98.6170	6.4500	1	8.20E-02
0	99.5890	98.5970	6.4500	1	7.76E-03
0	99.6650	98.5780	6.4500	1	7.83E-03
0	100.8450	98.5130	6.4500	1	1.18E-01
0	100.9230	98.5230	6.4500	1	7.86E-03
0	101	98.5340	6.4500	1	7.78E-03
0	102	98.4790	6.4500	1	1.00E-01
0	102.0850	98.4920	6.4500	1	8.60E-03
0	102.1700	98.5060	6.4500	1	8.61E-03
0	102.1930	98.6230	6.4500	1	1.19E-02
0	102.2160	98.7400	6.4500	1	1.19E-02
0	102.2160	98.7400	6.5000	1	3.85E-04
0	102.2190	101.2600	6.5000	1	1.94E-02
0	102.1970	101.3780	6.5000	1	1.20E-02
0	102.1740	101.4960	6.5000	1	1.20E-02
0	102.0890	101.5100	6.5000	1	8.61E-03
0	102.0040	101.5230	6.5000	1	8.60E-03
0	100.9320	101.4640	6.5000	1	1.07E-01
0	100.8550	101.4740	6.5000	1	7.76E-03
0	100.7780	101.4850	6.5000	1	7.78E-03
0	99.7320	101.4270	6.5000	1	1.05E-01
0	99.6560	101.4080	6.5000	1	7.83E-03
0	99.5810	101.3890	6.5000	1	7.74E-03
0	99.0660	101.3470	6.5000	1	5.17E-02
0	98.5510	101.3050	6.5000	1	5.17E-02
0	98.5340	101.2250	6.5000	1	8.18E-03
0	98.5160	101.1450	6.5000	1	8.20E-03
0	98.4980	100.8040	6.5000	1	3.41E-02
0	98.4800	100.4630	6.5000	1	3.41E-02
0	98.4950	99.9240	6.5000	1	5.39E-02
0	98.5100	99.3850	6.5000	1	5.39E-02
0	98.5260	99.0430	6.5000	1	3.42E-02
0	98.5410	98.7000	6.5000	1	3.43E-02
0	98.6180	98.6800	6.5000	1	7.96E-03
0	98.6940	98.6610	6.5000	1	7.83E-03
0	99.5810	98.6110	6.5000	1	8.88E-02
0	99.6560	98.5920	6.5000	1	7.74E-03
0	99.7320	98.5730	6.5000	1	7.83E-03
0	100.7780	98.5150	6.5000	1	1.05E-01
0	100.8550	98.5260	6.5000	1	7.78E-03
0	100.9320	98.5360	6.5000	1	7.76E-03
0	102.0040	98.4770	6.5000	1	1.07E-01
0	102.0890	98.4910	6.5000	1	8.61E-03
0	102.1740	98.5040	6.5000	1	8.60E-03
0	102.1970	98.6220	6.5000	1	1.20E-02
0	102.2190	98.7400	6.5000	1	1.20E-02
0	102.2190	98.7400	6.5500	1	3.85E-04
0	102.2230	101.2600	6.5500	1	1.94E-02
0	102.2010	101.3790	6.5500	1	1.21E-02
0	102.1780	101.4980	6.5500	1	1.21E-02
0	102.0930	101.5110	6.5500	1	8.60E-03
0	102.0080	101.5250	6.5500	1	8.61E-03
0	100.8540	101.4610	6.5500	1	1.16E-01
0	100.7770	101.4710	6.5500	1	7.76E-03
0	100.7000	101.4820	6.5500	1	7.78E-03
0	99.8100	101.4330	6.5500	1	8.91E-02
0	99.7350	101.4130	6.5500	1	7.76E-03
0	99.6590	101.3940	6.5500	1	7.83E-03
0	99.1050	101.3500	6.5500	1	5.56E-02
0	98.5500	101.3060	6.5500	1	5.57E-02
0	98.5330	101.2260	6.5500	1	8.18E-03
0	98.5150	101.1460	6.5500	1	8.20E-03
0	98.4970	100.7590	6.5500	1	3.87E-02
0	98.4790	100.3710	6.5500	1	3.88E-02
0	98.4940	99.9240	6.5500	1	4.47E-02
0	98.5090	99.4760	6.5500	1	4.48E-02
0	98.5240	99.0880	6.5500	1	3.88E-02
0	98.5400	98.6990	6.5500	1	3.89E-02
0	98.6160	98.6790	6.5500	1	7.86E-03
0	98.6930	98.6590	6.5500	1	7.96E-03
0	99.6590	98.6060	6.5500	1	9.67E-02
0	99.7350	98.5870	6.5500	1	7.83E-03
0	99.8100	98.5670	6.5500	1	7.76E-03
0	100.7000	98.5180	6.5500	1	8.91E-02
0	100.7770	98.5290	6.5500	1	7.78E-03
0	100.8540	98.5390	6.5500	1	7.76E-03
0	102.0080	98.4760	6.5500	1	1.16E-01
0	102.0930	98.4890	6.5500	1	8.60E-03
0	102.1780	98.5020	6.5500	1	8.60E-03
0	102.2000	98.6210	6.5500	1	1.21E-02
0	102.2230	98.7400	6.5500	1	1.21E-02
0	102.2230	98.7400	6.6000	1	3.85E-04
0	102.2270	101.2600	6.6000	1	1.94E-02
0	102.2050	101.3800	6.6000	1	1.22E-02
0	102.1820	101.4990	6.6000	1	1.21E-02
0	102.0970	101.5130	6.6000	1	8.61E-03
0	102.0120	101.5260	6.6000	1	8.60E-03
0	100.7580	101.4560	6.6000	1	1.26E-01
0	100.6810	101.4670	6.6000	1	7.78E-03
0	100.6040	101.4780	6.6000	1	7.78E-03
0	100.1790	101.4390	6.6000	1	4.27E-02
0	99.7550	101.4010	6.6000	1	4.26E-02
0	98.6920	101.3420	6.6000	1	1.06E-01
0	98.6150	101.3220	6.6000	1	7.96E-03
0	98.5380	101.3020	6.6000	1	7.96E-03
0	98.5230	101.2250	6.6000	1	7.84E-03
0	98.5080	101.1470	6.6000	1	7.94E-03
0	98.4930	100.7010	6.6000	1	4.46E-02
0	98.4780	100.2540	6.6000	1	4.47E-02
0	98.4930	99.9240	6.6000	1	3.30E-02
0	98.5070	99.5930	6.6000	1	3.31E-02
0	98.5080	98.8530	6.6000	1	7.40E-02
0	98.5230	98.7750	6.6000	1	7.94E-03
0	98.5380	98.6980	6.6000	1	7.84E-03
0	98.6150	98.6780	6.6000	1	7.96E-03
0	98.6910	98.6580	6.6000	1	7.86E-03
0	99.7550	98.5990	6.6000	1	1.07E-01
0	99.8300	98.5800	6.6000	1	7.74E-03
0	99.9060	98.5610	6.6000	1	7.83E-03
0	100.3320	98.5520	6.6000	1	4.26E-02
0	100.7580	98.5440	6.6000	1	4.26E-02
0	102.0120	98.4740	6.6000	1	1.26E-01
0	102.0970	98.4880	6.6000	1	8.61E-03
0	102.1820	98.5010	6.6000	1	8.60E-03
0	102.2050	98.6210	6.6000	1	1.22E-02
0	102.2270	98.7400	6.6000	1	1.21E-02
0	102.2270	98.7400	6.6500	1	3.85E-04
0	102.2310	101.2600	6.6500	1	1.94E-02
0	102.2090	101.3800	6.6500	1	1.22E-02
0	102.1860	101.5010	6.6500	1	1.23E-02
0	102.1010	101.5140	6.6500	1	8.60E-03
0	102.0160	101.5280	6.6500	1	8.61E-03
0	100.6330	101.4510	6.6500	1	1.39E-01
0	100.5560	101.4620	6.6500	1	7.78E-03
0	100.4790	101.4720	6.6500	1	7.76E-03
0	100.1790	101.4410	6.6500	1	3.02E-02
0	99.8790	101.4090	6.6500	1	3.02E-02
0	98.6900	101.3430	6.6500	1	1.19E-01
0	98.6140	101.3230	6.6500	1	7.86E-03
0	98.5370	101.3040	6.6500	1	7.93E-03
0	98.5220	101.2260	6.6500	1	7.94E-03
0	98.5060	101.1490	6.6500	1	7.86E-03
0	98.5060	100.2280	6.6500	1	9.21E-02
0	98.4910	100.1520	6.6500	1	7.75E-03
0	98.4760	100.0750	6.6500	1	7.84E-03
0	98.4910	99.9240	6.6500	1	1.52E-02
0	98.5060	99.7720	6.6500	1	1.53E-02
0	98.5060	98.8510	6.6500	1	9.21E-02
0	98.5220	98.7740	6.6500	1	7.86E-03
0	98.5370	98.6970	6.6500	1	7.84E-03
0	98.6140	98.6770	6.6500	1	7.96E-03
0	98.6900	98.6570	6.6500	1	7.86E-03
0	99.8790	98.5910	6.6500	1	1.19E-01
0	99.9540	98.5720	6.6500	1	7.74E-03
0	100.0300	98.5530	6.6500	1	7.83E-03
0	100.3320	98.5510	6.6500	1	3.02E-02
0	100.6330	98.5490	6.6500	1	3.01E-02
0	102.0160	98.4730	6.6500	1	1.39E-01
0	102.1010	98.4860	6.6500	1	8.60E-03
0	102.1860	98.5000	6.6500	1	8.61E-03
0	102.2090	98.6200	6.6500	1	1.22E-02
0	102.2310	98.7400	6.6500	1	1.22E-02
0	102.2310	98.7400	6.7000	1	3.85E-04
0	102.2350	101.2600	6.7000	1	1.94E-02
0	102.2130	101.3810	6.7000	1	1.23E-02
0	102.1900	101.5020	6.7000	1	1.23E-02
0	102.1050	101.5160	6.7000	1	8.61E-03
0	102.0200	101.5290	6.7000	1	8.60E-03
0	100.4260	101.4410	6.7000	1	1.60E-01
0	100.3490	101.4510	6.7000	1	7.76E-03
0	100.2710	101.4620	6.7000	1	7.88E-03
0	100.1790	101.4420	6.7000	1	9.41E-03
0	100.0870	101.4220	6.7000	1	9.41E-03
0	98.6890	101.3440	6.7000	1	1.40E-01
0	98.6120	101.3250	6.7000	1	7.93E-03
0	98.5360	101.3050	6.7000	1	7.86E-03
0	98.5200	101.2270	6.7000	1	7.96E-03
0	98.5050	101.1500	6.7000	1	7.84E-03
0	98.5050	98.8500	6.7000	1	2.30E-01
0	98.5200	98.7730	6.7000	1	7.84E-03
0	98.5360	98.6950	6.7000	1	7.96E-03
0	98.6120	98.6750	6.7000	1	7.86E-03
0	98.6890	98.6560	6.7000	1	7.93E-03
0	100.0870	98.5780	6.7000	1	1.40E-01
0	100.1630	98.5590	6.7000	1	7.83E-03
0	100.2390	98.5400	6.7000	1	7.83E-03
0	100.3320	98.5490	6.7000	1	9.34E-03
0	100.4260	98.5590	6.7000	1	9.45E-03
0	102.0200	98.4710	6.7000	1	1.60E-01
0	102.1050	98.4850	6.7000	1	8.61E-03
0	102.1900	98.4980	6.7000	1	8.60E-03
0	102.2120	98.6190	6.7000	1	1.23E-02
0	102.2350	98.7400	6.7000	1	1.23E-02
0	102.2350	98.7400	6.7500	1	3.85E-04
0	102.2390	101.2600	6.7500	1	1.94E-02
0	102.2170	101.3820	6.7500	1	1.24E-02
0	102.1940	101.5040	6.7500	1	1.24E-02
0	102.1090	101.5170	6.7500	1	8.60E-03
0	102.0240	101.5310	6.7500	1	8.61E-03
0	98.6870	101.3450	6.7500	1	3.34E-01
0	98.6110	101.3260	6.7500	1	7.83E-03
0	98.5340	101.3060	6.7500	1	7.96E-03
0	98.5190	101.2290	6.7500	1	7.84E-03
0	98.5040	101.1510	6.7500	1	7.94E-03
0	98.5040	98.8490	6.7500	1	2.30E-01
0	98.5190	98.7710	6.7500	1	7.94E-03
0	98.5340	98.6940	6.7500	1	7.84E-03
0	98.6110	98.6740	6.7500	1	7.96E-03
0	98.6870	98.6550	6.7500	1	7.83E-03
0	102.0240	98.4700	6.7500	1	3.34E-01
0	102.1090	98.4830	6.7500	1	8.60E-03
0	102.1940	98.4970	6.7500	1	8.61E-03
0	102.2160	98.6180	6.7500	1	1.23E-02
0	102.2390	98.7400	6.7500	1	1.24E-02
0	102.2390	98.7400	6.8000	1	3.85E-04
0	102.2460	101.2480	6.8000	1	1.93E-02
0	102.1980	101.5050	6.8000	1	2.61E-02
0	102.1130	101.5190	6.8000	1	8.61E-03
0	102.0280	101.5320	6.8000	1	8.60E-03
0	98.6860	101.3470	6.8000	1	3.35E-01
0	98.6100	101.3270	6.8000	1	7.86E-03
0	98.5330	101.3070	6.8000	1	7.96E-03
0	98.5180	101.2300	6.8000	1	7.84E-03
0	98.5020	101.1520	6.8000	1	7.96E-03
0	98.5020	98.8480	6.8000	1	2.30E-01
0	98.5180	98.7700	6.8000	1	7.96E-03
0	98.5330	98.6930	6.8000	1	7.84E-03
0	98.6100	98.6730	6.8000	1	7.96E-03
0	98.6860	98.6530	6.8000	1	7.86E-03
0	102.0280	98.4680	6.8000	1	3.35E-01
0	102.1130	98.4820	6.8000	1	8.61E-03
0	102.1980	98.4950	6.8000	1	8.60E-03
0	102.2460	98.7520	6.8000	1	2.61E-02
0	102.2460	98.7520	6.8500	1	3.85E-04
0	98.5500	101.3130	6.8500	1	3.46E-02
0	98.5320	101.3090	6.8500	1	1.84E-03
0	98.5160	101.2310	6.8500	1	7.96E-03
0	98.5010	101.1540	6.8500	1	7.84E-03
0	98.5010	98.8460	6.8500	1	2.31E-01
0	98.5160	98.7690	6.8500	1	7.84E-03
0	98.5320	98.6920	6.8500	1	7.86E-03
0	98.6080	98.6720	6.8500	1	7.86E-03
0	98.6850	98.6520	6.8500	1	7.96E-03
0	102.0320	98.4660	6.8500	1	3.35E-01
0	102.1160	98.4800	6.8500	1	8.52E-03
0	102.2000	98.4930	6.8500	1	8.50E-03
0	102.2680	98.8090	6.8500	1	3.23E-02
0	102.2680	99.1650	6.8500	1	3.56E-02
0	102.2680	100.8350	6.8500	1	1.11E-01
0	102.2680	101.1910	6.8500	1	3.56E-02
0	102.2020	101.5070	6.8500	1	3.23E-02
0	102.1170	101.5200	6.8500	1	8.60E-03
0	102.0320	101.5340	6.8500	1	8.61E-03
0	98.6850	101.3480	6.8500	1	3.35E-01
0	98.6080	101.3280	6.8500	1	7.96E-03
0	98.6080	101.3280	6.9000	1	3.85E-04
0	98.5490	101.3150	6.9000	1	4.65E-04
0	98.5300	101.3100	6.9000	1	1.96E-03
0	98.5150	101.2320	6.9000	1	7.94E-03
0	98.5000	101.1550	6.9000	1	7.84E-03
0	98.5000	98.8450	6.9000	1	2.31E-01
0	98.5150	98.7680	6.9000	1	7.84E-03
0	98.5300	98.6900	6.9000	1	7.94E-03
0	98.6070	98.6710	6.9000	1	7.93E-03
0	98.6840	98.6510	6.9000	1	7.96E-03
0	102.0360	98.4650	6.9000	1	3.36E-01
0	102.1200	98.4780	6.9000	1	8.50E-03
0	102.2040	98.4910	6.9000	1	8.50E-03
0	102.2720	98.8090	6.9000	1	3.25E-02
0	102.2720	101.1910	6.9000	1	2.38E-01
0	102.2060	101.5080	6.9000	1	3.24E-02
0	102.1210	101.5220	6.9000	1	8.61E-03
0	102.0360	101.5350	6.9000	1	8.60E-03
0	98.6840	101.3490	6.9000	1	3.36E-01
0	98.6070	101.3290	6.9000	1	7.96E-03
0	98.6070	101.3290	6.9500	1	3.85E-04
0	98.5470	101.3160	6.9500	1	4.72E-04
0	98.5250	101.3100	6.9500	1	2.28E-03
0	98.5100	101.2330	6.9500	1	7.84E-03
0	98.4950	101.1560	6.9500	1	7.84E-03
0	98.4950	98.8440	6.9500	1	2.31E-01
0	98.5100	98.7670	6.9500	1	7.84E-03
0	98.5250	98.6900	6.9500	1	7.84E-03
0	98.6040	98.6700	6.9500	1	8.15E-03
0	98.6820	98.6490	6.9500	1	8.08E-03
0	102.0400	98.4630	6.9500	1	3.36E-01
0	102.1240	98.4770	6.9500	1	8.52E-03
0	102.2080	98.4900	6.9500	1	8.50E-03
0	102.2760	98.8090	6.9500	1	3.26E-02
0	102.2760	101.1910	6.9500	1	2.38E-01
0	102.2100	101.5100	6.9500	1	3.26E-02
0	102.1250	101.5230	6.9500	1	8.60E-03
0	102.0400	101.5370	6.9500	1	8.61E-03
0	98.6820	101.3510	6.9500	1	3.36E-01
0	98.6050	101.3310	6.9500	1	7.96E-03
0	98.6050	101.3310	7	1	3.85E-04
0	98.5440	101.3210	7	1	4.75E-04
0	98.5090	101.3120	7	1	3.61E-03
0	98.4950	101.2350	7	1	7.83E-03
0	98.4810	101.1570	7	1	7.92E-03
0	98.4810	98.7070	7	1	2.45E-01
0	98.6810	98.6490	7	1	2.08E-02
0	102.0440	98.4620	7	1	3.37E-01
0	102.1280	98.4750	7	1	8.50E-03
0	102.2120	98.4880	7	1	8.50E-03
0	102.2800	98.8090	7	1	3.28E-02
0	102.2800	101.1910	7	1	2.38E-01
0	102.2140	101.5110	7	1	3.27E-02
0	102.1290	101.5250	7	1	8.61E-03
0	102.0440	101.5380	7	1	8.60E-03
0	98.6560	101.3500	7	1	3.39E-01
0	98.6020	101.3360	7	1	5.58E-03
0	98.6020	101.3360	7.0500	1	3.85E-04
0	98.5290	101.3340	7.0500	1	5.62E-04
0	98.4660	101.3170	7.0500	1	6.53E-03
0	98.4530	101.2380	7.0500	1	8.01E-03
0	98.4410	101.1580	7.0500	1	8.09E-03
0	98.4410	98.6890	7.0500	1	2.47E-01
0	98.5600	98.6570	7.0500	1	1.23E-02
0	98.6780	98.6250	7.0500	1	1.22E-02
0	99.3720	98.6070	7.0500	1	6.94E-02
0	102.0470	98.4600	7.0500	1	2.68E-01
0	102.1320	98.4730	7.0500	1	8.60E-03
0	102.2160	98.4870	7.0500	1	8.52E-03
0	102.2840	98.8080	7.0500	1	3.28E-02
0	102.2840	101.1910	7.0500	1	2.38E-01
0	102.2180	101.5130	7.0500	1	3.29E-02
0	102.1320	101.5270	7.0500	1	8.71E-03
0	102.0470	101.5400	7.0500	1	8.60E-03
0	99.3290	101.3900	7.0500	1	2.72E-01
0	98.6780	101.3740	7.0500	1	6.51E-02
0	98.6080	101.3550	7.0500	1	7.25E-03
0	98.5870	101.3500	7.0500	1	2.16E-03
0	98.5870	101.3500	7.1000	1	3.85E-04
0	98.5230	101.3710	7.1000	1	5.18E-04
0	98.5160	101.3700	7.1000	1	7.07E-04
0	98.4300	101.3630	7.1000	1	8.63E-03
0	98.4130	101.2610	7.1000	1	1.03E-02
0	98.3950	101.1600	7.1000	1	1.03E-02
0	98.3950	98.8400	7.1000	1	2.32E-01
0	98.4130	98.7380	7.1000	1	1.04E-02
0	98.4310	98.6360	7.1000	1	1.04E-02
0	98.5190	98.6290	7.1000	1	8.83E-03
0	98.6080	98.6230	7.1000	1	8.92E-03
0	98.6960	98.6160	7.1000	1	8.83E-03
0	98.7850	98.6090	7.1000	1	8.93E-03
0	98.8730	98.6030	7.1000	1	8.82E-03
0	99.2800	98.5940	7.1000	1	4.07E-02
0	99.6860	98.5860	7.1000	1	4.06E-02
0	102.0510	98.4580	7.1000	1	2.37E-01
0	102.1350	98.4720	7.1000	1	8.52E-03
0	102.2190	98.4850	7.1000	1	8.50E-03
0	102.2880	98.8210	7.1000	1	3.43E-02
0	102.2880	101.1780	7.1000	1	2.36E-01
0	102.2210	101.5150	7.1000	1	3.44E-02
0	102.1360	101.5280	7.1000	1	8.60E-03
0	102.0510	101.5420	7.1000	1	8.61E-03
0	100	101.4280	7.1000	1	2.05E-01
0	99.4060	101.4040	7.1000	1	5.94E-02
0	98.8590	101.3970	7.1000	1	5.47E-02
0	98.7730	101.3910	7.1000	1	8.62E-03
0	98.6870	101.3840	7.1000	1	8.63E-03
0	98.6020	101.3770	7.1000	1	8.53E-03
0	98.5830	101.3750	7.1000	1	1.91E-03
0	98.5830	101.3750	7.1500	1	3.85E-04
0	98.4750	101.3960	7.1500	1	8.46E-04
0	98.4320	101.3860	7.1500	1	4.41E-03
0	98.4110	101.2730	7.1500	1	1.15E-02
0	98.3900	101.1610	7.1500	1	1.14E-02
0	98.3900	98.8390	7.1500	1	2.32E-01
0	98.4110	98.7260	7.1500	1	1.15E-02
0	98.4330	98.6120	7.1500	1	1.16E-02
0	98.5130	98.5940	7.1500	1	8.20E-03
0	98.5920	98.5750	7.1500	1	8.13E-03
0	98.6720	98.5560	7.1500	1	8.22E-03
0	98.9140	98.5620	7.1500	1	2.42E-02
0	99.1550	98.5670	7.1500	1	2.41E-02
0	99.3970	98.5730	7.1500	1	2.42E-02
0	99.7370	98.5670	7.1500	1	3.40E-02
0	100.0770	98.5610	7.1500	1	3.40E-02
0	102.0550	98.4560	7.1500	1	1.98E-01
0	102.1420	98.4710	7.1500	1	8.83E-03
0	102.2280	98.4850	7.1500	1	8.71E-03
0	102.2480	98.6190	7.1500	1	1.35E-02
0	102.2680	98.7540	7.1500	1	1.36E-02
0	102.2680	101.2470	7.1500	1	2.49E-01
0	102.2480	101.3810	7.1500	1	1.35E-02
0	102.2290	101.5150	7.1500	1	1.35E-02
0	102.1420	101.5290	7.1500	1	8.81E-03
0	102.0550	101.5430	7.1500	1	8.81E-03
0	100.5180	101.4580	7.1500	1	1.54E-01
0	99.9200	101.4340	7.1500	1	5.98E-02
0	99.6250	101.4310	7.1500	1	2.95E-02
0	99.3290	101.4290	7.1500	1	2.96E-02
0	99.1100	101.4340	7.1500	1	2.19E-02
0	98.8910	101.4390	7.1500	1	2.19E-02
0	98.6720	101.4440	7.1500	1	2.19E-02
0	98.5920	101.4240	7.1500	1	8.25E-03
0	98.5340	101.4100	7.1500	1	5.97E-03
0	98.5340	101.4100	7.2000	1	3.85E-04
0	98.4710	101.3990	7.2000	1	4.92E-04
0	98.4300	101.3890	7.2000	1	4.22E-03
0	98.4080	101.2750	7.2000	1	1.16E-02
0	98.3870	101.1620	7.2000	1	1.15E-02
0	98.3870	98.8380	7.2000	1	2.32E-01
0	98.4070	98.7270	7.2000	1	1.13E-02
0	98.4270	98.6170	7.2000	1	1.12E-02
0	98.5080	98.5940	7.2000	1	8.42E-03
0	98.5890	98.5710	7.2000	1	8.42E-03
0	98.6700	98.5480	7.2000	1	8.42E-03
0	99.3090	98.5160	7.2000	1	6.40E-02
0	99.4950	98.5240	7.2000	1	1.86E-02
0	99.6810	98.5330	7.2000	1	1.86E-02
0	99.8670	98.5410	7.2000	1	1.86E-02
0	100.4490	98.5270	7.2000	1	5.82E-02
0	101.0310	98.5120	7.2000	1	5.82E-02
0	102.0590	98.4550	7.2000	1	1.03E-01
0	102.1440	98.4690	7.2000	1	8.61E-03
0	102.2300	98.4820	7.2000	1	8.70E-03
0	102.2470	98.5660	7.2000	1	8.57E-03
0	102.2650	98.6500	7.2000	1	8.59E-03
0	102.2650	101.3500	7.2000	1	2.70E-01
0	102.2470	101.4340	7.2000	1	8.59E-03
0	102.2300	101.5180	7.2000	1	8.57E-03
0	102.1440	101.5310	7.2000	1	8.70E-03
0	102.0590	101.5450	7.2000	1	8.61E-03
0	101.0360	101.4880	7.2000	1	1.02E-01
0	100.3010	101.4600	7.2000	1	7.36E-02
0	100.0440	101.4680	7.2000	1	2.57E-02
0	99.7870	101.4760	7.2000	1	2.57E-02
0	99.5300	101.4840	7.2000	1	2.57E-02
0	98.6710	101.4490	7.2000	1	8.60E-02
0	98.5900	101.4290	7.2000	1	8.34E-03
0	98.5290	101.4140	7.2000	1	6.28E-03
0	98.5290	101.4140	7.2500	1	3.85E-04
0	98.4670	101.4010	7.2500	1	4.87E-04
0	98.4270	101.3910	7.2500	1	4.12E-03
0	98.4050	101.2770	7.2500	1	1.16E-02
0	98.3840	101.1630	7.2500	1	1.16E-02
0	98.3840	98.8370	7.2500	1	2.33E-01
0	98.4050	98.7230	7.2500	1	1.16E-02
0	98.4260	98.6100	7.2500	1	1.15E-02
0	98.5070	98.5880	7.2500	1	8.39E-03
0	98.5880	98.5670	7.2500	1	8.37E-03
0	98.6690	98.5460	7.2500	1	8.37E-03
0	99.8320	98.4850	7.2500	1	1.16E-01
0	100.0710	98.4970	7.2500	1	2.39E-02
0	100.3090	98.5080	7.2500	1	2.38E-02
0	100.8510	98.4990	7.2500	1	5.42E-02
0	101.3930	98.4900	7.2500	1	5.42E-02
0	102.0630	98.4530	7.2500	1	6.71E-02
0	102.1480	98.4670	7.2500	1	8.61E-03
0	102.2330	98.4810	7.2500	1	8.61E-03
0	102.2510	98.5650	7.2500	1	8.59E-03
0	102.2690	98.6480	7.2500	1	8.49E-03
0	102.2680	101.3520	7.2500	1	2.70E-01
0	102.2530	101.4290	7.2500	1	7.84E-03
0	102.2380	101.5060	7.2500	1	7.84E-03
0	102.1510	101.5230	7.2500	1	8.86E-03
0	102.0650	101.5400	7.2500	1	8.77E-03
0	101.3950	101.5110	7.2500	1	6.71E-02
0	100.8380	101.5010	7.2500	1	5.57E-02
0	100.2800	101.4920	7.2500	1	5.58E-02
0	100.0460	101.4970	7.2500	1	2.34E-02
0	99.8120	101.5020	7.2500	1	2.34E-02
0	99.5780	101.5060	7.2500	1	2.34E-02
0	98.6690	101.4560	7.2500	1	9.10E-02
0	98.5880	101.4340	7.2500	1	8.39E-03
0	98.5250	101.4170	7.2500	1	6.53E-03
0	98.5250	101.4170	7.3000	1	3.85E-04
0	98.4660	101.4020	7.3000	1	4.68E-04
0	98.4220	101.3900	7.3000	1	4.56E-03
0	98.4020	101.2770	7.3000	1	1.15E-02
0	98.3810	101.1650	7.3000	1	1.14E-02
0	98.3810	98.8350	7.3000	1	2.33E-01
0	98.4010	98.7230	7.3000	1	1.14E-02
0	98.4220	98.6110	7.3000	1	1.14E-02
0	98.5040	98.5880	7.3000	1	8.52E-03
0	98.5860	98.5660	7.3000	1	8.49E-03
0	98.6680	98.5440	7.3000	1	8.49E-03
0	100.4680	98.4490	7.3000	1	1.80E-01
0	100.6690	98.4600	7.3000	1	2.01E-02
0	100.8700	98.4710	7.3000	1	2.01E-02
0	101.0710	98.4830	7.3000	1	2.01E-02
0	101.6220	98.4710	7.3000	1	5.51E-02
0	101.9250	98.4730	7.3000	1	3.03E-02
0	102.2280	98.4750	7.3000	1	3.03E-02
0	102.2480	98.5600	7.3000	1	8.73E-03
0	102.2680	98.6460	7.3000	1	8.83E-03
0	102.2730	101.3530	7.3000	1	2.71E-01
0	102.2560	101.4330	7.3000	1	8.18E-03
0	102.2400	101.5130	7.3000	1	8.16E-03
0	102.1740	101.5290	7.3000	1	6.79E-03
0	102.1080	101.5450	7.3000	1	6.79E-03
0	101.6330	101.5290	7.3000	1	4.75E-02
0	101.0770	101.5180	7.3000	1	5.56E-02
0	100.7500	101.5240	7.3000	1	3.27E-02
0	100.4230	101.5300	7.3000	1	3.27E-02
0	100.0960	101.5360	7.3000	1	3.27E-02
0	98.6680	101.4570	7.3000	1	1.43E-01
0	98.5860	101.4340	7.3000	1	8.52E-03
0	98.5240	101.4170	7.3000	1	6.43E-03
0	98.5240	101.4170	7.3500	1	3.85E-04
0	98.3690	101.5130	7.3500	1	1.40E-03
0	98.3580	101.5120	7.3500	1	1.10E-03
0	98.2920	101.4300	7.3500	1	1.05E-02
0	98.2920	98.5800	7.3500	1	2.85E-01
0	98.3900	98.4860	7.3500	1	1.36E-02
0	100.9960	98.3640	7.3500	1	2.61E-01
0	101.5260	98.4480	7.3500	1	5.37E-02
0	102.2440	98.4540	7.3500	1	7.18E-02
0	102.2530	101.5460	7.3500	1	3.09E-01
0	101.5010	101.5530	7.3500	1	7.52E-02
0	100.7670	101.6420	7.3500	1	7.39E-02
0	98.4290	101.5160	7.3500	1	2.34E-01
0	102.0500	99.1320	7.3500	1	3.33E-02
0	98.9140	99.3060	7.3500	1	5.23E-02
0	98.9140	99.7980	7.3500	1	8.20E-03
0	101.8480	99.6360	7.3500	1	4.90E-02
0	101.8480	100.1280	7.3500	1	8.20E-03
0	98.9140	100.2910	7.3500	1	4.90E-02
0	98.9140	100.7840	7.3500	1	8.22E-03
0	102.0500	100.6100	7.3500	1	5.23E-02
0	102.0500	100.6100	7.4000	1	3.85E-04
0	98.3640	101.5130	7.4000	1	2.92E-02
0	98.2870	101.4090	7.4000	1	1.29E-02
0	98.2870	98.5680	7.4000	1	2.84E-01
0	98.3820	98.4860	7.4000	1	1.25E-02
0	101.3120	98.3290	7.4000	1	2.93E-01
0	101.6830	98.3540	7.4000	1	3.72E-02
0	102.2620	98.4450	7.4000	1	5.86E-02
0	102.2670	101.5730	7.4000	1	3.13E-01
0	101.6840	101.6450	7.4000	1	5.87E-02
0	101.2370	101.6720	7.4000	1	4.48E-02
0	98.4240	101.5160	7.4000	1	2.82E-01
0	100.2230	100.2770	7.4000	1	1.68E-02
0	99.6720	100.8280	7.4000	1	7.79E-02
0	99.5430	100.9130	7.4000	1	1.54E-02
0	99.3910	100.9820	7.4000	1	1.67E-02
0	99.2330	101.0260	7.4000	1	1.64E-02
0	99.0670	101.0440	7.4000	1	1.67E-02
0	98.8900	101.0350	7.4000	1	1.77E-02
0	100.0700	99.8550	7.4000	1	1.67E-01
0	100.0120	99.6310	7.4000	1	2.31E-02
0	99.9140	99.4350	7.4000	1	2.19E-02
0	98.5920	100.7570	7.4000	1	1.87E-01
0	98.5920	100.1810	7.4000	1	5.76E-02
0	99.6310	99.1420	7.4000	1	1.47E-01
0	99.4410	99.0370	7.4000	1	2.17E-02
0	99.2250	98.9730	7.4000	1	2.25E-02
0	98.4170	99.7810	7.4000	1	1.14E-01
0	99.8570	98.7390	7.4000	1	1.37E-02
0	101.3800	98.6590	7.4000	1	1.53E-01
0	101.9330	98.7410	7.4000	1	5.59E-02
0	101.9370	101.2780	7.4000	1	2.54E-01
0	101.2420	101.3430	7.4000	1	6.98E-02
0	99.7910	101.2620	7.4000	1	1.45E-01
0	100.1140	100.9780	7.4000	1	4.30E-02
0	100.3830	100.5500	7.4000	1	5.06E-02
0	100.4940	100.0210	7.4000	1	5.41E-02
0	100.4060	99.5100	7.4000	1	5.19E-02
0	100.1580	99.0730	7.4000	1	5.02E-02
0	99.8810	98.8350	7.4000	1	3.65E-02
0	99.3010	98.6680	7.4000	1	6.04E-02
0	98.8930	98.6690	7.4000	1	4.08E-02
0	98.5370	98.7280	7.4000	1	3.61E-02
0	100.7850	99.1800	7.4000	1	1.76E-02
0	101.4440	99.1630	7.4000	1	6.59E-02
0	101.4460	99.4670	7.4000	1	3.04E-02
0	101.4610	100.1990	7.4000	1	7.32E-02
0	101.4440	100.8450	7.4000	1	6.46E-02
0	100.8200	100.8260	7.4000	1	6.24E-02
0	100.9030	100.5220	7.4000	1	3.15E-02
0	100.9640	100.0200	7.4000	1	5.06E-02
0	100.9120	99.5070	7.4000	1	5.16E-02
0	100.8650	99.3850	7.4000	1	1.31E-02
0	99.2670	101.3360	7.4000	1	1.94E-02
0	98.8260	101.3250	7.4000	1	4.41E-02
0	98.5480	101.2720	7.4000	1	2.83E-02
0	98.5480	101.2720	7.4500	1	3.85E-04
0	98.6440	100.3200	7.4500	1	7.36E-03
0	98.6380	100.3140	7.4500	1	8.49E-04
0	98.6010	100.1770	7.4500	1	1.42E-02
0	98.5640	100.0400	7.4500	1	1.42E-02
0	98.5880	99.8770	7.4500	1	1.65E-02
0	98.6130	99.7140	7.4500	1	1.65E-02
0	98.7180	99.5920	7.4500	1	1.61E-02
0	98.9960	99.4760	7.4500	1	3.01E-02
0	99.2990	99.5580	7.4500	1	3.14E-02
0	99.4290	99.6680	7.4500	1	1.70E-02
0	99.5590	99.9780	7.4500	1	3.36E-02
0	99.4730	100.2720	7.4500	1	3.06E-02
0	99.3600	100.4000	7.4500	1	1.71E-02
0	99.0390	100.5240	7.4500	1	3.44E-02
0	98.7550	100.4320	7.4500	1	2.99E-02
0	98.6860	100.3630	7.4500	1	9.76E-03
0	98.3640	101.5060	7.4500	1	9.13E-03
0	98.3550	101.5050	7.4500	1	9.06E-04
0	98.2830	101.4090	7.4500	1	1.20E-02
0	98.2830	100.7650	7.4500	1	6.44E-02
0	98.2630	100.4620	7.4500	1	3.04E-02
0	98.2430	100.1580	7.4500	1	3.05E-02
0	98.2600	99.9050	7.4500	1	2.54E-02
0	98.2780	99.6530	7.4500	1	2.53E-02
0	98.2920	98.5620	7.4500	1	1.09E-01
0	98.3740	98.4860	7.4500	1	1.12E-02
0	100.8470	98.3520	7.4500	1	2.48E-01
0	102.1180	98.3110	7.4500	1	1.27E-01
0	102.3030	98.3780	7.4500	1	1.97E-02
0	102.3050	101.6210	7.4500	1	3.24E-01
0	102.1580	101.6860	7.4500	1	1.61E-02
0	101.6520	101.7000	7.4500	1	5.06E-02
0	98.4240	101.5090	7.4500	1	3.23E-01
0	98.6010	99.3020	7.4500	1	1.70E-02
0	98.6010	98.7920	7.4500	1	5.10E-02
0	99.0700	98.7630	7.4500	1	4.70E-02
0	101.9740	98.6220	7.4500	1	2.91E-01
0	101.9760	101.3610	7.4500	1	2.74E-01
0	101.6570	101.3700	7.4500	1	3.19E-02
0	99.1290	101.2420	7.4500	1	2.53E-01
0	98.6010	101.2080	7.4500	1	5.29E-02
0	98.6010	100.7260	7.4500	1	4.82E-02
0	99.0710	100.8320	7.4500	1	4.82E-02
0	99.4720	100.7110	7.4500	1	4.19E-02
0	99.7490	100.4310	7.4500	1	3.94E-02
0	99.8870	99.9820	7.4500	1	4.70E-02
0	99.7420	99.5600	7.4500	1	4.46E-02
0	99.4540	99.2790	7.4500	1	4.02E-02
0	99.0090	99.1670	7.4500	1	4.59E-02
0	98.8090	99.2330	7.4500	1	2.11E-02
0	99.9780	100.8350	7.4500	1	1.53E-02
0	100.2190	100.4600	7.4500	1	4.46E-02
0	100.3030	100.1560	7.4500	1	3.15E-02
0	100.3140	99.8550	7.4500	1	3.01E-02
0	100.1530	99.4040	7.4500	1	4.79E-02
0	99.9870	99.1690	7.4500	1	2.88E-02
0	101.5350	99.0860	7.4500	1	1.55E-01
0	101.5360	100.9230	7.4500	1	1.84E-01
0	100.1980	100.8470	7.4500	1	1.34E-01
0	100.7200	99.7620	7.4500	1	9.26E-03
0	100.7240	99.7740	7.4500	1	1.26E-03
0	100.7190	100.2220	7.4500	1	4.48E-02
0	100.6570	100.4530	7.4500	1	2.39E-02
0	101.1150	100.4790	7.4500	1	4.59E-02
0	101.1170	99.7360	7.4500	1	7.43E-02
0	101.1170	99.5270	7.4500	1	2.09E-02
0	100.6560	99.5520	7.4500	1	4.62E-02
0	100.6560	99.5520	7.5000	1	3.85E-04
0	98.6370	100.3140	7.5000	1	1.66E-02
0	98.5580	99.9460	7.5000	1	3.76E-02
0	98.5850	99.8300	7.5000	1	1.19E-02
0	98.6120	99.7140	7.5000	1	1.19E-02
0	98.7180	99.5920	7.5000	1	1.62E-02
0	98.9960	99.4760	7.5000	1	3.01E-02
0	99.2990	99.5580	7.5000	1	3.14E-02
0	99.4290	99.6680	7.5000	1	1.70E-02
0	99.5590	99.9780	7.5000	1	3.36E-02
0	99.4730	100.2720	7.5000	1	3.06E-02
0	99.3600	100.4000	7.5000	1	1.71E-02
0	99.0390	100.5240	7.5000	1	3.44E-02
0	98.7550	100.4320	7.5000	1	2.99E-02
0	98.6800	100.3570	7.5000	1	1.06E-02
0	98.3580	101.5020	7.5000	1	9.15E-03
0	98.3530	101.5020	7.5000	1	5.00E-04
0	98.2780	101.4190	7.5000	1	1.12E-02
0	98.2780	100.7690	7.5000	1	6.50E-02
0	98.2580	100.4640	7.5000	1	3.06E-02
0	98.2390	100.1590	7.5000	1	3.06E-02
0	98.2420	99.8880	7.5000	1	2.71E-02
0	98.2600	99.6020	7.5000	1	2.87E-02
0	98.2780	99.3160	7.5000	1	2.87E-02
0	98.2780	98.5750	7.5000	1	7.41E-02
0	98.3470	98.4870	7.5000	1	1.12E-02
0	102.3800	98.2660	7.5000	1	4.04E-01
0	102.4120	98.3630	7.5000	1	1.02E-02
0	102.4120	101.3960	7.5000	1	3.03E-01
0	102.3860	101.7070	7.5000	1	3.12E-02
0	102.0690	101.7260	7.5000	1	3.18E-02
0	98.4180	101.5050	7.5000	1	3.66E-01
0	99.6330	98.7470	7.5000	1	2.32E-02
0	102.0820	98.6130	7.5000	1	2.45E-01
0	102.0830	101.3930	7.5000	1	2.78E-01
0	99.2440	101.2420	7.5000	1	2.84E-01
0	98.5970	101.2080	7.5000	1	6.48E-02
0	98.5970	100.7250	7.5000	1	4.83E-02
0	99.0710	100.8320	7.5000	1	4.86E-02
0	99.4720	100.7110	7.5000	1	4.19E-02
0	99.7490	100.4310	7.5000	1	3.94E-02
0	99.8790	100.0400	7.5000	1	4.12E-02
0	99.8720	99.9040	7.5000	1	1.36E-02
0	99.6790	99.4710	7.5000	1	4.74E-02
0	99.3620	99.2350	7.5000	1	3.95E-02
0	98.9730	99.1670	7.5000	1	3.95E-02
0	98.5960	99.3040	7.5000	1	4.01E-02
0	98.5960	98.7930	7.5000	1	5.11E-02
0	99.0690	98.7630	7.5000	1	4.74E-02
0	99.4140	98.7530	7.5000	1	3.45E-02
0	99.9860	99.1670	7.5000	1	7.06E-02
0	101.6430	99.0770	7.5000	1	1.66E-01
0	101.6430	100.9280	7.5000	1	1.85E-01
0	99.9790	100.8350	7.5000	1	1.67E-01
0	100.2190	100.4600	7.5000	1	4.45E-02
0	100.3030	100.1560	7.5000	1	3.15E-02
0	100.3180	99.8820	7.5000	1	2.74E-02
0	100.1530	99.4050	7.5000	1	5.05E-02
0	100.1120	99.3470	7.5000	1	7.10E-03
0	100.6900	99.5720	7.5000	1	6.20E-02
0	101.2000	99.5440	7.5000	1	5.11E-02
0	101.2000	99.7800	7.5000	1	2.36E-02
0	101.1990	100.4580	7.5000	1	6.78E-02
0	100.6890	100.4290	7.5000	1	5.11E-02
0	100.7650	99.9820	7.5000	1	4.53E-02
0	100.7300	99.7880	7.5000	1	1.97E-02
0	100.7300	99.7880	7.5500	1	3.85E-04
0	98.6370	100.3140	7.5500	1	1.66E-02
0	98.5970	100.1300	7.5500	1	1.88E-02
0	98.5570	99.9460	7.5500	1	1.88E-02
0	98.5850	99.8300	7.5500	1	1.19E-02
0	98.6120	99.7140	7.5500	1	1.19E-02
0	98.7180	99.5920	7.5500	1	1.62E-02
0	98.9950	99.4760	7.5500	1	3.00E-02
0	99.2990	99.5580	7.5500	1	3.15E-02
0	99.4290	99.6680	7.5500	1	1.70E-02
0	99.5590	99.9780	7.5500	1	3.36E-02
0	99.4730	100.2720	7.5500	1	3.06E-02
0	99.3600	100.4000	7.5500	1	1.71E-02
0	99.0390	100.5240	7.5500	1	3.44E-02
0	98.7550	100.4320	7.5500	1	2.99E-02
0	98.6800	100.3570	7.5500	1	1.06E-02
0	98.3520	101.5020	7.5500	1	9.16E-03
0	98.3480	101.5010	7.5500	1	4.12E-04
0	98.2730	101.4190	7.5500	1	1.11E-02
0	98.2730	100.7720	7.5500	1	6.47E-02
0	98.2540	100.4660	7.5500	1	3.07E-02
0	98.2350	100.1600	7.5500	1	3.07E-02
0	98.2380	99.8880	7.5500	1	2.72E-02
0	98.2560	99.6010	7.5500	1	2.88E-02
0	98.2730	99.3140	7.5500	1	2.88E-02
0	98.2730	98.5730	7.5500	1	7.41E-02
0	98.3430	98.4870	7.5500	1	1.11E-02
0	102.4040	98.2540	7.5500	1	4.07E-01
0	102.4410	98.3620	7.5500	1	1.14E-02
0	102.4410	101.6490	7.5500	1	3.29E-01
0	102.3580	101.7440	7.5500	1	1.26E-02
0	98.4120	101.5050	7.5500	1	3.95E-01
0	98.5920	99.3050	7.5500	1	1.70E-02
0	98.5920	98.7930	7.5500	1	5.12E-02
0	99.0680	98.7610	7.5500	1	4.77E-02
0	102.1110	98.6010	7.5500	1	3.05E-01
0	102.1120	101.4000	7.5500	1	2.80E-01
0	99.1290	101.2420	7.5500	1	2.99E-01
0	98.5920	101.2070	7.5500	1	5.38E-02
0	98.5920	100.7240	7.5500	1	4.83E-02
0	99.0700	100.8320	7.5500	1	4.90E-02
0	99.4720	100.7110	7.5500	1	4.20E-02
0	99.7490	100.4310	7.5500	1	3.94E-02
0	99.8790	100.0400	7.5500	1	4.12E-02
0	99.8720	99.9040	7.5500	1	1.36E-02
0	99.6790	99.4710	7.5500	1	4.74E-02
0	99.3630	99.2330	7.5500	1	3.96E-02
0	98.9720	99.1670	7.5500	1	3.97E-02
0	98.7990	99.2300	7.5500	1	1.84E-02
0	99.9770	100.8370	7.5500	1	1.53E-02
0	100.2190	100.4600	7.5500	1	4.48E-02
0	100.3030	100.1560	7.5500	1	3.15E-02
0	100.3190	99.8860	7.5500	1	2.70E-02
0	100.1530	99.4050	7.5500	1	5.09E-02
0	99.9830	99.1630	7.5500	1	2.96E-02
0	101.6720	99.0660	7.5500	1	1.69E-01
0	101.6720	100.9340	7.5500	1	1.87E-01
0	100.1960	100.8490	7.5500	1	1.48E-01
0	100.6960	100.4260	7.5500	1	6.55E-02
0	100.7720	99.9820	7.5500	1	4.50E-02
0	100.6980	99.5730	7.5500	1	4.16E-02
0	101.2220	99.5430	7.5500	1	5.25E-02
0	101.2220	99.7870	7.5500	1	2.44E-02
0	101.2210	100.4560	7.5500	1	6.69E-02
0	100.9160	100.4390	7.5500	1	3.05E-02
0	100.9160	100.4390	7.6000	1	3.85E-04
0	98.6430	100.3200	7.6000	1	1.75E-02
0	98.6370	100.3140	7.6000	1	8.49E-04
0	98.6000	100.1770	7.6000	1	1.42E-02
0	98.5620	100.0400	7.6000	1	1.42E-02
0	98.5870	99.8770	7.6000	1	1.65E-02
0	98.6120	99.7140	7.6000	1	1.65E-02
0	98.7180	99.5920	7.6000	1	1.62E-02
0	98.9950	99.4760	7.6000	1	3.00E-02
0	99.2990	99.5580	7.6000	1	3.15E-02
0	99.4290	99.6680	7.6000	1	1.70E-02
0	99.5590	99.9780	7.6000	1	3.36E-02
0	99.4730	100.2720	7.6000	1	3.06E-02
0	99.3600	100.4000	7.6000	1	1.71E-02
0	99.0390	100.5240	7.6000	1	3.44E-02
0	98.7550	100.4320	7.6000	1	2.99E-02
0	98.6860	100.3630	7.6000	1	9.76E-03
0	98.3420	101.5070	7.6000	1	9.19E-03
0	98.3270	101.5070	7.6000	1	1.50E-03
0	98.2750	101.4190	7.6000	1	1.02E-02
0	98.2750	100.7710	7.6000	1	6.48E-02
0	98.2560	100.4650	7.6000	1	3.07E-02
0	98.2360	100.1600	7.6000	1	3.06E-02
0	98.2400	99.8880	7.6000	1	2.72E-02
0	98.2570	99.6010	7.6000	1	2.88E-02
0	98.2750	99.3150	7.6000	1	2.87E-02
0	98.2750	98.5930	7.6000	1	7.22E-02
0	98.3400	98.4870	7.6000	1	1.24E-02
0	102.3250	98.2580	7.6000	1	3.99E-01
0	102.4150	98.2850	7.6000	1	9.40E-03
0	102.4390	98.3660	7.6000	1	8.45E-03
0	102.4390	101.6500	7.6000	1	3.28E-01
0	102.3520	101.7440	7.6000	1	1.28E-02
0	98.4010	101.5110	7.6000	1	3.96E-01
0	99.6340	98.7430	7.6000	1	2.33E-02
0	102.1100	98.6010	7.6000	1	2.48E-01
0	102.1100	101.4000	7.6000	1	2.80E-01
0	99.2440	101.2430	7.6000	1	2.87E-01
0	98.5940	101.2080	7.6000	1	6.51E-02
0	98.5940	100.7240	7.6000	1	4.84E-02
0	99.0700	100.8320	7.6000	1	4.88E-02
0	99.4720	100.7110	7.6000	1	4.20E-02
0	99.7490	100.4310	7.6000	1	3.94E-02
0	99.8790	100.0400	7.6000	1	4.12E-02
0	99.8720	99.9040	7.6000	1	1.36E-02
0	99.6790	99.4710	7.6000	1	4.74E-02
0	99.3620	99.2350	7.6000	1	3.95E-02
0	98.9720	99.1670	7.6000	1	3.96E-02
0	98.5940	99.3040	7.6000	1	4.02E-02
0	98.5940	98.7920	7.6000	1	5.12E-02
0	99.0680	98.7620	7.6000	1	4.75E-02
0	99.4140	98.7500	7.6000	1	3.46E-02
0	99.9830	99.1630	7.6000	1	7.03E-02
0	101.6700	99.0660	7.6000	1	1.69E-01
0	101.6700	100.9340	7.6000	1	1.87E-01
0	99.9760	100.8370	7.6000	1	1.70E-01
0	100.2190	100.4600	7.6000	1	4.49E-02
0	100.3030	100.1560	7.6000	1	3.15E-02
0	100.3190	99.8850	7.6000	1	2.71E-02
0	100.1530	99.4050	7.6000	1	5.08E-02
0	100.1090	99.3430	7.6000	1	7.60E-03
0	100.6970	99.5720	7.6000	1	6.31E-02
0	101.2210	99.5420	7.6000	1	5.25E-02
0	101.2210	99.7860	7.6000	1	2.44E-02
0	101.2190	100.4570	7.6000	1	6.71E-02
0	100.6960	100.4270	7.6000	1	5.24E-02
0	100.7720	99.9820	7.6000	1	4.51E-02
0	100.7370	99.7880	7.6000	1	1.97E-02
0	100.7370	99.7880	7.6500	1	3.85E-04
0	98.3720	101.4790	7.6500	1	2.24E-02
0	98.3410	101.4750	7.6500	1	3.13E-03
0	98.3220	100.9740	7.6500	1	5.01E-02
0	98.3400	100.3850	7.6500	1	5.89E-02
0	98.3600	100.3060	7.6500	1	8.15E-03
0	98.3790	100.2260	7.6500	1	8.22E-03
0	98.3990	100.1460	7.6500	1	8.25E-03
0	98.4190	100.0660	7.6500	1	8.25E-03
0	98.4670	100.1310	7.6500	1	8.08E-03
0	98.5160	100.1950	7.6500	1	8.06E-03
0	98.5650	100.2600	7.6500	1	8.14E-03
0	98.6140	100.3250	7.6500	1	8.14E-03
0	98.7550	100.4320	7.6500	1	1.77E-02
0	99.0390	100.5240	7.6500	1	2.99E-02
0	99.3600	100.4000	7.6500	1	3.44E-02
0	99.4730	100.2720	7.6500	1	1.71E-02
0	99.5590	99.9780	7.6500	1	3.06E-02
0	99.4290	99.6680	7.6500	1	3.36E-02
0	99.3060	99.5600	7.6500	1	1.64E-02
0	99.0150	99.4750	7.6500	1	3.03E-02
0	98.7240	99.5890	7.6500	1	3.13E-02
0	98.5980	99.7090	7.6500	1	1.74E-02
0	98.5530	99.7840	7.6500	1	8.75E-03
0	98.5070	99.8600	7.6500	1	8.88E-03
0	98.4620	99.9350	7.6500	1	8.75E-03
0	98.4160	100.0110	7.6500	1	8.88E-03
0	98.3950	99.9230	7.6500	1	9.05E-03
0	98.3750	99.8360	7.6500	1	8.93E-03
0	98.3540	99.7480	7.6500	1	9.05E-03
0	98.3330	99.6600	7.6500	1	9.05E-03
0	98.3220	99.3280	7.6500	1	3.32E-02
0	98.3220	98.6140	7.6500	1	7.14E-02
0	98.3550	98.5160	7.6500	1	1.03E-02
0	98.7560	98.4650	7.6500	1	4.04E-02
0	102.3160	98.2590	7.6500	1	3.57E-01
0	102.4060	98.2820	7.6500	1	9.29E-03
0	102.4340	98.3700	7.6500	1	9.23E-03
0	102.4340	101.6490	7.6500	1	3.28E-01
0	102.3470	101.7440	7.6500	1	1.29E-02
0	98.8980	101.5450	7.6500	1	3.45E-01
0	98.4310	101.4870	7.6500	1	4.71E-02
0	98.4930	100.4770	7.6500	1	7.78E-03
0	99.4650	101.4480	7.6500	1	1.37E-01
0	99.7000	100.4870	7.6500	1	7.61E-03
0	99.7810	100.3830	7.6500	1	1.32E-02
0	99.8840	99.9500	7.6500	1	4.45E-02
0	99.6940	99.4900	7.6500	1	4.98E-02
0	99.7440	99.2930	7.6500	1	2.03E-02
0	99.7450	98.7450	7.6500	1	5.48E-02
0	102.1050	98.6010	7.6500	1	2.36E-01
0	102.1050	101.4000	7.6500	1	2.80E-01
0	99.7400	101.2640	7.6500	1	2.37E-01
0	99.7430	100.7000	7.6500	1	5.64E-02
0	100.2630	99.7190	7.6500	1	8.54E-03
0	100.3190	99.8860	7.6500	1	1.76E-02
0	100.3030	100.1560	7.6500	1	2.70E-02
0	100.1830	100.6280	7.6500	1	4.87E-02
0	100.1840	100.8490	7.6500	1	2.21E-02
0	101.6650	100.9340	7.6500	1	1.48E-01
0	101.6650	99.0680	7.6500	1	1.87E-01
0	100.1840	99.1590	7.6500	1	1.48E-01
0	100.1930	99.5110	7.6500	1	3.52E-02
0	100.6940	100.4280	7.6500	1	8.04E-03
0	100.7710	99.9820	7.6500	1	4.53E-02
0	100.6970	99.5760	7.6500	1	4.13E-02
0	101.2170	99.5450	7.6500	1	5.21E-02
0	101.2170	99.7880	7.6500	1	2.43E-02
0	101.2160	100.4580	7.6500	1	6.70E-02
0	100.9140	100.4410	7.6500	1	3.02E-02
0	98.6030	98.6150	7.6500	1	2.27E-02
0	99.1850	99.1960	7.6500	1	8.22E-02
0	99.0020	99.1700	7.6500	1	1.85E-02
0	98.9040	99.1850	7.6500	1	9.91E-03
0	98.6270	99.3000	7.6500	1	3.00E-02
0	98.4520	99.1240	7.6500	1	2.48E-02
0	98.4520	99.1240	7.7000	1	3.85E-04
0	98.7150	100.2890	7.7000	1	9.19E-03
0	98.6070	99.9880	7.7000	1	3.20E-02
0	98.7030	99.7270	7.7000	1	2.78E-02
0	98.8320	101.4930	7.7000	1	1.36E-02
0	98.8140	101.4900	7.7000	1	1.82E-03
0	98.8120	100.6290	7.7000	1	8.61E-02
0	98.7730	100.4810	7.7000	1	1.53E-02
0	98.7340	100.3320	7.7000	1	1.54E-02
0	98.8560	100.4220	7.7000	1	1.52E-02
0	98.9780	100.5120	7.7000	1	1.52E-02
0	99.1420	100.5050	7.7000	1	1.64E-02
0	99.3600	100.4000	7.7000	1	2.42E-02
0	99.4730	100.2720	7.7000	1	1.71E-02
0	99.5590	99.9780	7.7000	1	3.06E-02
0	99.4290	99.6680	7.7000	1	3.36E-02
0	99.3060	99.5600	7.7000	1	1.64E-02
0	99.1870	99.5180	7.7000	1	1.26E-02
0	98.9400	99.5000	7.7000	1	2.48E-02
0	98.8460	99.5770	7.7000	1	1.22E-02
0	98.7530	99.6540	7.7000	1	1.21E-02
0	98.7790	99.5330	7.7000	1	1.24E-02
0	98.8050	99.4120	7.7000	1	1.24E-02
0	98.8140	98.5100	7.7000	1	9.02E-02
0	99.2810	98.4340	7.7000	1	4.73E-02
0	102.3100	98.2590	7.7000	1	3.03E-01
0	102.4010	98.2820	7.7000	1	9.39E-03
0	102.4290	98.3710	7.7000	1	9.33E-03
0	102.4290	101.6650	7.7000	1	3.29E-01
0	102.3260	101.7430	7.7000	1	1.29E-02
0	99.3370	101.5690	7.7000	1	2.99E-01
0	98.8910	101.5020	7.7000	1	4.51E-02
0	100.0240	100.6530	7.7000	1	1.09E-02
0	99.4080	101.2680	7.7000	1	8.70E-02
0	99.1180	101.2310	7.7000	1	2.92E-02
0	99.1170	100.9870	7.7000	1	2.44E-02
0	99.8850	100.2190	7.7000	1	1.09E-01
0	99.4360	99.5230	7.7000	1	6.37E-03
0	99.8490	99.1090	7.7000	1	5.85E-02
0	99.8500	98.7060	7.7000	1	4.03E-02
0	99.6700	98.7160	7.7000	1	1.80E-02
0	99.0090	99.3770	7.7000	1	9.35E-02
0	101.8810	98.6140	7.7000	1	2.29E-02
0	100.2620	98.7070	7.7000	1	1.62E-01
0	100.2480	99.4910	7.7000	1	7.84E-02
0	100.1150	99.8620	7.7000	1	3.94E-02
0	100.0230	100.0100	7.7000	1	1.74E-02
0	100.2260	100.4020	7.7000	1	4.41E-02
0	100.2630	100.6440	7.7000	1	2.45E-02
0	100.2570	101.2930	7.7000	1	6.49E-02
0	102.1000	101.4000	7.7000	1	1.85E-01
0	102.1000	98.6010	7.7000	1	2.80E-01
0	101.6610	99.0660	7.7000	1	6.39E-02
0	101.6610	100.9340	7.7000	1	1.87E-01
0	100.7000	100.8780	7.7000	1	9.63E-02
0	100.6590	100.3300	7.7000	1	5.50E-02
0	100.5270	100.0140	7.7000	1	3.42E-02
0	100.6780	99.6010	7.7000	1	4.40E-02
0	100.6940	99.1220	7.7000	1	4.79E-02
0	101.4410	99.0790	7.7000	1	7.48E-02
0	101.1720	99.5840	7.7000	1	5.72E-02
0	101.1550	99.7180	7.7000	1	1.35E-02
0	101.1380	99.8530	7.7000	1	1.36E-02
0	101.1200	99.9870	7.7000	1	1.35E-02
0	101.1370	100.1290	7.7000	1	1.43E-02
0	101.1540	100.2720	7.7000	1	1.44E-02
0	101.1700	100.4140	7.7000	1	1.43E-02
0	101.1700	100.4140	7.7500	1	3.85E-04
0	99.0590	100.4270	7.7500	1	1.62E-02
0	98.7790	100.3280	7.7500	1	2.97E-02
0	98.6490	100.1610	7.7500	1	2.12E-02
0	98.6130	99.9670	7.7500	1	1.97E-02
0	98.7170	99.7180	7.7500	1	2.70E-02
0	98.9030	99.6030	7.7500	1	2.19E-02
0	99.0130	99.5760	7.7500	1	1.13E-02
0	99.3510	101.5220	7.7500	1	1.52E-02
0	99.3330	101.5190	7.7500	1	1.82E-03
0	99.3310	100.5550	7.7500	1	9.64E-02
0	99.2410	100.4410	7.7500	1	1.45E-02
0	99.4530	100.3150	7.7500	1	2.47E-02
0	99.5580	99.9510	7.7500	1	3.79E-02
0	99.3970	99.6220	7.7500	1	3.66E-02
0	99.2420	99.5650	7.7500	1	1.65E-02
0	99.3310	99.4450	7.7500	1	1.49E-02
0	99.3330	98.4790	7.7500	1	9.66E-02
0	99.7840	98.4050	7.7500	1	4.57E-02
0	102.3120	98.2580	7.7500	1	2.53E-01
0	102.3970	98.2810	7.7500	1	8.81E-03
0	102.4240	98.3640	7.7500	1	8.73E-03
0	102.4250	101.6670	7.7500	1	3.30E-01
0	102.3300	101.7430	7.7500	1	1.22E-02
0	100.1420	101.6160	7.7500	1	2.19E-01
0	99.4100	101.5290	7.7500	1	7.37E-02
0	100.7640	99.9190	7.7500	1	1.62E-02
0	100.7840	99.4170	7.7500	1	5.02E-02
0	100.7800	98.6770	7.7500	1	7.40E-02
0	102.0950	98.6010	7.7500	1	1.32E-01
0	102.0950	101.4000	7.7500	1	2.80E-01
0	100.7770	101.3230	7.7500	1	1.32E-01
0	100.7690	100.1390	7.7500	1	1.18E-01
0	101.2110	100.1220	7.7500	1	4.42E-02
0	101.2200	100.7050	7.7500	1	5.83E-02
0	101.2190	100.9100	7.7500	1	2.05E-02
0	101.6570	100.9350	7.7500	1	4.39E-02
0	101.6570	99.4520	7.7500	1	1.48E-01
0	101.6570	99.0650	7.7500	1	3.87E-02
0	101.2200	99.0900	7.7500	1	4.38E-02
0	101.2070	99.9030	7.7500	1	8.13E-02
0	100.5430	99.3310	7.7500	1	6.74E-03
0	99.9150	98.7020	7.7500	1	8.89E-02
0	99.6370	98.7380	7.7500	1	2.80E-02
0	99.6340	99.0020	7.7500	1	2.64E-02
0	100.3690	99.7380	7.7500	1	1.04E-01
0	100.3240	99.9990	7.7500	1	2.65E-02
0	100.3650	100.1850	7.7500	1	1.90E-02
0	100.3690	100.3190	7.7500	1	1.34E-02
0	99.8150	99.7650	7.7500	1	7.83E-02
0	99.8650	99.9750	7.7500	1	2.16E-02
0	99.8390	100.1380	7.7500	1	1.65E-02
0	99.7810	100.3110	7.7500	1	1.82E-02
0	100.3680	100.8990	7.7500	1	8.31E-02
0	100.3690	101.3240	7.7500	1	4.25E-02
0	100.2030	101.3150	7.7500	1	1.66E-02
0	99.4570	100.5690	7.7500	1	1.06E-01
0	99.4570	100.5690	7.8000	1	3.85E-04
0	99.5470	100.0220	7.8000	1	4.26E-03
0	99.4960	100.0910	7.8000	1	8.58E-03
0	99.4280	100.1830	7.8000	1	1.14E-02
0	99.3600	100.2740	7.8000	1	1.14E-02
0	99.1340	100.4120	7.8000	1	2.65E-02
0	99.0090	100.4240	7.8000	1	1.26E-02
0	98.7650	100.3290	7.8000	1	2.62E-02
0	98.6260	100.1020	7.8000	1	2.66E-02
0	98.6500	99.8410	7.8000	1	2.62E-02
0	98.7620	99.6750	7.8000	1	2.00E-02
0	99.0160	99.5760	7.8000	1	2.73E-02
0	99.2730	99.6540	7.8000	1	2.69E-02
0	99.3700	99.7690	7.8000	1	1.50E-02
0	99.4670	99.8850	7.8000	1	1.51E-02
0	99.5430	99.9750	7.8000	1	1.18E-02
0	99.8710	101.5560	7.8000	1	1.24E-02
0	99.8560	101.5540	7.8000	1	1.51E-03
0	99.8470	100.2090	7.8000	1	1.35E-01
0	99.6830	100.0270	7.8000	1	2.45E-02
0	99.6010	100.0060	7.8000	1	8.46E-03
0	99.6820	99.9730	7.8000	1	8.75E-03
0	99.8390	99.8210	7.8000	1	2.19E-02
0	99.8500	98.4360	7.8000	1	1.39E-01
0	100.2910	98.3760	7.8000	1	4.45E-02
0	102.3070	98.2580	7.8000	1	2.02E-01
0	102.3920	98.2820	7.8000	1	8.83E-03
0	102.4190	98.3640	7.8000	1	8.63E-03
0	102.4200	101.6850	7.8000	1	3.32E-01
0	102.3460	101.7440	7.8000	1	9.46E-03
0	100.2880	101.6230	7.8000	1	2.06E-01
0	99.9300	101.5660	7.8000	1	3.63E-02
0	100.2550	101.4890	7.8000	1	2.57E-03
0	100.8890	100.8550	7.8000	1	8.97E-02
0	100.8870	100.2630	7.8000	1	5.92E-02
0	100.1560	100.9940	7.8000	1	1.03E-01
0	100.1500	100.4060	7.8000	1	5.88E-02
0	100.8880	99.6680	7.8000	1	1.04E-01
0	100.8880	99.0740	7.8000	1	5.94E-02
0	100.1480	99.8140	7.8000	1	1.05E-01
0	100.1510	99.2180	7.8000	1	5.96E-02
0	100.8910	98.4780	7.8000	1	1.05E-01
0	101.8710	98.6160	7.8000	1	7.61E-03
0	101.3030	98.6520	7.8000	1	5.69E-02
0	101.2970	101.3530	7.8000	1	2.70E-01
0	102.0900	101.3990	7.8000	1	7.94E-02
0	102.0900	98.6020	7.8000	1	2.80E-01
0	101.6960	99.0210	7.8000	1	5.75E-02
0	101.6960	100.9810	7.8000	1	1.96E-01
0	101.6960	100.9810	7.8500	1	3.85E-04
0	100.3800	101.5860	7.8500	1	1.11E-02
0	100.3690	101.5850	7.8500	1	1.10E-03
0	100.3720	98.4160	7.8500	1	3.17E-01
0	100.7410	98.3520	7.8500	1	3.75E-02
0	102.3020	98.2580	7.8500	1	1.56E-01
0	102.3880	98.2820	7.8500	1	8.93E-03
0	102.4140	98.3640	7.8500	1	8.60E-03
0	102.4100	101.6830	7.8500	1	3.32E-01
0	102.3390	101.7440	7.8500	1	9.36E-03
0	101.3320	101.6850	7.8500	1	1.01E-01
0	100.4390	101.5920	7.8500	1	8.98E-02
0	101.7780	101.0910	7.8500	1	1.10E-02
0	101.7780	98.5760	7.8500	1	2.52E-01
0	102.1290	98.5540	7.8500	1	3.52E-02
0	102.1300	101.4450	7.8500	1	2.89E-01
0	101.7740	101.4240	7.8500	1	3.57E-02
0	101.7750	101.3110	7.8500	1	1.13E-02
0	101.5820	99.2970	7.8500	1	1.56E-02
0	100.9300	98.6450	7.8500	1	9.22E-02
0	100.6760	98.6720	7.8500	1	2.55E-02
0	100.6760	98.9910	7.8500	1	3.19E-02
0	101.4060	99.7210	7.8500	1	1.03E-01
0	101.4060	100.3210	7.8500	1	6.00E-02
0	100.6750	99.5900	7.8500	1	1.03E-01
0	100.6750	100.1890	7.8500	1	5.99E-02
0	101.4070	100.9210	7.8500	1	1.04E-01
0	101.4070	101.3840	7.8500	1	4.63E-02
0	101.2620	101.3750	7.8500	1	1.45E-02
0	100.4990	100.6130	7.8500	1	1.08E-01
0	99.4200	100.1670	7.8500	1	8.98E-03
0	99.3200	100.3180	7.8500	1	1.81E-02
0	99.0300	100.4300	7.8500	1	3.11E-02
0	98.7870	100.3440	7.8500	1	2.58E-02
0	98.6460	100.1570	7.8500	1	2.34E-02
0	98.6050	99.9890	7.8500	1	1.73E-02
0	98.7330	99.6930	7.8500	1	3.22E-02
0	99.0020	99.5730	7.8500	1	2.95E-02
0	99.2740	99.6490	7.8500	1	2.82E-02
0	99.4200	99.8330	7.8500	1	2.35E-02
0	99.4650	100	7.8500	1	1.73E-02
0	99.4360	100.1090	7.8500	1	1.13E-02
0	99.4360	100.1090	7.9000	1	3.85E-04
0	100.9070	101.6130	7.9000	1	1.62E-02
0	100.8880	101.6100	7.9000	1	1.92E-03
0	100.8910	98.3840	7.9000	1	3.23E-01
0	101.2000	98.3270	7.9000	1	3.14E-02
0	102.2960	98.2580	7.9000	1	1.10E-01
0	102.3830	98.2830	7.9000	1	9.05E-03
0	102.4100	98.3640	7.9000	1	8.54E-03
0	102.4060	101.6860	7.9000	1	3.32E-01
0	102.3310	101.7440	7.9000	1	9.48E-03
0	101.6020	101.6980	7.9000	1	7.30E-02
0	100.9670	101.6200	7.9000	1	6.40E-02
0	102.1010	100.7160	7.9000	1	1.12E-02
0	101.4340	101.3830	7.9000	1	9.43E-02
0	101.1930	101.3600	7.9000	1	2.42E-02
0	101.1930	101.0120	7.9000	1	3.48E-02
0	101.9260	100.2790	7.9000	1	1.04E-01
0	101.9260	99.6670	7.9000	1	6.12E-02
0	101.1940	100.3990	7.9000	1	1.04E-01
0	101.1940	99.7860	7.9000	1	6.13E-02
0	101.9270	99.0540	7.9000	1	1.04E-01
0	101.9270	98.5870	7.9000	1	4.67E-02
0	101.7720	98.5960	7.9000	1	1.55E-02
0	101.0200	99.3490	7.9000	1	1.06E-01
0	102.2110	98.4630	7.9000	1	1.14E-02
0	102.2090	101.5260	7.9000	1	3.06E-01
0	99.4660	100	7.9000	1	2.41E-02
0	99.3520	100.2900	7.9000	1	3.12E-02
0	99.1060	100.4180	7.9000	1	2.77E-02
0	98.8620	100.3830	7.9000	1	2.46E-02
0	98.7130	100.2790	7.9000	1	1.82E-02
0	98.6040	99.9900	7.9000	1	3.09E-02
0	98.7330	99.6920	7.9000	1	3.25E-02
0	99.0010	99.5720	7.9000	1	2.94E-02
0	99.2740	99.6480	7.9000	1	2.83E-02
0	99.4210	99.8330	7.9000	1	2.36E-02
0	99.4500	99.9420	7.9000	1	1.13E-02
0	99.4500	99.9420	7.9500	1	3.85E-04
0	101.4220	101.6430	7.9500	1	2.00E-02
0	101.4070	101.6410	7.9500	1	1.51E-03
0	101.4070	98.3530	7.9500	1	3.29E-01
0	101.5860	98.3120	7.9500	1	1.84E-02
0	102.2920	98.2590	7.9500	1	7.08E-02
0	102.3800	98.2840	7.9500	1	9.15E-03
0	102.4040	98.3580	7.9500	1	7.78E-03
0	102.3970	101.2200	7.9500	1	2.86E-01
0	102.3770	101.7260	7.9500	1	5.06E-02
0	101.8710	101.7120	7.9500	1	5.06E-02
0	101.4810	101.6520	7.9500	1	3.95E-02
0	102.2730	99.2020	7.9500	1	1.98E-02
0	101.7120	98.6410	7.9500	1	7.93E-02
0	101.7120	99.2110	7.9500	1	5.70E-02
0	102.0970	99.5960	7.9500	1	5.44E-02
0	102.0950	100.1640	7.9500	1	5.68E-02
0	101.7120	99.7800	7.9500	1	5.42E-02
0	101.7120	100.3500	7.9500	1	5.70E-02
0	102.0940	100.7320	7.9500	1	5.40E-02
0	102.0920	101.3000	7.9500	1	5.68E-02
0	101.5370	100.7450	7.9500	1	7.85E-02
0	99.4670	100	7.9500	1	1.69E-02
0	99.3530	100.2900	7.9500	1	3.12E-02
0	99.1070	100.4190	7.9500	1	2.78E-02
0	98.8610	100.3840	7.9500	1	2.48E-02
0	98.7130	100.2790	7.9500	1	1.81E-02
0	98.6030	99.9900	7.9500	1	3.09E-02
0	98.7320	99.6910	7.9500	1	3.26E-02
0	99.0010	99.5710	7.9500	1	2.95E-02
0	99.2750	99.6470	7.9500	1	2.84E-02
0	99.4210	99.8320	7.9500	1	2.36E-02
0	99.4510	99.9420	7.9500	1	1.14E-02
0	99.4510	99.9420	8	1	3.85E-04
0	101.9530	101.6630	8	1	2.34E-02
0	101.9360	101.6610	8	1	1.71E-03
0	101.9370	98.3350	8	1	3.33E-01
0	102.3450	98.2770	8	1	4.12E-02
0	102.3910	98.3540	8	1	8.97E-03
0	102.3910	98.5280	8	1	1.74E-02
0	102.3920	101.4690	8	1	2.94E-01
0	102.3650	101.7100	8	1	2.43E-02
0	102.0120	101.6700	8	1	3.55E-02
0	99.4670	100	8	1	2.34E-02
0	99.3530	100.2910	8	1	3.13E-02
0	99.0970	100.4230	8	1	2.88E-02
0	98.8610	100.3850	8	1	2.39E-02
0	98.7120	100.2800	8	1	1.82E-02
0	98.6020	99.9910	8	1	3.09E-02
0	98.7320	99.6910	8	1	3.27E-02
0	99	99.5710	8	1	2.94E-02
0	99.2740	99.6470	8	1	2.84E-02
0	99.4230	99.8330	8	1	2.38E-02
0	99.4520	99.9420	8	1	1.13E-02
0	99.4520	99.9420	8.0500	1	3.85E-04
0	102.4150	101.6540	8.0500	1	2.63E-02
0	102.4150	98.3350	8.0500	1	3.32E-01
0	99.4680	100	8.0500	1	2.60E-02
0	99.3540	100.2920	8.0500	1	3.13E-02
0	99.0970	100.4240	8.0500	1	2.89E-02
0	98.8610	100.3860	8.0500	1	2.39E-02
0	98.7110	100.2800	8.0500	1	1.84E-02
0	98.6010	99.9910	8.0500	1	3.09E-02
0	98.7310	99.6900	8.0500	1	3.28E-02
0	99	99.5700	8.0500	1	2.95E-02
0	99.2750	99.6460	8.0500	1	2.85E-02
0	99.4240	99.8330	8.0500	1	2.39E-02
0	99.4530	99.9420	8.0500	1	1.13E-02
0	99.4530	99.9420	8.1000	1	3.85E-04
0	99.4460	99.9120	8.1000	1	2.37E-04
0	99.4690	100	8.1000	1	9.10E-03
0	99.3540	100.2920	8.1000	1	3.14E-02
0	99.0970	100.4250	8.1000	1	2.89E-02
0	98.8600	100.3870	8.1000	1	2.40E-02
0	98.7100	100.2810	8.1000	1	1.84E-02
0	98.6000	99.9920	8.1000	1	3.09E-02
0	98.7310	99.6890	8.1000	1	3.30E-02
0	98.9990	99.5690	8.1000	1	2.94E-02
0	99.2750	99.6460	8.1000	1	2.87E-02
0	99.4250	99.8330	8.1000	1	2.40E-02
0	99.4300	99.8540	8.1000	1	2.16E-03
0	99.4300	99.8540	8.1500	1	3.85E-04
0	99.4470	99.9120	8.1500	1	4.65E-04
0	99.4700	100	8.1500	1	9.10E-03
0	99.3690	100.2750	8.1500	1	2.93E-02
0	99.1980	100.3920	8.1500	1	2.07E-02
0	99.0240	100.4340	8.1500	1	1.79E-02
0	98.7270	100.3080	8.1500	1	3.23E-02
0	98.6120	100.0660	8.1500	1	2.68E-02
0	98.6410	99.8430	8.1500	1	2.25E-02
0	98.7420	99.6800	8.1500	1	1.92E-02
0	99.0360	99.5640	8.1500	1	3.16E-02
0	99.2750	99.6450	8.1500	1	2.52E-02
0	99.4260	99.8330	8.1500	1	2.41E-02
0	99.4310	99.8540	8.1500	1	2.16E-03
0	99.4310	99.8540	8.2000	1	3.85E-04
0	99.4480	99.9120	8.2000	1	4.65E-04
0	99.4710	100	8.2000	1	9.10E-03
0	99.3690	100.2760	8.2000	1	2.94E-02
0	99.1990	100.3930	8.2000	1	2.06E-02
0	99.0240	100.4340	8.2000	1	1.80E-02
0	98.7260	100.3090	8.2000	1	3.23E-02
0	98.6110	100.0660	8.2000	1	2.69E-02
0	98.6400	99.8430	8.2000	1	2.25E-02
0	98.7420	99.6790	8.2000	1	1.93E-02
0	99.0370	99.5630	8.2000	1	3.17E-02
0	99.2750	99.6440	8.2000	1	2.51E-02
0	99.4270	99.8330	8.2000	1	2.43E-02
0	99.4320	99.8540	8.2000	1	2.16E-03
0	99.4320	99.8540	8.2500	1	3.85E-04
0	99.4490	99.9110	8.2500	1	4.58E-04
0	99.4720	100	8.2500	1	9.19E-03
0	99.3700	100.2760	8.2500	1	2.94E-02
0	99.1990	100.3940	8.2500	1	2.08E-02
0	99.0230	100.4350	8.2500	1	1.81E-02
0	98.7250	100.3090	8.2500	1	3.24E-02
0	98.6100	100.0660	8.2500	1	2.69E-02
0	98.6390	99.8420	8.2500	1	2.26E-02
0	98.7410	99.6790	8.2500	1	1.92E-02
0	99.0380	99.5630	8.2500	1	3.19E-02
0	99.2750	99.6430	8.2500	1	2.50E-02
0	99.4280	99.8330	8.2500	1	2.44E-02
0	99.4330	99.8530	8.2500	1	2.06E-03
0	99.4330	99.8530	8.3000	1	3.85E-04
0	99.4490	99.9110	8.3000	1	4.63E-04
0	99.4730	99.9990	8.3000	1	9.12E-03
0	99.3710	100.2770	8.3000	1	2.96E-02
0	99.1990	100.3950	8.3000	1	2.09E-02
0	99.0060	100.4320	8.3000	1	1.97E-02
0	98.7240	100.3090	8.3000	1	3.08E-02
0	98.6090	100.0670	8.3000	1	2.68E-02
0	98.6380	99.8420	8.3000	1	2.27E-02
0	98.7580	99.6680	8.3000	1	2.11E-02
0	99.0390	99.5620	8.3000	1	3.00E-02
0	99.3070	99.6610	8.3000	1	2.86E-02
0	99.4290	99.8330	8.3000	1	2.11E-02
0	99.4340	99.8530	8.3000	1	2.06E-03
0	99.4340	99.8530	8.3500	1	3.85E-04
0	99.4500	99.9110	8.3500	1	4.63E-04
0	99.4740	99.9990	8.3500	1	9.12E-03
0	99.3720	100.2770	8.3500	1	2.96E-02
0	99.1990	100.3960	8.3500	1	2.10E-02
0	99.0060	100.4330	8.3500	1	1.97E-02
0	98.7230	100.3090	8.3500	1	3.09E-02
0	98.6080	100.0670	8.3500	1	2.68E-02
0	98.6380	99.8420	8.3500	1	2.27E-02
0	98.7570	99.6670	8.3500	1	2.12E-02
0	99.0400	99.5610	8.3500	1	3.02E-02
0	99.3070	99.6600	8.3500	1	2.85E-02
0	99.4300	99.8340	8.3500	1	2.13E-02
0	99.4350	99.8530	8.3500	1	1.96E-03
0	99.4350	99.8530	8.4000	1	3.85E-04
0	99.4510	99.9110	8.4000	1	4.63E-04
0	99.4740	100	8.4000	1	9.19E-03
0	99.3720	100.2770	8.4000	1	2.95E-02
0	99.2060	100.3930	8.4000	1	2.03E-02
0	98.9440	100.4190	8.4000	1	2.63E-02
0	98.7180	100.3040	8.4000	1	2.54E-02
0	98.6050	100.0580	8.4000	1	2.71E-02
0	98.6750	99.7600	8.4000	1	3.06E-02
0	98.8840	99.5980	8.4000	1	2.64E-02
0	99.0410	99.5610	8.4000	1	1.61E-02
0	99.3080	99.6590	8.4000	1	2.84E-02
0	99.4310	99.8340	8.4000	1	2.14E-02
0	99.4360	99.8530	8.4000	1	1.96E-03
0	99.4360	99.8530	8.4500	1	3.85E-04
0	99.4520	99.9110	8.4500	1	4.63E-04
0	99.4750	99.9990	8.4500	1	9.10E-03
0	99.3730	100.2780	8.4500	1	2.97E-02
0	99.2060	100.3940	8.4500	1	2.03E-02
0	98.9440	100.4200	8.4500	1	2.63E-02
0	98.7170	100.3040	8.4500	1	2.55E-02
0	98.6040	100.0580	8.4500	1	2.71E-02
0	98.6750	99.7590	8.4500	1	3.07E-02
0	98.8830	99.5970	8.4500	1	2.64E-02
0	99.0420	99.5600	8.4500	1	1.63E-02
0	99.3090	99.6580	8.4500	1	2.84E-02
0	99.4320	99.8340	8.4500	1	2.15E-02
0	99.4370	99.8530	8.4500	1	1.96E-03
0	99.4370	99.8530	8.5000	1	3.85E-04
0	99.4530	99.9110	8.5000	1	4.63E-04
0	99.4760	99.9990	8.5000	1	9.10E-03
0	99.3740	100.2780	8.5000	1	2.97E-02
0	99.2060	100.3950	8.5000	1	2.05E-02
0	98.9440	100.4210	8.5000	1	2.63E-02
0	98.7160	100.3040	8.5000	1	2.56E-02
0	98.6030	100.0590	8.5000	1	2.70E-02
0	98.6740	99.7580	8.5000	1	3.09E-02
0	98.8830	99.5970	8.5000	1	2.64E-02
0	99.0430	99.5590	8.5000	1	1.64E-02
0	99.3090	99.6580	8.5000	1	2.84E-02
0	99.4330	99.8340	8.5000	1	2.15E-02
0	99.4380	99.8520	8.5000	1	1.87E-03
0	99.4380	99.8520	8.5500	1	3.85E-04
0	99.4540	99.9100	8.5500	1	4.63E-04
0	99.4770	99.9990	8.5500	1	9.19E-03
0	99.3750	100.2790	8.5500	1	2.98E-02
0	99.2060	100.3960	8.5500	1	2.06E-02
0	98.9440	100.4220	8.5500	1	2.63E-02
0	98.7150	100.3040	8.5500	1	2.58E-02
0	98.6020	100.0590	8.5500	1	2.70E-02
0	98.6730	99.7580	8.5500	1	3.09E-02
0	98.8860	99.5940	8.5500	1	2.69E-02
0	99.0440	99.5580	8.5500	1	1.62E-02
0	99.3100	99.6570	8.5500	1	2.84E-02
0	99.4340	99.8340	8.5500	1	2.16E-02
0	99.4390	99.8520	8.5500	1	1.87E-03
0	99.4390	99.8520	8.6000	1	3.85E-04
0	99.4550	99.9100	8.6000	1	4.63E-04
0	99.4780	99.9990	8.6000	1	9.19E-03
0	99.3750	100.2790	8.6000	1	2.98E-02
0	99.2060	100.3960	8.6000	1	2.06E-02
0	98.9440	100.4220	8.6000	1	2.63E-02
0	98.7140	100.3040	8.6000	1	2.59E-02
0	98.6010	100.0600	8.6000	1	2.69E-02
0	98.6730	99.7570	8.6000	1	3.11E-02
0	98.8860	99.5930	8.6000	1	2.69E-02
0	99.0450	99.5580	8.6000	1	1.63E-02
0	99.3100	99.6560	8.6000	1	2.83E-02
0	99.4350	99.8340	8.6000	1	2.18E-02
0	99.4400	99.8520	8.6000	1	1.87E-03
0	99.4400	99.8520	8.6500	1	3.85E-04
0	99.4540	99.9100	8.6500	1	4.59E-04
0	99.4780	100.0120	8.6500	1	1.05E-02
0	99.3760	100.2800	8.6500	1	2.87E-02
0	99.1880	100.4060	8.6500	1	2.26E-02
0	99.0220	100.4430	8.6500	1	1.70E-02
0	98.7700	100.3500	8.6500	1	2.69E-02
0	98.6290	100.1510	8.6500	1	2.44E-02
0	98.5910	99.9860	8.6500	1	1.69E-02
0	98.6830	99.7410	8.6500	1	2.62E-02
0	98.8780	99.5950	8.6500	1	2.44E-02
0	99.0450	99.5570	8.6500	1	1.71E-02
0	99.3110	99.6560	8.6500	1	2.84E-02
0	99.4380	99.8400	8.6500	1	2.24E-02
0	99.4410	99.8520	8.6500	1	1.24E-03
0	99.4410	99.8520	8.7000	1	3.85E-04
0	99.4430	99.9120	8.7000	1	4.62E-04
0	99.4760	100.0250	8.7000	1	1.18E-02
0	99.3760	100.2810	8.7000	1	2.75E-02
0	99.1830	100.4090	8.7000	1	2.32E-02
0	99.0220	100.4440	8.7000	1	1.65E-02
0	98.7700	100.3510	8.7000	1	2.69E-02
0	98.6280	100.1510	8.7000	1	2.45E-02
0	98.5920	99.9790	8.7000	1	1.76E-02
0	98.7240	99.6810	8.7000	1	3.26E-02
0	98.9580	99.5690	8.7000	1	2.59E-02
0	99.2020	99.5990	8.7000	1	2.46E-02
0	99.4020	99.7700	8.7000	1	2.63E-02
0	99.4260	99.8550	8.7000	1	8.83E-03
0	99.4260	99.8550	8.7500	1	3.85E-04
0	99.4440	99.9120	8.7500	1	4.60E-04
0	99.4770	100.0250	8.7500	1	1.18E-02
0	99.3770	100.2820	8.7500	1	2.76E-02
0	99.1830	100.4100	8.7500	1	2.32E-02
0	99.0220	100.4450	8.7500	1	1.65E-02
0	98.7700	100.3520	8.7500	1	2.69E-02
0	98.6260	100.1500	8.7500	1	2.48E-02
0	98.5910	99.9790	8.7500	1	1.75E-02
0	98.7240	99.6800	8.7500	1	3.27E-02
0	98.9690	99.5650	8.7500	1	2.71E-02
0	99.2030	99.5980	8.7500	1	2.36E-02
0	99.4030	99.7700	8.7500	1	2.64E-02
0	99.4270	99.8550	8.7500	1	8.83E-03
0	99.4270	99.8550	8.8000	1	3.85E-04
0	99.4450	99.9120	8.8000	1	4.60E-04
0	99.4770	100.0240	8.8000	1	1.16E-02
0	99.3620	100.3010	8.8000	1	3.00E-02
0	99.0970	100.4370	8.8000	1	2.98E-02
0	98.8650	100.4010	8.8000	1	2.35E-02
0	98.6650	100.2290	8.8000	1	2.64E-02
0	98.5900	99.9780	8.8000	1	2.62E-02
0	98.7230	99.6790	8.8000	1	3.27E-02
0	98.9690	99.5640	8.8000	1	2.72E-02
0	99.2040	99.5980	8.8000	1	2.37E-02
0	99.4040	99.7700	8.8000	1	2.64E-02
0	99.4280	99.8540	8.8000	1	8.74E-03
0	99.4280	99.8540	8.8500	1	3.85E-04
0	99.4460	99.9120	8.8500	1	4.67E-04
0	99.4780	100.0240	8.8500	1	1.16E-02
0	99.3630	100.3020	8.8500	1	3.01E-02
0	99.0970	100.4380	8.8500	1	2.99E-02
0	98.8650	100.4020	8.8500	1	2.35E-02
0	98.6650	100.2300	8.8500	1	2.64E-02
0	98.5900	99.9770	8.8500	1	2.64E-02
0	98.7230	99.6780	8.8500	1	3.27E-02
0	98.9680	99.5630	8.8500	1	2.71E-02
0	99.2040	99.5970	8.8500	1	2.38E-02
0	99.4040	99.7690	8.8500	1	2.64E-02
0	99.4290	99.8540	8.8500	1	8.86E-03
0	99.4290	99.8540	8.9000	1	3.85E-04
0	99.4480	99.9110	8.9000	1	4.62E-04
0	99.4790	100.0160	8.9000	1	1.09E-02
0	99.3640	100.2950	8.9000	1	3.02E-02
0	99.0740	100.4440	8.9000	1	3.26E-02
0	98.7800	100.3620	8.9000	1	3.05E-02
0	98.6210	100.1420	8.9000	1	2.71E-02
0	98.5880	99.9780	8.9000	1	1.67E-02
0	98.7230	99.6780	8.9000	1	3.29E-02
0	98.9670	99.5620	8.9000	1	2.70E-02
0	99.2050	99.5960	8.9000	1	2.40E-02
0	99.4050	99.7690	8.9000	1	2.64E-02
0	99.4310	99.8540	8.9000	1	8.89E-03
0	99.4310	99.8540	8.9500	1	3.85E-04
0	99.4490	99.9110	8.9500	1	4.60E-04
0	99.4800	100.0160	8.9500	1	1.09E-02
0	99.3650	100.2960	8.9500	1	3.03E-02
0	99.0740	100.4450	8.9500	1	3.27E-02
0	98.7800	100.3630	8.9500	1	3.05E-02
0	98.6200	100.1420	8.9500	1	2.73E-02
0	98.5860	99.9920	8.9500	1	1.54E-02
0	98.7140	99.6970	8.9500	1	3.22E-02
0	98.9680	99.5610	8.9500	1	2.88E-02
0	99.2060	99.5960	8.9500	1	2.41E-02
0	99.4060	99.7680	8.9500	1	2.64E-02
0	99.4320	99.8540	8.9500	1	8.98E-03
0	99.4320	99.8540	9	1	3.85E-04
0	99.4490	99.9100	9	1	4.50E-04
0	99.4850	99.9830	9	1	8.14E-03
0	99.3850	100.2740	9	1	3.08E-02
0	99.1950	100.4140	9	1	2.36E-02
0	99.0030	100.4400	9	1	1.94E-02
0	98.7560	100.3460	9	1	2.64E-02
0	98.6180	100.1520	9	1	2.38E-02
0	98.5810	99.9840	9	1	1.72E-02
0	98.7140	99.6790	9	1	3.33E-02
0	99.0070	99.5540	9	1	3.19E-02
0	99.3170	99.6470	9	1	3.24E-02
0	99.4220	99.8570	9	1	2.35E-02
0	99.4220	99.8570	9.0500	1	3.85E-04
0	99.5000	99.9010	9.0500	1	6.89E-04
0	99.5250	100.0170	9.0500	1	1.19E-02
0	99.4130	100.3090	9.0500	1	3.13E-02
0	99.2010	100.4520	9.0500	1	2.56E-02
0	99.0280	100.4920	9.0500	1	1.78E-02
0	98.7230	100.3750	9.0500	1	3.27E-02
0	98.5870	100.1750	9.0500	1	2.42E-02
0	98.5440	99.9830	9.0500	1	1.97E-02
0	98.6640	99.6820	9.0500	1	3.24E-02
0	98.8680	99.5470	9.0500	1	2.45E-02
0	99.0510	99.5100	9.0500	1	1.87E-02
0	99.3400	99.6190	9.0500	1	3.09E-02
0	99.4830	99.8240	9.0500	1	2.50E-02
0	99.4870	99.8420	9.0500	1	1.84E-03
0	99.4870	99.8420	9.1000	1	3.85E-04
0	99.5060	99.9000	9.1000	1	4.69E-04
0	99.5310	100.0170	9.1000	1	1.20E-02
0	99.4180	100.3130	9.1000	1	3.17E-02
0	99.2170	100.4520	9.1000	1	2.44E-02
0	99.0270	100.4970	9.1000	1	1.95E-02
0	98.7210	100.3810	9.1000	1	3.27E-02
0	98.5820	100.1770	9.1000	1	2.47E-02
0	98.5380	99.9830	9.1000	1	1.99E-02
0	98.6590	99.6790	9.1000	1	3.27E-02
0	98.8530	99.5470	9.1000	1	2.35E-02
0	99.0440	99.5040	9.1000	1	1.96E-02
0	99.3410	99.6120	9.1000	1	3.16E-02
0	99.4890	99.8230	9.1000	1	2.58E-02
0	99.4930	99.8410	9.1000	1	1.84E-03
0	99.4930	99.8410	9.1500	1	3.85E-04
0	99.5050	99.9000	9.1500	1	4.63E-04
0	99.5310	100.0170	9.1500	1	1.20E-02
0	99.4180	100.3130	9.1500	1	3.17E-02
0	99.2170	100.4520	9.1500	1	2.44E-02
0	99.0270	100.4970	9.1500	1	1.95E-02
0	98.7210	100.3810	9.1500	1	3.27E-02
0	98.5820	100.1770	9.1500	1	2.47E-02
0	98.5380	99.9830	9.1500	1	1.99E-02
0	98.6590	99.6790	9.1500	1	3.27E-02
0	98.8670	99.5410	9.1500	1	2.50E-02
0	99.0450	99.5040	9.1500	1	1.82E-02
0	99.3420	99.6130	9.1500	1	3.16E-02
0	99.4890	99.8220	9.1500	1	2.56E-02
0	99.4930	99.8410	9.1500	1	1.94E-03
0	99.4930	99.8410	9.2000	1	3.85E-04
0	99.5050	99.9000	9.2000	1	4.63E-04
0	99.5310	100.0170	9.2000	1	1.20E-02
0	99.4180	100.3130	9.2000	1	3.17E-02
0	99.2170	100.4520	9.2000	1	2.44E-02
0	99.0270	100.4970	9.2000	1	1.95E-02
0	98.7210	100.3810	9.2000	1	3.27E-02
0	98.5820	100.1770	9.2000	1	2.47E-02
0	98.5380	99.9830	9.2000	1	1.99E-02
0	98.6590	99.6790	9.2000	1	3.27E-02
0	98.8670	99.5410	9.2000	1	2.50E-02
0	99.0460	99.5040	9.2000	1	1.83E-02
0	99.3420	99.6130	9.2000	1	3.15E-02
0	99.4890	99.8220	9.2000	1	2.56E-02
0	99.4930	99.8410	9.2000	1	1.94E-03
0	99.4930	99.8410	9.2500	1	3.85E-04
0	99.5050	99.9000	9.2500	1	4.63E-04
0	99.5310	100.0170	9.2500	1	1.20E-02
0	99.4180	100.3130	9.2500	1	3.17E-02
0	99.2170	100.4520	9.2500	1	2.44E-02
0	99.0270	100.4970	9.2500	1	1.95E-02
0	98.7210	100.3810	9.2500	1	3.27E-02
0	98.5820	100.1770	9.2500	1	2.47E-02
0	98.5380	99.9830	9.2500	1	1.99E-02
0	98.6590	99.6790	9.2500	1	3.27E-02
0	98.8660	99.5410	9.2500	1	2.49E-02
0	99.0480	99.5040	9.2500	1	1.86E-02
0	99.3420	99.6130	9.2500	1	3.14E-02
0	99.4890	99.8220	9.2500	1	2.56E-02
0	99.4930	99.8410	9.2500	1	1.94E-03
0	99.4930	99.8410	9.3000	1	3.85E-04
0	99.5050	99.9000	9.3000	1	4.63E-04
0	99.5310	100.0170	9.3000	1	1.20E-02
0	99.4180	100.3130	9.3000	1	3.17E-02
0	99.2170	100.4520	9.3000	1	2.44E-02
0	99.0270	100.4970	9.3000	1	1.95E-02
0	98.7210	100.3810	9.3000	1	3.27E-02
0	98.5820	100.1770	9.3000	1	2.47E-02
0	98.5380	99.9830	9.3000	1	1.99E-02
0	98.6590	99.6790	9.3000	1	3.27E-02
0	98.8660	99.5410	9.3000	1	2.49E-02
0	99.0500	99.5040	9.3000	1	1.88E-02
0	99.3420	99.6130	9.3000	1	3.12E-02
0	99.4890	99.8220	9.3000	1	2.56E-02
0	99.4930	99.8410	9.3000	1	1.94E-03
0	99.4930	99.8410	9.3500	1	3.85E-04
0	99.5050	99.9000	9.3500	1	4.63E-04
0	99.5310	100.0170	9.3500	1	1.20E-02
0	99.4180	100.3130	9.3500	1	3.17E-02
0	99.2170	100.4520	9.3500	1	2.44E-02
0	99.0270	100.4970	9.3500	1	1.95E-02
0	98.7210	100.3810	9.3500	1	3.27E-02
0	98.5820	100.1770	9.3500	1	2.47E-02
0	98.5380	99.9830	9.3500	1	1.99E-02
0	98.6590	99.6790	9.3500	1	3.27E-02
0	98.8660	99.5410	9.3500	1	2.49E-02
0	99.0520	99.5050	9.3500	1	1.89E-02
0	99.3430	99.6150	9.3500	1	3.11E-02
0	99.4890	99.8220	9.3500	1	2.53E-02
0	99.4930	99.8410	9.3500	1	1.94E-03
0	99.4930	99.8410	9.4000	1	3.85E-04
0	99.5070	99.9000	9.4000	1	4.66E-04
0	99.5300	100.0230	9.4000	1	1.25E-02
0	99.4150	100.3150	9.4000	1	3.14E-02
0	99.1940	100.4610	9.4000	1	2.65E-02
0	99.0100	100.4950	9.4000	1	1.87E-02
0	98.7190	100.3780	9.4000	1	3.14E-02
0	98.5750	100.1610	9.4000	1	2.60E-02
0	98.5390	99.9770	9.4000	1	1.87E-02
0	98.6620	99.6770	9.4000	1	3.24E-02
0	98.8640	99.5420	9.4000	1	2.43E-02
0	99.0540	99.5050	9.4000	1	1.94E-02
0	99.3430	99.6150	9.4000	1	3.09E-02
0	99.4960	99.8390	9.4000	1	2.71E-02
0	99.4960	99.8390	9.4500	1	3.85E-04
0	99.5070	99.9000	9.4500	1	4.77E-04
0	99.5300	100.0230	9.4500	1	1.25E-02
0	99.4150	100.3150	9.4500	1	3.14E-02
0	99.1940	100.4610	9.4500	1	2.65E-02
0	99.0100	100.4950	9.4500	1	1.87E-02
0	98.7190	100.3780	9.4500	1	3.14E-02
0	98.5750	100.1610	9.4500	1	2.60E-02
0	98.5390	99.9770	9.4500	1	1.87E-02
0	98.6620	99.6770	9.4500	1	3.24E-02
0	98.8640	99.5410	9.4500	1	2.44E-02
0	99.0560	99.5060	9.4500	1	1.95E-02
0	99.3430	99.6150	9.4500	1	3.07E-02
0	99.4960	99.8390	9.4500	1	2.71E-02
0	99.4960	99.8390	9.5000	1	3.85E-04
0	99.5070	99.9000	9.5000	1	4.77E-04
0	99.5300	100.0230	9.5000	1	1.25E-02
0	99.4150	100.3150	9.5000	1	3.14E-02
0	99.1940	100.4610	9.5000	1	2.65E-02
0	99.0100	100.4950	9.5000	1	1.87E-02
0	98.7190	100.3780	9.5000	1	3.14E-02
0	98.5750	100.1610	9.5000	1	2.60E-02
0	98.5390	99.9770	9.5000	1	1.87E-02
0	98.6620	99.6770	9.5000	1	3.24E-02
0	98.8640	99.5420	9.5000	1	2.43E-02
0	99.0570	99.5060	9.5000	1	1.96E-02
0	99.3430	99.6150	9.5000	1	3.06E-02
0	99.4960	99.8390	9.5000	1	2.71E-02
0	99.4960	99.8390	9.5500	1	3.85E-04
0	99.5070	99.9000	9.5500	1	4.77E-04
0	99.5300	100.0230	9.5500	1	1.25E-02
0	99.4150	100.3140	9.5500	1	3.13E-02
0	99.1950	100.4610	9.5500	1	2.65E-02
0	99.0100	100.4950	9.5500	1	1.88E-02
0	98.7190	100.3780	9.5500	1	3.14E-02
0	98.5750	100.1610	9.5500	1	2.60E-02
0	98.5390	99.9770	9.5500	1	1.87E-02
0	98.6620	99.6770	9.5500	1	3.24E-02
0	98.8640	99.5420	9.5500	1	2.43E-02
0	99.0600	99.5060	9.5500	1	1.99E-02
0	99.3430	99.6150	9.5500	1	3.03E-02
0	99.4960	99.8390	9.5500	1	2.71E-02
0	99.4960	99.8390	9.6000	1	3.85E-04
0	99.5010	99.9010	9.6000	1	4.78E-04
0	99.5250	100.0160	9.6000	1	1.17E-02
0	99.4130	100.3090	9.6000	1	3.14E-02
0	99.2190	100.4450	9.6000	1	2.37E-02
0	99.0260	100.4910	9.6000	1	1.98E-02
0	98.7250	100.3770	9.6000	1	3.22E-02
0	98.5870	100.1750	9.6000	1	2.45E-02
0	98.5440	99.9830	9.6000	1	1.97E-02
0	98.6640	99.6820	9.6000	1	3.24E-02
0	98.8680	99.5460	9.6000	1	2.45E-02
0	99.0510	99.5110	9.6000	1	1.86E-02
0	99.3400	99.6200	9.6000	1	3.09E-02
0	99.4870	99.8320	9.6000	1	2.58E-02
0	99.4890	99.8420	9.6000	1	1.02E-03
